hours_studied,sleep_hours,previous_score,tutoring,internet_access,family_income,school_type,parental_edu,exam_score
6.9,8.9,90.3,no,no,medium,public,high_school,100.0
7.6,7.9,60.7,yes,yes,medium,public,high_school,100.0
9.4,8.1,77.3,no,yes,medium,private,high_school,100.0
1.5,5.4,51.5,no,yes,high,private,master,78.2
7.0,6.0,55.9,no,yes,high,public,bachelor,100.0
1.0,9.7,66.9,no,yes,high,public,high_school,71.7
3.1,9.1,58.9,yes,no,low,private,bachelor,100.0
2.6,5.0,47.7,no,yes,medium,public,master,61.0
6.8,7.3,68.9,yes,yes,low,public,bachelor,100.0
10.1,6.9,70.7,yes,yes,medium,public,bachelor,100.0
1.6,6.7,49.5,yes,yes,medium,public,master,74.3
9.2,6.8,50.5,no,yes,medium,public,bachelor,95.3
1.7,7.9,41.8,no,yes,medium,public,high_school,81.8
2.3,9.8,41.8,no,yes,high,public,master,66.5
11.0,9.3,61.5,no,yes,medium,public,master,100.0
0.1,9.3,48.8,no,yes,high,public,bachelor,67.2
2.4,8.2,95.1,no,yes,high,public,bachelor,94.0
2.6,4.1,52.0,no,no,medium,private,high_school,84.4
3.4,6.6,44.0,no,no,medium,public,master,74.7
4.4,7.1,64.3,no,yes,low,private,bachelor,88.9
1.2,9.1,51.5,yes,yes,low,public,bachelor,85.7
5.6,9.5,43.7,yes,yes,medium,public,high_school,97.1
4.8,6.7,85.2,no,yes,medium,public,high_school,100.0
7.5,5.8,73.4,yes,yes,low,public,master,100.0
10.4,6.0,43.4,no,yes,high,private,bachelor,100.0
3.6,7.5,68.1,no,yes,medium,public,master,79.7
6.6,5.6,42.3,no,no,medium,public,master,88.5
4.5,9.5,61.3,no,yes,medium,private,master,86.8
0.5,6.5,61.8,no,yes,low,private,master,72.6
9.9,9.9,89.4,no,yes,low,private,bachelor,100.0
7.6,4.7,84.1,yes,yes,low,public,master,100.0
0.0,5.1,93.8,no,yes,high,private,high_school,79.0
3.0,7.1,48.4,no,yes,medium,public,bachelor,74.5
3.7,9.2,72.0,no,yes,low,public,master,99.8
9.7,6.1,41.2,no,yes,low,public,master,91.8
9.1,9.0,89.5,no,no,medium,private,bachelor,100.0
4.8,6.6,62.0,no,yes,medium,public,bachelor,97.9
1.9,9.1,44.2,yes,yes,medium,private,bachelor,69.0
4.6,5.7,59.5,no,yes,low,public,bachelor,90.8
9.7,6.8,57.2,yes,yes,high,private,bachelor,100.0
5.4,5.7,86.0,yes,yes,medium,public,master,100.0
1.4,5.3,47.6,yes,yes,medium,public,master,71.3
0.5,6.5,73.3,no,yes,medium,public,high_school,75.4
4.0,6.0,87.6,no,yes,low,private,bachelor,100.0
1.8,8.7,84.4,no,yes,medium,public,high_school,96.2
8.9,8.5,96.2,yes,yes,medium,public,bachelor,100.0
3.3,6.2,40.0,yes,yes,medium,public,high_school,85.6
10.5,10.0,61.2,no,no,high,public,master,100.0
7.4,9.8,62.2,yes,no,medium,public,bachelor,100.0
4.7,9.5,42.0,yes,yes,high,private,high_school,97.6
7.3,7.5,89.0,no,yes,medium,public,bachelor,100.0
3.5,6.5,81.3,yes,yes,low,public,high_school,99.1
1.7,5.9,71.7,yes,yes,low,private,high_school,85.4
11.6,4.1,64.3,no,yes,high,private,bachelor,100.0
6.8,7.8,93.7,no,yes,medium,private,high_school,100.0
0.1,7.3,55.9,no,yes,low,public,high_school,70.5
3.7,7.8,60.1,yes,yes,high,public,bachelor,96.6
1.9,7.5,97.2,yes,yes,high,private,high_school,97.7
3.1,4.8,43.9,yes,no,high,private,bachelor,77.4
0.7,8.2,86.8,yes,yes,medium,public,high_school,95.7
2.9,6.2,83.1,yes,no,low,private,bachelor,89.2
8.2,7.1,94.1,yes,no,low,public,bachelor,100.0
9.8,6.2,45.4,no,no,medium,private,master,100.0
4.2,4.1,98.2,no,yes,medium,private,high_school,97.1
6.3,9.3,41.7,yes,yes,low,public,master,88.2
0.5,4.9,60.3,yes,no,medium,private,high_school,78.4
1.1,7.5,45.1,no,no,medium,public,master,63.3
6.6,9.3,43.1,no,yes,medium,private,high_school,91.2
10.1,5.3,97.9,yes,yes,medium,public,master,100.0
1.1,6.5,83.2,yes,yes,low,private,master,82.0
5.0,6.3,70.3,no,yes,medium,public,high_school,92.9
11.6,4.5,46.5,yes,yes,medium,private,high_school,100.0
8.9,6.5,71.6,no,yes,low,public,bachelor,100.0
2.4,6.9,59.2,no,yes,high,private,bachelor,91.9
3.4,4.2,56.3,no,yes,low,public,bachelor,69.3
11.4,6.9,77.1,yes,no,medium,private,bachelor,100.0
2.7,4.6,87.5,no,yes,medium,public,bachelor,76.3
5.3,9.4,66.6,no,yes,medium,private,high_school,99.3
4.3,7.9,69.6,yes,no,medium,private,high_school,92.1
5.9,4.3,79.1,yes,yes,medium,private,high_school,96.6
2.8,9.0,47.5,no,yes,medium,public,high_school,69.9
8.0,6.2,89.7,no,yes,high,public,bachelor,100.0
2.8,5.4,90.2,no,yes,high,private,bachelor,84.0
7.2,5.5,72.5,no,yes,high,public,master,90.3
4.3,7.6,51.3,yes,yes,medium,private,high_school,91.6
3.0,4.5,70.0,no,yes,medium,public,bachelor,78.1
8.3,4.4,46.4,yes,yes,low,public,high_school,100.0
11.6,7.8,85.8,yes,yes,low,private,master,100.0
10.4,9.9,58.7,yes,yes,low,private,bachelor,100.0
1.0,6.9,58.7,no,yes,medium,public,bachelor,82.4
5.5,6.5,96.7,no,no,medium,public,bachelor,97.2
8.3,9.7,65.3,yes,yes,low,private,high_school,100.0
6.8,5.4,87.4,no,yes,high,public,high_school,98.4
8.7,5.4,78.2,no,yes,medium,public,bachelor,100.0
11.7,9.4,59.0,yes,yes,low,public,master,100.0
4.1,7.9,47.4,yes,yes,low,public,high_school,97.6
9.3,4.3,87.9,yes,yes,low,public,bachelor,100.0
1.1,8.0,85.8,no,yes,low,public,bachelor,98.8
10.4,8.9,50.1,no,yes,high,private,bachelor,100.0
9.3,5.6,54.9,no,yes,medium,private,bachelor,100.0
6.3,6.3,86.0,yes,yes,low,public,high_school,100.0
9.9,5.2,99.0,no,yes,low,public,bachelor,100.0
8.0,7.8,90.6,no,yes,medium,private,high_school,100.0
6.6,8.0,81.0,no,yes,high,public,bachelor,100.0
11.4,4.4,94.9,yes,yes,medium,private,high_school,100.0
1.6,8.1,57.1,no,yes,medium,public,high_school,78.6
11.9,8.0,40.6,no,yes,high,public,high_school,100.0
1.9,4.2,59.3,no,yes,medium,public,master,69.7
5.8,7.3,98.3,no,no,high,public,high_school,100.0
2.8,7.7,92.9,yes,yes,low,public,high_school,100.0
3.3,6.6,43.0,yes,yes,medium,public,high_school,82.1
7.6,9.4,70.1,no,yes,low,public,high_school,100.0
0.4,6.0,44.7,yes,yes,medium,private,bachelor,70.3
11.3,4.4,87.3,yes,no,medium,private,bachelor,100.0
3.4,8.0,62.4,yes,yes,medium,public,master,70.5
3.3,7.6,94.7,yes,yes,low,public,master,100.0
10.4,9.9,43.3,yes,no,medium,public,high_school,100.0
9.2,5.4,84.0,no,yes,medium,private,high_school,100.0
8.1,6.4,64.0,no,yes,high,private,bachelor,95.2
1.8,6.8,56.1,yes,yes,medium,private,master,67.3
9.2,9.2,71.0,no,no,medium,public,high_school,100.0
4.3,6.5,69.1,no,yes,medium,public,bachelor,83.1
11.9,8.6,60.9,no,yes,low,private,bachelor,100.0
8.1,4.9,78.9,no,no,medium,private,high_school,100.0
10.0,6.5,79.7,no,yes,medium,public,bachelor,100.0
8.8,4.9,44.6,yes,yes,medium,public,high_school,100.0
7.1,9.7,75.7,no,yes,high,public,bachelor,100.0
8.6,5.1,82.6,no,yes,medium,public,high_school,100.0
7.2,6.5,44.6,yes,no,low,public,high_school,93.6
0.6,4.5,79.5,no,yes,medium,private,high_school,64.1
4.1,9.5,88.2,no,yes,low,private,master,100.0
3.8,7.7,89.9,yes,yes,medium,public,master,100.0
8.6,9.8,42.5,no,yes,low,private,master,100.0
6.9,4.3,81.8,yes,yes,medium,public,high_school,100.0
7.3,5.0,87.8,yes,yes,medium,private,high_school,100.0
10.2,6.3,63.8,no,yes,low,public,high_school,100.0
6.3,7.7,72.6,no,yes,medium,private,bachelor,97.8
2.6,6.0,55.9,no,no,low,public,high_school,56.5
0.1,8.3,58.6,no,yes,high,public,high_school,59.6
1.9,5.0,70.1,yes,yes,high,public,high_school,80.6
0.4,7.6,49.1,yes,yes,medium,public,bachelor,62.2
2.8,6.4,62.2,no,yes,medium,public,high_school,78.9
7.6,7.0,58.1,yes,no,medium,public,master,94.7
1.8,7.4,54.3,no,no,medium,private,bachelor,81.6
1.0,4.4,69.0,yes,yes,low,private,high_school,74.6
11.7,9.5,90.3,no,yes,medium,public,high_school,100.0
12.0,8.7,54.5,no,yes,medium,private,high_school,100.0
7.6,6.7,79.6,yes,yes,high,private,high_school,100.0
1.3,7.3,55.3,no,no,high,private,high_school,54.8
9.9,4.2,48.5,no,no,low,public,bachelor,97.0
6.5,7.0,96.6,no,yes,medium,public,bachelor,100.0
2.2,6.6,78.0,no,yes,medium,public,high_school,84.3
6.9,6.2,46.3,yes,yes,high,public,bachelor,100.0
0.5,8.9,78.0,yes,yes,medium,private,master,92.4
11.7,5.1,50.6,no,yes,medium,private,bachelor,100.0
9.9,5.1,93.3,no,yes,medium,private,master,100.0
3.1,7.1,54.8,no,yes,medium,public,high_school,75.1
5.0,8.1,88.4,yes,yes,high,public,bachelor,100.0
4.7,4.1,52.0,yes,no,low,public,bachelor,92.6
10.3,7.3,73.5,no,yes,low,private,master,100.0
4.3,5.8,94.7,no,yes,medium,public,high_school,98.6
0.6,8.5,57.8,no,yes,low,public,master,67.3
2.6,6.8,44.9,no,no,medium,public,bachelor,71.9
2.6,9.0,73.2,no,yes,low,public,high_school,100.0
11.4,6.4,50.3,yes,yes,medium,public,high_school,100.0
11.1,9.0,83.7,no,no,low,private,high_school,100.0
3.6,8.3,75.4,no,yes,low,public,high_school,85.2
0.0,9.0,60.8,no,yes,medium,private,bachelor,57.9
6.2,8.9,82.3,yes,yes,high,private,bachelor,100.0
9.6,6.9,54.3,yes,no,medium,public,bachelor,100.0
3.2,6.2,95.0,yes,yes,low,private,bachelor,100.0
5.3,8.6,60.8,no,no,medium,public,master,95.9
2.1,6.2,85.8,yes,yes,high,private,high_school,97.5
3.9,4.5,55.5,no,yes,medium,private,high_school,68.9
9.1,9.2,82.9,yes,yes,medium,private,bachelor,100.0
5.1,6.4,41.9,yes,no,high,public,high_school,92.2
5.4,4.8,57.7,no,yes,low,private,high_school,96.1
9.5,7.9,45.6,no,yes,medium,private,bachelor,100.0
9.2,9.3,67.1,yes,yes,low,private,bachelor,100.0
2.2,9.2,66.1,yes,yes,high,public,master,93.1
5.0,7.3,61.5,no,yes,low,public,master,100.0
10.2,4.5,98.9,yes,yes,high,public,bachelor,100.0
5.5,8.2,54.6,no,yes,medium,private,master,87.6
7.9,7.7,87.5,yes,yes,low,public,high_school,100.0
3.7,5.3,66.8,no,yes,medium,private,master,86.2
0.7,9.4,60.1,yes,yes,high,public,high_school,78.4
2.0,4.5,52.2,yes,yes,low,public,master,72.7
4.8,6.2,78.0,no,yes,high,public,high_school,100.0
4.2,4.6,60.0,yes,yes,medium,private,bachelor,84.2
10.7,9.5,88.8,no,yes,low,public,bachelor,100.0
6.5,4.2,98.1,no,yes,low,public,high_school,100.0
7.5,6.6,53.6,yes,no,high,public,high_school,100.0
8.3,9.2,47.7,no,yes,high,private,bachelor,100.0
6.4,5.5,58.9,no,yes,high,private,high_school,91.6
9.2,4.6,68.0,no,no,medium,public,bachelor,100.0
9.4,4.8,58.1,no,yes,high,public,high_school,100.0
4.2,6.4,98.2,yes,no,medium,public,bachelor,100.0
1.0,6.6,86.8,yes,yes,low,public,high_school,88.8
11.8,8.3,98.0,yes,yes,medium,public,bachelor,100.0
7.7,5.4,62.4,no,yes,high,public,master,100.0
8.5,8.2,58.3,yes,yes,medium,public,master,100.0
9.1,10.0,64.4,yes,yes,medium,public,high_school,100.0
7.4,9.2,71.4,no,yes,medium,public,high_school,100.0
5.7,7.8,84.5,no,yes,medium,public,high_school,100.0
11.8,9.6,92.9,no,yes,low,public,master,100.0
8.7,9.9,67.8,no,yes,low,public,high_school,100.0
10.2,7.4,57.4,no,no,low,public,high_school,90.5
5.3,5.6,59.1,yes,yes,low,public,high_school,100.0
10.9,9.5,81.8,no,yes,medium,private,master,100.0
8.8,9.1,74.1,yes,no,low,public,master,100.0
9.0,4.5,69.2,no,yes,medium,private,bachelor,100.0
1.0,9.6,52.2,yes,no,medium,private,master,76.9
7.4,6.2,92.5,no,yes,medium,public,bachelor,100.0
4.0,5.9,86.9,yes,yes,low,public,bachelor,100.0
8.0,6.1,48.4,no,yes,medium,public,bachelor,100.0
6.8,5.9,62.0,no,yes,medium,private,high_school,100.0
1.3,7.1,72.5,yes,no,medium,private,high_school,80.6
6.4,7.5,67.3,yes,no,medium,private,bachelor,100.0
5.4,6.6,63.9,yes,yes,medium,public,high_school,98.7
9.3,6.5,83.1,no,yes,low,private,bachelor,100.0
6.0,8.4,43.3,no,yes,medium,private,bachelor,69.2
5.8,4.0,68.3,yes,yes,low,private,bachelor,95.3
8.6,9.7,55.7,yes,yes,medium,public,master,100.0
8.0,8.3,45.1,no,yes,medium,public,bachelor,96.3
11.9,8.2,67.9,no,yes,medium,private,high_school,100.0
4.2,6.5,50.3,yes,yes,medium,public,high_school,88.9
8.3,9.8,55.5,no,yes,medium,private,high_school,100.0
2.0,4.0,70.4,no,yes,medium,public,high_school,70.6
9.7,4.5,98.4,yes,yes,medium,public,high_school,100.0
9.4,8.8,81.1,no,yes,high,private,high_school,100.0
8.7,8.4,56.8,yes,yes,low,public,high_school,100.0
1.4,5.6,62.9,no,yes,medium,private,high_school,57.7
11.9,7.6,64.4,no,yes,medium,public,bachelor,100.0
11.3,7.2,49.2,no,yes,high,public,bachelor,100.0
4.4,7.2,49.6,no,yes,medium,public,high_school,78.3
6.9,7.6,48.9,no,yes,medium,public,bachelor,100.0
10.7,10.0,71.3,no,yes,low,private,high_school,100.0
5.9,9.9,80.5,yes,yes,medium,public,master,100.0
7.2,9.9,75.4,yes,yes,medium,public,high_school,100.0
7.2,7.3,98.7,no,no,high,public,master,100.0
7.8,5.9,47.6,yes,yes,low,public,high_school,99.3
6.9,7.4,99.2,yes,yes,low,private,master,100.0
4.9,7.7,68.0,no,yes,medium,public,master,100.0
6.5,5.9,53.1,yes,yes,medium,public,high_school,93.4
10.5,7.8,96.6,no,yes,low,private,bachelor,100.0
10.4,7.7,68.1,yes,yes,low,public,high_school,100.0
9.3,9.4,60.8,no,yes,high,public,high_school,100.0
5.0,5.4,52.8,no,yes,medium,public,high_school,76.3
9.4,8.2,56.1,no,yes,low,public,bachelor,100.0
4.7,6.7,98.8,yes,yes,low,private,high_school,100.0
8.0,4.8,58.2,no,yes,low,private,bachelor,96.8
6.8,5.9,98.7,no,no,medium,public,bachelor,100.0
3.6,4.3,59.8,no,yes,high,private,high_school,72.0
5.4,5.9,53.9,yes,yes,high,public,high_school,86.6
10.0,4.4,51.0,yes,no,medium,private,bachelor,100.0
11.0,9.6,64.7,yes,yes,medium,private,high_school,100.0
2.5,4.6,54.2,no,yes,medium,public,high_school,55.0
5.5,8.9,81.8,no,no,medium,public,bachelor,100.0
5.2,9.4,54.4,no,yes,medium,public,high_school,79.3
5.9,6.8,90.1,yes,yes,low,public,high_school,100.0
11.7,4.3,90.0,no,yes,low,public,master,100.0
6.2,7.6,57.1,no,yes,medium,public,master,87.9
10.0,5.4,85.2,no,yes,high,public,master,100.0
8.0,5.1,91.5,no,yes,medium,public,high_school,100.0
1.3,7.4,75.4,no,yes,low,public,high_school,73.6
8.3,6.1,62.0,yes,yes,low,public,bachelor,100.0
7.8,8.4,66.5,no,yes,medium,public,master,100.0
9.1,7.5,87.2,yes,yes,medium,public,high_school,100.0
0.9,9.0,57.6,no,yes,high,public,master,80.8
2.9,4.4,60.1,no,yes,medium,public,bachelor,67.5
9.2,5.4,49.6,no,no,high,private,master,100.0
4.4,7.4,63.9,yes,yes,medium,private,high_school,100.0
10.9,9.3,45.2,no,yes,high,public,high_school,100.0
6.2,8.9,59.3,yes,yes,medium,private,bachelor,100.0
0.0,8.1,62.4,no,yes,low,private,bachelor,72.5
8.4,7.4,55.3,no,yes,medium,public,bachelor,98.4
6.2,7.8,46.1,yes,yes,medium,public,master,87.8
3.8,5.3,71.3,no,yes,medium,private,master,90.6
0.2,7.6,91.9,no,yes,medium,public,high_school,75.9
2.4,7.0,60.1,no,yes,medium,public,bachelor,70.4
1.9,6.3,54.2,no,no,low,public,bachelor,57.3
7.0,9.3,57.1,no,yes,medium,public,master,97.6
9.2,9.0,91.7,no,yes,medium,public,bachelor,100.0
2.8,4.5,71.7,no,yes,low,public,bachelor,86.5
8.4,9.9,47.8,no,no,medium,public,high_school,95.1
10.8,5.4,82.6,yes,yes,low,private,bachelor,100.0
7.5,5.3,49.3,yes,no,high,private,high_school,88.3
9.3,9.7,43.6,yes,no,medium,private,bachelor,100.0
2.5,6.7,55.3,yes,no,low,public,master,85.0
0.9,8.8,50.1,no,yes,medium,public,high_school,69.3
4.4,5.7,76.3,yes,yes,medium,public,bachelor,98.0
8.5,9.2,69.1,yes,no,low,public,master,100.0
8.2,9.0,83.4,no,yes,high,public,high_school,100.0
11.5,7.1,70.7,no,yes,medium,public,high_school,100.0
7.6,8.2,65.1,yes,yes,low,public,bachelor,100.0
4.9,9.8,71.6,no,yes,medium,public,master,100.0
9.6,6.7,66.1,no,yes,low,private,bachelor,100.0
1.8,7.0,42.2,yes,yes,high,public,bachelor,79.4
9.8,8.3,80.8,yes,no,medium,public,high_school,100.0
4.4,6.3,97.7,no,yes,medium,private,master,100.0
1.8,9.8,65.3,yes,yes,medium,public,high_school,85.5
1.9,4.2,65.4,no,yes,low,private,high_school,88.8
11.8,6.4,42.7,no,yes,medium,private,bachelor,100.0
7.5,8.3,93.4,no,yes,low,public,bachelor,100.0
2.1,6.6,95.7,yes,yes,medium,private,bachelor,100.0
3.2,5.6,88.8,no,no,low,private,bachelor,97.8
4.5,6.5,46.4,yes,yes,low,public,master,100.0
0.7,9.3,94.0,no,yes,medium,private,high_school,96.7
1.3,7.3,41.4,yes,yes,high,public,bachelor,77.7
9.1,6.0,66.7,no,yes,medium,private,bachelor,100.0
9.4,8.0,70.0,no,yes,low,public,high_school,100.0
11.9,7.7,90.0,no,yes,medium,public,master,100.0
0.8,7.4,85.1,yes,yes,medium,public,high_school,84.7
10.7,6.3,87.8,no,yes,medium,public,high_school,100.0
3.8,4.4,92.1,yes,yes,medium,private,high_school,100.0
3.9,7.7,68.6,no,yes,medium,private,high_school,83.4
1.5,6.5,86.8,yes,yes,medium,private,high_school,100.0
11.8,6.6,44.1,yes,no,low,private,high_school,100.0
11.8,5.4,66.7,no,no,high,private,bachelor,100.0
10.4,5.5,41.8,yes,yes,medium,private,high_school,100.0
1.1,8.7,94.9,no,yes,medium,public,master,98.0
10.1,6.9,97.5,yes,yes,low,public,high_school,100.0
7.6,4.7,45.0,yes,yes,medium,public,bachelor,92.2
1.5,4.3,72.0,yes,yes,low,public,high_school,86.3
3.1,5.3,59.5,no,yes,medium,private,high_school,65.3
8.3,6.9,60.6,no,yes,medium,public,high_school,100.0
9.6,7.7,67.0,no,yes,low,public,high_school,100.0
10.2,4.9,47.5,yes,yes,high,public,bachelor,100.0
6.5,6.6,50.8,no,yes,low,private,bachelor,90.4
6.4,4.4,74.6,no,yes,medium,public,high_school,100.0
8.2,4.2,41.1,yes,yes,low,public,bachelor,84.4
9.3,9.2,76.0,yes,yes,medium,public,high_school,100.0
2.0,8.0,59.1,no,yes,low,public,high_school,79.7
8.9,8.7,89.9,no,yes,medium,public,high_school,100.0
4.1,5.1,76.0,no,no,low,private,bachelor,84.7
4.6,5.9,82.5,yes,yes,high,public,master,91.9
0.9,6.7,46.9,yes,yes,medium,private,bachelor,74.7
7.1,7.9,56.0,yes,yes,low,public,bachelor,100.0
1.1,7.2,99.8,no,yes,medium,public,high_school,83.9
11.0,7.3,66.0,no,yes,medium,private,bachelor,100.0
7.5,4.9,61.5,no,yes,high,public,high_school,100.0
11.9,6.8,92.4,no,no,medium,public,bachelor,100.0
2.9,8.9,42.0,no,yes,medium,public,master,73.0
8.2,7.1,72.1,yes,yes,medium,private,bachelor,100.0
11.6,5.2,52.6,no,no,high,public,bachelor,100.0
3.6,6.5,62.1,no,yes,medium,private,bachelor,94.1
1.2,8.5,52.0,yes,yes,medium,public,bachelor,78.0
7.6,4.8,42.3,yes,yes,medium,public,high_school,100.0
4.4,7.5,65.0,yes,yes,high,private,bachelor,100.0
3.3,9.8,87.4,yes,yes,high,private,bachelor,100.0
11.9,6.3,97.1,no,yes,high,private,bachelor,100.0
9.0,4.3,77.4,yes,yes,medium,private,high_school,100.0
5.8,7.8,63.3,no,yes,low,public,high_school,98.0
0.6,4.3,86.2,no,no,low,private,master,68.1
2.3,5.1,70.3,no,no,high,public,high_school,73.1
3.6,4.3,62.1,no,yes,high,public,master,61.6
5.8,5.0,50.7,no,yes,medium,public,master,84.0
6.0,9.1,87.8,yes,yes,low,private,master,100.0
0.3,8.4,70.0,yes,yes,medium,private,high_school,83.3
11.3,6.1,97.8,no,yes,medium,public,master,100.0
6.5,9.4,88.1,yes,yes,low,public,bachelor,100.0
0.2,8.0,65.2,no,yes,medium,public,high_school,60.9
8.4,6.7,84.5,no,yes,medium,public,high_school,100.0
0.9,4.4,67.2,no,yes,low,public,high_school,61.2
8.7,8.4,44.8,no,yes,high,public,high_school,100.0
8.4,6.3,71.0,no,yes,low,public,high_school,100.0
11.8,5.8,91.9,no,yes,high,private,master,100.0
4.1,5.7,91.3,yes,yes,medium,public,master,100.0
1.7,4.0,74.5,no,yes,low,private,bachelor,71.2
1.1,8.5,62.8,yes,yes,high,public,high_school,77.2
0.9,4.9,40.6,no,yes,medium,public,high_school,55.1
9.7,7.1,58.7,no,yes,high,public,bachelor,100.0
8.6,4.1,99.4,yes,yes,medium,public,bachelor,100.0
11.7,7.8,83.6,no,no,medium,private,master,100.0
3.7,6.2,83.1,yes,no,high,public,master,86.9
9.6,7.8,85.7,no,yes,low,private,master,100.0
1.1,4.5,77.2,no,no,low,private,high_school,76.3
10.8,5.6,75.2,no,no,low,public,high_school,100.0
0.6,4.7,67.2,no,yes,high,public,high_school,70.2
9.5,7.9,66.6,no,no,medium,public,high_school,100.0
3.7,4.7,92.3,yes,no,low,public,bachelor,90.7
2.2,7.7,63.6,yes,yes,low,private,master,78.6
8.5,4.8,90.4,yes,yes,medium,public,high_school,100.0
10.8,9.7,90.3,yes,yes,high,private,master,100.0
9.2,6.5,86.3,no,yes,high,public,high_school,100.0
3.8,4.8,42.3,no,no,high,public,bachelor,66.5
4.2,4.3,48.9,no,yes,medium,public,bachelor,89.5
2.3,6.0,58.9,yes,no,low,private,high_school,68.9
9.9,9.3,90.9,yes,yes,medium,public,bachelor,100.0
1.3,4.9,92.4,yes,yes,medium,public,high_school,82.8
10.8,8.7,42.5,no,no,medium,public,bachelor,100.0
7.2,6.5,59.5,no,no,medium,public,bachelor,100.0
7.1,8.8,91.0,no,yes,medium,public,high_school,100.0
10.1,9.2,55.0,yes,no,low,private,master,100.0
8.0,10.0,98.6,no,no,high,public,master,100.0
3.7,4.4,69.4,no,no,medium,private,high_school,66.5
4.2,8.8,96.2,yes,yes,medium,public,bachelor,100.0
2.1,4.4,65.7,no,no,low,public,bachelor,79.4
5.6,5.9,59.4,no,no,medium,public,bachelor,87.5
1.3,7.9,61.7,yes,no,high,private,bachelor,89.8
7.8,6.7,93.1,yes,yes,low,public,high_school,100.0
2.0,7.4,59.8,yes,yes,low,public,master,85.9
10.4,9.8,80.2,yes,no,low,public,high_school,100.0
8.4,8.9,68.2,yes,yes,medium,public,high_school,100.0
10.7,6.2,96.5,yes,no,medium,public,bachelor,100.0
1.0,7.6,49.6,yes,no,low,public,bachelor,72.8
9.6,4.3,65.7,no,no,medium,public,master,100.0
10.6,6.7,47.5,yes,yes,high,public,bachelor,100.0
0.5,7.7,74.7,yes,yes,low,public,high_school,81.8
12.0,8.3,64.2,yes,yes,medium,public,master,100.0
3.6,9.4,43.7,no,yes,medium,private,high_school,81.1
2.5,5.7,91.0,no,yes,medium,public,master,87.9
5.0,9.4,62.5,no,yes,medium,public,high_school,95.2
0.1,8.0,69.6,no,yes,low,private,high_school,64.7
10.6,4.5,64.5,yes,no,high,public,bachelor,100.0
3.2,6.3,69.3,no,yes,low,private,high_school,80.0
6.3,6.9,41.0,yes,yes,medium,private,high_school,100.0
7.5,6.1,88.9,no,yes,medium,public,bachelor,100.0
9.5,4.7,59.9,yes,yes,high,private,high_school,100.0
3.0,7.3,83.5,no,yes,medium,public,high_school,96.4
8.6,4.8,43.9,yes,yes,high,private,bachelor,100.0
1.4,9.5,71.4,no,yes,high,public,master,78.1
8.5,9.2,94.5,yes,yes,medium,public,high_school,100.0
11.0,6.9,63.9,no,no,high,private,bachelor,100.0
1.0,4.4,51.8,yes,yes,medium,public,high_school,61.9
1.4,7.3,45.9,no,no,low,public,high_school,58.0
6.7,7.6,91.5,yes,yes,low,public,high_school,100.0
0.6,9.3,54.3,no,no,high,private,bachelor,67.8
2.2,4.4,98.5,no,yes,medium,public,high_school,95.0
2.3,8.2,54.9,no,yes,medium,private,bachelor,65.0
5.8,7.4,68.9,no,no,high,private,bachelor,92.9
3.0,5.0,67.5,no,yes,high,public,master,86.9
5.7,4.7,43.7,yes,yes,low,private,master,77.4
6.3,8.2,71.9,yes,yes,medium,private,high_school,100.0
8.8,6.0,80.4,yes,yes,high,public,bachelor,100.0
11.4,10.0,84.5,no,yes,high,public,bachelor,100.0
6.0,9.4,71.4,yes,no,medium,public,master,95.6
4.3,7.4,88.8,no,yes,low,public,high_school,90.2
3.1,7.9,85.1,yes,yes,medium,private,bachelor,100.0
7.6,5.0,51.6,yes,yes,medium,public,master,100.0
11.3,9.4,64.1,no,yes,low,public,high_school,100.0
9.2,6.8,48.6,no,yes,medium,public,high_school,100.0
2.5,7.1,48.0,no,yes,medium,public,bachelor,63.4
10.7,9.2,82.7,yes,yes,medium,public,master,100.0
8.8,4.0,71.8,no,yes,medium,private,bachelor,100.0
1.5,7.0,76.1,no,yes,low,public,bachelor,68.9
8.6,7.8,83.9,no,yes,medium,public,high_school,100.0
3.5,5.0,56.6,yes,yes,medium,private,bachelor,96.2
5.9,4.4,64.1,no,no,low,private,high_school,100.0
3.6,7.2,76.4,yes,yes,low,public,high_school,93.4
1.0,7.3,45.8,no,yes,medium,public,bachelor,63.4
9.2,6.0,90.0,no,no,low,public,high_school,100.0
9.9,9.3,60.6,no,yes,low,public,high_school,100.0
2.8,5.8,79.5,no,yes,high,public,bachelor,77.6
2.9,7.1,99.7,yes,no,low,private,bachelor,100.0
5.2,5.1,68.5,no,yes,medium,public,bachelor,88.6
9.7,4.1,52.9,no,no,low,public,master,100.0
0.9,6.6,53.0,no,yes,high,public,high_school,54.8
9.7,7.2,43.6,yes,no,medium,public,high_school,100.0
11.1,8.6,86.0,no,yes,low,private,bachelor,100.0
6.7,6.7,57.6,no,no,medium,private,high_school,92.2
0.7,5.7,50.4,yes,no,medium,public,master,70.8
3.2,7.6,82.8,no,yes,high,public,bachelor,100.0
1.3,6.3,58.5,no,yes,medium,private,high_school,69.5
3.1,5.4,76.0,no,yes,low,public,bachelor,79.1
9.7,9.5,65.1,yes,yes,medium,private,high_school,100.0
0.7,7.2,60.0,no,yes,medium,public,high_school,67.6
3.4,5.2,69.4,yes,yes,medium,public,bachelor,100.0
6.2,8.0,58.8,no,no,medium,public,bachelor,90.7
10.5,8.8,92.2,no,no,medium,public,bachelor,100.0
3.0,8.6,44.4,yes,yes,low,public,bachelor,81.7
9.3,7.6,41.8,yes,yes,medium,public,bachelor,100.0
7.0,7.1,64.4,yes,yes,medium,public,high_school,100.0
8.1,8.7,50.4,yes,yes,high,private,master,100.0
10.3,8.2,84.6,yes,yes,low,public,high_school,100.0
0.3,7.4,61.2,no,no,high,public,high_school,70.2
6.4,7.9,55.7,no,yes,low,public,bachelor,100.0
9.0,5.0,61.6,no,yes,low,private,master,100.0
10.6,4.1,53.2,yes,yes,medium,public,high_school,100.0
1.6,9.6,58.0,yes,yes,medium,public,bachelor,82.0
4.1,9.6,74.1,yes,yes,medium,public,bachelor,96.5
0.9,8.7,91.8,no,no,medium,public,bachelor,100.0
10.0,6.2,62.3,no,yes,medium,public,high_school,100.0
10.3,4.9,59.2,no,yes,low,public,bachelor,100.0
5.8,6.1,86.9,yes,yes,medium,private,high_school,100.0
0.2,8.4,41.3,yes,yes,medium,public,high_school,69.4
1.2,6.0,58.1,no,yes,medium,public,bachelor,52.9
7.5,8.8,67.1,yes,yes,medium,public,bachelor,100.0
11.8,8.0,76.0,yes,yes,low,private,master,100.0
10.1,7.8,49.4,yes,no,high,private,high_school,100.0
9.6,9.6,66.0,no,no,high,private,high_school,100.0
5.0,9.4,74.0,no,yes,medium,private,high_school,100.0
11.8,8.3,70.6,yes,no,medium,public,high_school,100.0
9.9,5.2,74.5,no,yes,medium,public,bachelor,100.0
4.0,9.6,79.7,no,no,low,public,bachelor,100.0
9.0,5.4,62.8,no,yes,medium,private,high_school,98.6
5.2,6.2,43.8,no,yes,high,public,bachelor,89.6
7.9,9.0,43.3,no,no,medium,public,bachelor,98.5
11.6,5.3,91.5,no,yes,medium,private,bachelor,100.0
3.0,7.8,80.6,no,yes,high,private,master,78.4
9.5,6.7,85.9,no,yes,high,public,high_school,100.0
7.1,7.7,95.7,no,yes,medium,public,high_school,100.0
11.4,9.7,85.0,no,yes,low,private,bachelor,100.0
1.6,8.9,81.5,no,yes,low,public,bachelor,81.1
8.6,5.8,79.3,yes,yes,high,private,bachelor,100.0
0.4,4.3,55.5,no,yes,high,public,high_school,50.9
3.0,9.8,97.4,no,yes,medium,private,master,90.8
3.9,7.5,72.5,no,yes,low,public,bachelor,84.7
5.2,5.0,53.3,no,no,medium,private,bachelor,76.7
11.6,7.8,52.6,yes,yes,medium,public,bachelor,100.0
0.8,4.3,88.9,no,yes,low,public,bachelor,82.8
2.0,5.1,55.0,yes,no,high,public,master,70.2
2.4,7.8,42.5,yes,yes,low,public,bachelor,85.2
5.1,6.4,65.7,no,no,medium,public,high_school,95.8
0.7,6.0,89.0,yes,yes,medium,public,master,98.1
11.6,7.9,64.9,no,yes,high,public,bachelor,100.0
6.7,9.2,88.2,no,yes,medium,private,high_school,100.0
9.8,8.1,89.6,yes,no,low,public,bachelor,100.0
9.3,6.8,91.5,yes,yes,medium,private,high_school,100.0
7.9,8.0,75.3,no,yes,low,private,bachelor,100.0
10.9,8.2,82.0,yes,yes,medium,public,master,100.0
10.8,8.7,55.7,no,yes,medium,public,bachelor,100.0
1.5,5.8,46.0,yes,yes,medium,private,high_school,63.2
10.8,4.7,72.0,no,no,medium,public,master,100.0
6.3,8.1,40.6,yes,no,low,private,master,90.1
3.2,4.7,67.9,no,no,low,public,high_school,73.9
7.3,6.8,46.1,no,no,medium,private,bachelor,92.9
3.4,5.4,46.5,no,no,medium,private,master,76.2
5.7,6.0,92.2,no,no,medium,private,high_school,100.0
9.8,6.8,78.4,yes,no,high,private,high_school,100.0
0.4,9.4,78.7,yes,no,medium,public,bachelor,97.4
2.2,8.1,64.3,yes,yes,medium,public,high_school,88.4
11.5,5.0,64.8,no,yes,medium,public,high_school,100.0
5.3,9.3,58.2,no,yes,high,public,bachelor,92.1
3.6,7.0,66.1,no,yes,high,public,high_school,87.5
11.1,5.2,75.2,no,yes,medium,public,bachelor,100.0
10.9,7.2,51.2,no,yes,medium,private,high_school,100.0
0.5,5.1,55.7,no,yes,medium,public,high_school,57.8
4.3,6.2,69.7,no,yes,low,public,bachelor,74.5
11.0,8.8,63.1,no,no,medium,public,bachelor,100.0
2.2,8.0,89.2,yes,yes,low,private,master,100.0
6.9,6.9,89.3,yes,yes,low,public,high_school,100.0
3.8,5.4,60.2,no,yes,medium,public,high_school,83.8
8.8,5.7,67.0,no,yes,high,public,high_school,100.0
1.9,9.9,98.6,yes,yes,medium,public,bachelor,100.0
7.2,6.1,89.6,no,yes,high,private,bachelor,100.0
0.0,7.7,52.9,no,yes,medium,private,master,67.3
3.0,7.0,56.8,yes,no,high,private,master,80.3
1.9,4.1,45.0,no,yes,medium,private,high_school,63.2
2.5,9.7,80.7,no,yes,high,private,master,95.8
10.3,4.5,59.0,yes,no,medium,public,high_school,100.0
11.0,8.0,72.2,no,yes,high,public,bachelor,100.0
9.1,8.9,86.1,no,yes,high,public,bachelor,100.0
7.1,8.5,90.2,no,yes,medium,public,high_school,100.0
2.8,8.9,59.5,no,no,low,private,high_school,90.2
3.3,8.4,54.2,yes,yes,high,public,bachelor,92.5
3.7,6.7,90.9,no,yes,medium,private,bachelor,99.8
9.3,9.4,62.9,yes,yes,high,public,high_school,100.0
3.0,9.5,89.3,yes,no,medium,public,bachelor,100.0
11.7,6.6,49.0,no,yes,low,private,high_school,100.0
9.6,6.9,94.7,no,no,low,private,bachelor,100.0
12.0,6.9,69.0,no,yes,medium,public,bachelor,100.0
5.5,5.7,50.2,no,yes,low,public,master,92.1
7.1,4.7,72.1,no,yes,medium,public,master,100.0
3.4,5.6,92.2,yes,yes,medium,public,master,100.0
7.2,9.1,63.4,no,yes,medium,public,high_school,100.0
11.7,7.3,50.7,yes,yes,high,public,bachelor,100.0
0.4,9.1,74.6,no,yes,low,public,bachelor,80.1
3.5,8.5,90.1,yes,yes,medium,public,master,100.0
3.4,6.1,47.3,no,yes,medium,public,high_school,75.5
11.8,5.1,42.5,yes,yes,high,public,bachelor,100.0
1.6,7.4,43.4,no,yes,low,private,bachelor,64.8
9.7,9.6,53.8,no,yes,medium,public,high_school,100.0
3.3,9.0,40.4,yes,yes,high,public,bachelor,68.4
10.3,8.6,65.7,no,yes,medium,public,high_school,100.0
5.9,8.6,81.9,yes,yes,high,public,high_school,100.0
2.9,7.2,82.6,no,yes,high,public,high_school,88.5
8.5,5.0,78.2,no,yes,high,public,high_school,100.0
10.1,5.7,57.8,no,no,medium,public,high_school,100.0
5.6,7.5,84.2,no,yes,medium,private,bachelor,100.0
8.6,5.9,74.6,yes,no,low,private,master,100.0
2.2,8.7,91.7,yes,yes,low,private,bachelor,100.0
11.3,6.2,68.7,no,yes,low,private,high_school,100.0
1.2,4.7,50.8,no,yes,low,private,high_school,69.4
2.7,8.7,78.1,no,yes,low,private,bachelor,94.7
3.5,8.2,49.0,no,yes,low,private,master,81.3
1.8,5.5,97.8,no,no,low,public,high_school,91.7
4.9,9.9,82.2,no,yes,low,public,bachelor,100.0
5.5,6.4,85.4,no,yes,low,public,bachelor,100.0
6.2,8.1,80.8,yes,yes,medium,public,master,100.0
0.5,9.5,45.9,yes,yes,high,public,bachelor,96.4
2.6,4.9,67.9,no,no,high,public,bachelor,81.2
9.7,9.3,79.1,no,yes,high,private,high_school,100.0
9.7,8.2,53.8,yes,no,medium,private,high_school,100.0
4.0,5.0,80.8,yes,yes,low,private,bachelor,96.3
5.5,8.0,89.2,yes,yes,medium,public,bachelor,100.0
2.2,9.2,56.5,yes,yes,medium,private,master,89.6
9.9,8.8,52.0,no,yes,medium,private,bachelor,100.0
11.5,8.6,93.0,yes,yes,high,public,high_school,100.0
3.5,5.0,40.3,yes,yes,low,public,bachelor,63.5
9.4,5.1,55.3,no,no,medium,public,bachelor,89.5
4.2,7.3,64.4,no,yes,medium,public,bachelor,90.7
0.0,7.5,80.3,no,yes,high,public,master,66.7
7.2,9.7,99.8,no,yes,low,public,high_school,100.0
4.9,6.8,62.2,no,yes,low,public,bachelor,82.3
9.1,5.8,96.9,no,yes,medium,private,high_school,100.0
9.0,5.1,62.0,no,yes,high,public,high_school,100.0
11.4,4.3,81.7,no,yes,low,public,high_school,100.0
5.3,4.4,49.9,no,yes,medium,private,bachelor,84.3
5.8,7.4,67.6,yes,yes,low,public,master,100.0
4.8,5.1,92.3,no,yes,low,public,high_school,96.5
3.6,9.1,59.2,no,yes,medium,private,master,91.1
7.7,7.6,46.3,no,yes,medium,public,high_school,86.9
9.9,9.2,71.4,no,yes,high,public,bachelor,100.0
1.9,6.6,66.4,yes,yes,medium,private,bachelor,79.6
11.8,7.6,53.8,yes,yes,medium,private,bachelor,100.0
8.2,7.2,94.3,no,yes,low,public,high_school,100.0
9.4,9.9,76.1,no,yes,low,private,master,100.0
12.0,8.8,60.8,yes,yes,medium,private,bachelor,100.0
6.0,7.6,99.8,no,yes,low,private,master,100.0
0.9,7.6,48.3,yes,no,low,private,master,57.6
9.5,5.5,90.9,yes,no,medium,public,master,100.0
10.4,8.4,53.8,no,yes,high,public,high_school,100.0
1.9,9.9,54.4,no,yes,low,public,master,85.4
0.3,4.8,69.9,no,yes,medium,private,master,63.7
1.6,7.8,79.7,no,yes,low,private,high_school,80.6
3.9,7.1,81.4,no,yes,low,private,master,94.0
11.1,9.1,41.3,no,no,high,public,bachelor,100.0
0.0,4.0,57.2,yes,yes,medium,public,bachelor,54.0
9.6,4.8,79.6,no,yes,low,private,high_school,100.0
10.3,4.2,93.4,no,yes,high,public,high_school,100.0
9.7,5.0,80.2,no,yes,medium,public,bachelor,100.0
1.0,8.2,56.0,yes,no,medium,private,high_school,87.1
8.2,4.8,70.5,no,yes,medium,private,high_school,96.2
11.4,7.7,78.9,yes,yes,low,public,high_school,100.0
1.4,9.2,48.1,no,yes,medium,public,master,77.1
0.4,4.2,72.7,no,yes,low,public,bachelor,55.2
10.5,4.2,68.3,no,yes,low,private,bachelor,100.0
7.7,9.9,60.2,no,yes,medium,public,master,100.0
7.8,8.0,77.4,no,yes,low,public,high_school,100.0
11.6,4.8,78.2,no,yes,medium,private,high_school,100.0
9.2,5.8,98.3,yes,yes,medium,public,high_school,100.0
4.8,9.9,65.7,no,yes,medium,private,master,100.0
5.2,5.4,71.9,no,yes,medium,public,bachelor,89.0
1.7,8.5,49.5,no,no,high,public,bachelor,65.6
3.6,5.4,72.9,yes,yes,high,public,bachelor,95.9
5.3,6.4,42.2,yes,no,high,public,high_school,91.1
3.1,9.3,49.0,yes,yes,medium,private,bachelor,84.6
11.0,4.2,50.3,no,yes,medium,public,high_school,100.0
0.1,5.8,78.0,yes,yes,low,public,high_school,81.4
7.0,6.9,74.0,no,yes,medium,public,high_school,100.0
9.3,7.8,87.9,yes,yes,medium,public,high_school,100.0
8.8,4.2,67.9,no,yes,medium,public,high_school,100.0
7.7,6.5,68.5,yes,yes,medium,public,high_school,100.0
4.9,6.1,49.7,yes,yes,medium,public,master,83.1
11.0,4.2,84.6,yes,no,high,public,high_school,100.0
3.9,6.1,40.2,no,yes,low,public,bachelor,68.9
9.0,9.6,65.5,no,yes,medium,private,high_school,100.0
11.1,5.6,51.3,yes,yes,medium,public,high_school,100.0
1.5,7.5,86.3,no,yes,low,public,bachelor,85.6
11.4,5.8,80.4,yes,yes,high,public,bachelor,100.0
9.3,4.6,82.4,yes,yes,medium,private,high_school,100.0
7.4,5.7,48.9,yes,yes,medium,public,bachelor,100.0
4.5,6.8,80.1,no,yes,medium,private,high_school,80.1
10.9,5.8,81.5,no,yes,low,public,high_school,100.0
0.5,7.7,40.2,yes,yes,medium,public,bachelor,52.2
5.2,9.7,59.1,yes,yes,low,private,bachelor,100.0
9.1,4.4,45.2,no,no,medium,public,high_school,100.0
9.7,8.3,80.9,yes,yes,low,private,bachelor,100.0
2.4,4.0,52.7,yes,no,high,public,bachelor,79.0
0.6,4.0,55.9,no,yes,medium,public,bachelor,50.7
9.6,4.8,44.7,yes,yes,high,public,high_school,100.0
5.1,6.9,69.0,no,yes,medium,public,master,94.4
1.7,4.3,42.0,yes,yes,medium,public,high_school,66.0
1.0,8.3,90.7,yes,yes,medium,private,bachelor,100.0
7.7,4.2,41.6,no,yes,medium,private,bachelor,81.4
7.0,7.0,43.7,no,yes,low,public,high_school,94.9
10.2,8.1,78.4,no,yes,high,public,master,100.0
0.4,5.4,95.0,no,yes,medium,public,bachelor,63.4
10.4,7.5,93.5,no,no,high,public,bachelor,100.0
10.6,5.6,45.0,no,yes,medium,private,high_school,98.8
5.4,5.3,57.3,no,yes,low,private,high_school,91.5
0.9,8.9,71.3,no,yes,low,private,master,82.3
11.4,6.0,41.6,no,yes,medium,public,high_school,100.0
0.9,8.9,71.7,no,no,low,public,high_school,61.4
7.1,5.3,66.9,no,yes,low,private,high_school,100.0
5.9,6.1,75.3,yes,yes,low,public,high_school,97.2
10.0,4.6,95.2,yes,no,low,private,high_school,100.0
6.0,7.0,56.5,no,yes,low,public,master,89.0
5.6,6.3,78.3,yes,no,high,public,bachelor,100.0
10.6,4.0,65.8,no,yes,medium,public,bachelor,100.0
11.6,6.8,66.1,no,yes,low,public,master,100.0
6.6,4.4,78.8,no,yes,medium,public,high_school,100.0
5.5,9.0,97.1,yes,yes,low,private,master,100.0
10.0,7.0,91.8,no,yes,medium,public,high_school,100.0
10.0,8.1,78.4,yes,no,medium,public,high_school,100.0
3.8,8.9,67.7,no,yes,low,public,high_school,68.6
6.9,4.3,65.4,yes,yes,medium,public,bachelor,100.0
1.8,6.0,87.2,no,yes,medium,public,high_school,80.9
7.6,4.2,53.1,no,no,low,public,bachelor,99.3
10.0,4.3,75.3,no,no,high,public,high_school,95.9
2.3,4.2,70.3,no,yes,high,private,bachelor,84.4
3.9,6.9,79.0,no,no,medium,private,bachelor,92.0
5.4,6.7,51.2,no,no,low,private,master,100.0
10.1,4.4,81.7,no,yes,medium,private,master,100.0
8.8,5.6,77.6,no,yes,low,private,bachelor,100.0
3.8,5.5,50.8,no,yes,low,private,master,72.4
2.9,5.8,67.0,no,yes,high,public,bachelor,76.0
8.3,7.8,80.7,no,yes,low,public,bachelor,100.0
5.8,8.2,94.1,no,no,medium,private,high_school,100.0
7.1,6.0,47.3,no,yes,high,private,high_school,86.4
7.8,8.7,40.5,no,no,low,private,high_school,99.6
6.7,6.5,49.9,yes,no,medium,public,bachelor,96.8
7.4,7.1,99.4,yes,no,high,private,bachelor,100.0
10.7,4.9,86.1,no,yes,low,private,high_school,100.0
10.4,5.4,76.9,no,yes,medium,private,high_school,100.0
1.8,8.4,48.0,no,no,low,private,high_school,68.3
7.0,9.9,65.0,no,yes,medium,private,high_school,89.4
5.3,8.2,82.9,no,yes,medium,public,bachelor,94.5
3.4,4.3,93.8,yes,yes,medium,public,high_school,82.0
7.6,4.9,62.9,yes,yes,medium,private,bachelor,100.0
6.1,6.7,100.0,no,yes,low,public,high_school,100.0
9.3,8.4,48.4,no,yes,medium,private,high_school,100.0
1.1,5.0,63.2,yes,no,low,public,high_school,87.7
3.6,8.5,92.5,no,yes,high,private,high_school,100.0
0.3,7.3,79.0,no,yes,medium,public,high_school,77.9
9.0,8.6,88.7,no,yes,medium,public,high_school,100.0
10.9,7.3,94.5,no,yes,medium,public,high_school,100.0
7.0,7.6,70.4,no,yes,high,public,bachelor,93.9
7.4,5.5,54.1,yes,yes,medium,private,high_school,100.0
0.6,8.3,81.6,yes,yes,low,public,bachelor,100.0
6.0,9.1,73.8,yes,yes,high,private,bachelor,100.0
6.3,9.2,86.4,no,no,medium,public,bachelor,100.0
0.5,4.2,70.7,yes,yes,low,private,bachelor,86.3
9.4,7.7,88.7,no,yes,low,public,bachelor,100.0
3.3,9.9,94.1,no,yes,high,public,high_school,100.0
8.7,7.5,85.0,yes,yes,low,public,high_school,100.0
4.8,5.0,84.6,no,yes,medium,public,bachelor,98.8
11.9,9.3,75.2,yes,yes,low,private,bachelor,100.0
2.5,5.6,68.3,yes,yes,medium,public,bachelor,74.3
0.7,4.3,98.4,no,yes,low,public,master,71.2
11.8,6.6,78.7,yes,yes,low,public,bachelor,100.0
2.9,4.6,90.4,no,yes,medium,public,high_school,86.0
7.6,4.7,70.3,no,yes,high,private,bachelor,100.0
4.5,6.8,73.3,yes,yes,medium,public,master,99.0
7.7,7.7,79.8,yes,yes,low,public,bachelor,100.0
7.2,9.4,83.7,no,yes,low,public,master,100.0
8.5,8.2,66.9,no,yes,medium,private,high_school,100.0
0.2,9.1,61.4,yes,yes,medium,private,high_school,84.7
10.0,6.5,54.4,no,yes,medium,public,high_school,100.0
5.7,5.9,65.4,no,yes,medium,public,bachelor,96.4
6.2,7.6,52.7,yes,yes,medium,private,high_school,100.0
4.9,8.2,65.0,yes,yes,medium,public,bachelor,100.0
11.9,7.4,92.5,yes,no,medium,public,high_school,100.0
9.6,5.6,98.6,no,no,low,public,bachelor,100.0
3.7,6.2,74.6,no,yes,medium,public,master,96.0
9.4,6.7,48.8,no,yes,medium,private,high_school,100.0
5.2,4.1,65.7,yes,no,medium,public,high_school,99.8
10.4,9.3,76.1,no,yes,medium,public,high_school,100.0
0.4,7.1,62.2,no,yes,low,public,high_school,70.6
4.3,8.5,52.3,no,no,low,public,bachelor,74.9
5.2,5.0,53.6,no,no,low,private,bachelor,93.4
8.9,7.3,68.4,no,no,medium,public,bachelor,100.0
2.2,9.6,53.0,no,no,medium,private,high_school,96.2
3.4,5.3,55.0,no,yes,medium,public,high_school,97.2
8.7,6.1,92.4,yes,no,medium,public,high_school,100.0
0.9,6.3,86.7,no,yes,medium,public,high_school,82.1
2.4,6.3,43.3,no,no,medium,public,high_school,62.8
9.0,7.6,59.2,yes,yes,high,public,high_school,100.0
10.5,6.4,71.9,yes,yes,medium,public,high_school,100.0
8.7,8.0,43.6,no,yes,medium,private,bachelor,100.0
6.3,6.9,81.0,yes,yes,low,public,bachelor,100.0
1.2,4.9,63.1,yes,yes,medium,public,high_school,68.4
9.9,9.7,63.8,yes,yes,medium,public,master,100.0
1.5,5.4,55.9,yes,yes,high,public,high_school,66.9
4.6,7.4,60.0,no,yes,medium,private,bachelor,94.6
0.6,4.4,91.7,no,yes,low,private,bachelor,89.2
8.5,9.5,87.3,yes,no,medium,public,high_school,100.0
6.0,9.6,96.1,yes,yes,high,private,bachelor,100.0
10.9,6.2,81.9,yes,no,medium,public,master,100.0
1.7,4.7,74.7,no,no,low,public,high_school,68.4
9.8,8.6,55.6,yes,yes,medium,public,bachelor,100.0
6.1,5.6,80.0,no,yes,low,private,high_school,96.2
4.4,8.2,94.4,no,yes,high,public,high_school,100.0
7.7,9.5,44.1,no,no,medium,public,high_school,100.0
9.5,7.5,66.6,no,no,high,public,bachelor,100.0
5.3,9.2,49.0,no,yes,low,public,high_school,85.9
2.8,5.3,88.6,no,yes,high,public,high_school,87.1
11.0,9.5,76.8,no,no,low,public,high_school,100.0
3.8,5.4,92.8,no,yes,medium,private,high_school,100.0
12.0,5.4,43.8,no,yes,low,private,high_school,100.0
9.2,9.3,94.3,no,no,low,public,bachelor,100.0
8.3,7.3,44.0,yes,no,high,private,master,100.0
0.1,8.8,57.3,no,yes,low,public,bachelor,61.4
5.4,8.8,49.4,yes,yes,low,public,bachelor,88.1
6.0,7.9,48.7,no,no,high,public,master,99.3
4.5,5.1,50.3,yes,yes,medium,private,bachelor,69.7
1.8,8.2,68.8,no,no,medium,public,high_school,82.0
4.4,4.4,87.1,no,no,low,public,master,94.1
0.9,5.2,93.9,no,yes,medium,public,master,81.1
3.5,7.9,74.0,no,yes,medium,private,high_school,85.4
1.0,9.4,49.5,yes,yes,medium,private,bachelor,76.2
9.0,8.6,44.8,yes,yes,medium,private,bachelor,100.0
8.1,6.0,69.6,yes,yes,medium,public,bachelor,100.0
11.3,8.9,85.9,yes,yes,medium,public,master,100.0
4.6,9.8,77.2,no,yes,high,public,bachelor,100.0
9.4,6.0,75.0,no,yes,medium,public,bachelor,100.0
7.1,5.1,42.9,yes,yes,medium,public,master,92.6
7.8,5.2,64.7,yes,yes,medium,public,high_school,100.0
6.6,6.4,73.0,yes,yes,medium,private,bachelor,100.0
9.3,4.3,75.9,yes,no,medium,public,bachelor,100.0
0.5,6.9,40.3,yes,yes,high,public,master,75.7
1.0,8.4,52.0,yes,no,medium,private,master,72.4
1.2,7.2,97.0,no,yes,medium,private,bachelor,88.0
3.5,9.8,70.5,no,yes,medium,public,bachelor,90.1
7.1,6.8,82.2,yes,yes,low,private,bachelor,100.0
7.7,4.1,58.5,no,no,medium,private,bachelor,97.1
8.6,6.8,75.1,no,no,high,public,bachelor,100.0
3.4,9.6,61.4,no,no,low,private,high_school,82.6
7.8,4.6,57.8,no,yes,medium,private,bachelor,92.0
1.4,5.3,64.7,yes,yes,low,public,high_school,74.2
0.1,8.3,67.6,no,yes,medium,private,high_school,56.9
8.3,5.8,59.9,yes,no,medium,private,bachelor,100.0
8.6,8.6,55.5,no,yes,medium,private,master,100.0
7.5,6.5,77.4,yes,no,low,public,master,100.0
3.1,8.8,62.8,no,yes,high,public,bachelor,85.2
11.1,7.3,52.1,no,no,low,public,bachelor,100.0
10.5,4.5,85.5,no,yes,medium,public,bachelor,100.0
6.2,6.3,83.4,no,no,medium,private,high_school,94.7
11.9,6.0,93.2,no,yes,medium,private,high_school,100.0
3.6,8.9,73.3,no,yes,low,public,bachelor,91.8
5.9,7.7,56.8,no,yes,medium,private,high_school,88.3
11.1,8.7,91.8,no,no,medium,public,bachelor,100.0
5.5,6.2,56.8,no,yes,medium,public,bachelor,86.7
5.7,8.2,79.3,no,no,medium,public,master,100.0
1.0,4.4,51.4,no,yes,medium,public,bachelor,68.3
2.5,4.2,77.8,yes,yes,high,public,master,90.1
1.9,5.7,90.5,no,yes,medium,public,bachelor,95.7
6.8,8.6,72.4,yes,no,medium,private,master,100.0
3.8,7.2,68.3,no,yes,high,public,master,85.4
0.9,6.5,99.6,no,yes,medium,public,high_school,79.2
6.1,9.4,41.3,yes,yes,medium,private,master,97.8
8.0,7.0,59.9,yes,yes,medium,public,high_school,100.0
8.8,7.7,95.1,yes,yes,high,private,bachelor,100.0
10.1,9.9,78.6,no,yes,medium,public,master,100.0
5.8,7.1,72.5,yes,yes,medium,public,high_school,98.7
4.7,8.7,78.3,no,yes,low,public,master,88.8
8.2,6.5,59.3,yes,yes,low,public,master,100.0
0.2,4.2,44.3,no,no,medium,private,master,46.1
7.6,9.0,56.5,no,no,low,public,master,100.0
4.9,9.7,60.2,no,yes,low,public,high_school,97.8
5.4,6.6,68.8,yes,yes,high,public,bachelor,100.0
3.6,7.0,63.6,yes,yes,high,public,bachelor,89.2
1.5,6.5,71.3,no,yes,medium,public,high_school,77.3
4.8,10.0,51.8,no,no,medium,public,master,92.6
3.7,9.4,51.0,no,no,high,public,high_school,80.1
11.5,4.2,61.1,yes,yes,medium,public,bachelor,100.0
11.3,8.7,68.4,no,yes,low,public,high_school,100.0
7.7,7.6,60.5,yes,no,low,public,high_school,100.0
10.8,4.2,74.6,no,yes,low,private,bachelor,100.0
9.0,6.7,58.6,yes,yes,medium,private,bachelor,100.0
4.2,4.9,50.6,yes,yes,medium,private,high_school,94.0
7.2,9.2,91.8,no,no,medium,public,high_school,100.0
2.6,4.1,52.0,no,yes,medium,public,bachelor,67.4
8.2,9.2,98.0,yes,yes,medium,public,master,100.0
0.5,9.6,99.2,yes,yes,low,private,high_school,95.2
10.0,4.4,81.8,no,yes,medium,private,bachelor,100.0
7.0,8.3,70.1,no,yes,high,private,high_school,100.0
0.7,7.3,87.7,no,yes,high,public,master,65.0
10.5,9.7,92.4,yes,yes,low,public,high_school,100.0
10.5,8.8,82.6,no,yes,low,public,high_school,100.0
10.2,8.2,46.1,no,yes,medium,public,high_school,100.0
9.3,9.6,40.2,no,no,medium,public,bachelor,100.0
8.1,5.0,51.5,yes,yes,medium,public,master,95.7
4.8,6.3,51.3,no,no,medium,private,master,69.6
1.6,9.1,51.0,no,yes,medium,private,bachelor,68.3
3.5,4.6,70.6,no,yes,low,public,high_school,74.2
4.2,9.6,71.2,yes,yes,high,private,high_school,100.0
4.3,8.5,83.4,no,yes,low,private,master,100.0
6.8,6.6,52.1,no,yes,low,public,bachelor,100.0
2.5,6.0,45.6,no,yes,low,public,bachelor,73.7
2.3,4.9,80.0,no,yes,high,private,bachelor,76.5
8.6,4.6,69.0,no,no,low,public,high_school,100.0
0.1,6.5,80.0,yes,no,high,private,master,85.2
1.8,9.1,62.8,no,yes,low,public,bachelor,82.8
5.2,7.2,85.0,no,yes,low,public,bachelor,86.2
1.8,6.7,81.0,yes,yes,medium,public,bachelor,89.3
11.5,5.9,79.0,no,yes,high,public,master,100.0
8.0,4.9,41.7,yes,no,medium,private,high_school,100.0
5.2,9.9,91.5,no,yes,low,public,high_school,100.0
1.3,4.2,62.6,yes,yes,high,private,high_school,72.0
4.6,5.9,48.1,no,yes,low,private,high_school,77.8
7.8,8.6,85.3,no,yes,medium,private,bachelor,100.0
11.6,7.1,69.2,yes,yes,medium,private,bachelor,100.0
5.7,5.9,41.9,no,yes,low,public,master,83.4
8.3,10.0,86.9,no,yes,medium,private,bachelor,100.0
2.3,7.7,66.1,no,yes,medium,public,bachelor,76.6
7.5,5.8,85.3,yes,yes,high,public,master,100.0
2.9,9.1,85.3,yes,yes,medium,public,master,95.4
2.4,4.9,46.0,no,no,medium,public,bachelor,73.7
6.1,6.8,76.8,no,no,medium,public,high_school,100.0
2.5,9.0,61.6,yes,yes,medium,public,high_school,93.6
8.7,9.9,72.8,yes,yes,medium,public,high_school,100.0
11.2,6.3,45.3,no,no,low,public,master,89.1
4.7,4.8,75.3,yes,no,medium,public,bachelor,100.0
3.9,7.4,86.7,yes,yes,medium,public,bachelor,86.5
2.1,9.7,99.2,yes,no,medium,private,master,100.0
4.7,8.0,59.2,no,yes,low,public,bachelor,89.8
6.7,7.6,49.3,yes,yes,medium,public,high_school,94.8
4.5,5.9,62.0,yes,yes,high,public,high_school,96.1
7.5,7.6,41.2,yes,yes,low,public,master,100.0
7.9,9.3,64.5,no,yes,medium,private,bachelor,100.0
1.2,6.3,94.9,no,yes,low,public,bachelor,95.7
8.4,5.5,51.7,no,yes,medium,private,high_school,86.8
10.8,6.9,68.7,no,yes,medium,private,high_school,100.0
0.3,6.3,74.4,no,yes,medium,private,high_school,61.2
6.6,6.8,50.8,no,yes,low,public,bachelor,80.5
7.2,4.6,59.8,no,yes,medium,private,bachelor,96.4
8.5,6.0,94.7,yes,yes,high,public,master,100.0
4.6,9.0,57.7,yes,yes,low,private,master,100.0
9.8,6.4,78.1,yes,yes,low,private,bachelor,100.0
6.5,9.8,48.2,no,yes,high,public,master,100.0
4.9,8.3,80.2,no,yes,low,public,master,100.0
8.6,6.2,56.7,yes,yes,medium,public,bachelor,100.0
11.1,5.5,53.9,no,yes,low,private,bachelor,100.0
9.7,8.1,47.4,no,no,low,private,high_school,100.0
11.2,5.8,42.8,no,yes,medium,public,high_school,100.0
3.2,9.6,98.1,yes,yes,medium,private,master,100.0
1.4,4.7,64.8,yes,yes,low,private,master,84.7
6.4,4.2,86.7,yes,yes,medium,private,high_school,100.0
0.5,5.3,95.2,no,yes,medium,public,high_school,72.5
8.1,7.6,52.2,yes,yes,medium,public,bachelor,100.0
2.9,9.0,92.2,no,yes,high,private,bachelor,100.0
5.5,5.0,82.5,no,yes,medium,public,high_school,89.9
7.9,7.5,74.7,no,yes,low,public,bachelor,100.0
5.8,4.9,88.5,no,yes,low,private,high_school,100.0
2.8,7.4,46.6,yes,yes,medium,private,high_school,86.6
10.6,4.1,55.8,no,yes,high,public,master,100.0
9.2,7.3,47.9,no,yes,low,public,bachelor,100.0
7.2,7.1,93.8,no,yes,high,private,bachelor,100.0
8.4,4.3,45.9,no,yes,low,public,master,94.1
5.0,8.1,98.8,no,yes,low,public,master,100.0
4.5,7.4,46.6,no,no,high,private,high_school,72.8
1.9,7.7,79.7,no,yes,low,public,high_school,77.8
9.6,7.2,79.6,no,yes,medium,public,high_school,100.0
4.6,8.3,95.9,no,yes,medium,public,master,100.0
8.3,7.2,59.4,no,yes,low,public,master,100.0
3.6,9.5,59.9,no,yes,medium,private,high_school,81.8
9.6,9.7,90.8,yes,yes,high,private,bachelor,100.0
1.3,8.4,98.7,no,yes,medium,public,bachelor,90.6
7.5,9.5,41.8,yes,yes,medium,public,high_school,89.8
9.7,9.5,78.1,no,yes,medium,public,bachelor,100.0
7.9,5.6,54.6,no,no,low,public,high_school,98.6
8.4,10.0,83.7,yes,yes,medium,private,high_school,100.0
6.3,5.6,86.4,yes,yes,medium,public,high_school,100.0
6.7,4.1,85.8,yes,yes,medium,private,master,100.0
0.8,9.8,66.1,yes,no,medium,public,master,82.5
3.0,5.3,49.5,yes,no,low,public,master,85.2
8.7,7.5,75.1,no,yes,medium,public,master,100.0
11.3,9.8,87.3,no,yes,high,private,high_school,100.0
6.5,4.3,94.7,no,yes,low,public,master,100.0
8.7,5.6,67.2,yes,yes,low,public,high_school,100.0
8.2,7.7,54.7,no,yes,medium,public,master,100.0
12.0,8.6,47.1,yes,yes,medium,private,bachelor,100.0
9.5,8.8,87.9,yes,no,low,private,high_school,100.0
7.5,9.3,72.1,no,no,medium,public,high_school,100.0
1.4,5.0,80.5,yes,yes,medium,public,bachelor,78.9
4.4,6.2,49.6,yes,yes,low,public,bachelor,80.1
3.0,8.3,40.4,yes,yes,medium,private,bachelor,84.6
10.2,8.3,98.1,no,yes,low,private,master,100.0
5.4,5.8,88.7,yes,yes,medium,public,high_school,100.0
6.4,5.8,64.0,yes,yes,medium,private,bachelor,100.0
11.6,5.9,67.4,no,yes,medium,public,bachelor,100.0
10.0,9.4,95.7,yes,no,low,public,high_school,100.0
9.5,9.5,52.5,yes,yes,medium,private,high_school,100.0
1.7,4.1,88.2,yes,yes,low,public,master,74.9
0.3,6.0,41.1,no,yes,low,private,bachelor,54.1
1.5,6.4,92.5,no,yes,low,public,bachelor,81.1
8.9,9.9,75.4,no,yes,low,public,high_school,100.0
4.9,9.7,68.7,yes,no,high,public,high_school,100.0
1.4,7.8,82.4,no,yes,medium,private,high_school,90.3
8.9,4.3,44.1,no,no,high,public,high_school,91.3
2.3,5.1,51.7,yes,yes,low,public,high_school,83.7
7.1,6.6,64.4,no,yes,medium,public,high_school,100.0
8.9,9.8,77.1,no,yes,low,public,high_school,100.0
7.3,4.6,48.7,no,no,low,public,master,89.4
11.9,8.7,62.8,no,yes,medium,public,high_school,100.0
5.2,5.1,55.7,no,yes,medium,public,bachelor,85.8
3.7,7.0,78.7,no,no,low,public,high_school,92.8
2.4,8.6,95.2,no,yes,medium,private,bachelor,80.6
6.0,8.2,50.0,no,no,low,public,high_school,88.3
10.2,8.7,51.4,yes,yes,medium,public,high_school,100.0
11.4,8.9,76.0,yes,yes,medium,public,master,100.0
11.7,5.8,67.2,no,yes,medium,private,bachelor,100.0
6.4,6.2,83.1,no,yes,medium,public,high_school,100.0
7.3,8.9,57.3,yes,no,medium,private,high_school,100.0
7.0,4.2,72.7,no,yes,medium,private,bachelor,100.0
5.6,7.1,63.2,no,yes,medium,private,bachelor,87.6
1.8,9.5,56.9,yes,yes,medium,private,high_school,82.5
0.8,9.3,83.8,no,yes,medium,public,bachelor,89.0
5.2,8.8,87.8,no,yes,medium,public,high_school,100.0
2.2,4.1,59.7,yes,yes,low,public,bachelor,86.1
10.6,9.3,77.4,yes,yes,high,private,bachelor,100.0
9.1,9.5,50.7,no,no,medium,public,high_school,96.6
7.4,8.0,87.5,no,yes,medium,private,bachelor,100.0
0.6,5.8,56.9,no,no,high,public,high_school,67.7
7.5,6.9,50.3,yes,no,high,private,high_school,100.0
7.5,8.6,96.4,yes,no,medium,private,master,100.0
5.3,8.9,65.3,no,yes,low,public,high_school,89.2
7.9,6.1,78.6,no,no,medium,private,bachelor,100.0
10.3,6.0,88.6,no,yes,low,public,high_school,100.0
9.1,8.4,81.2,yes,yes,medium,private,high_school,100.0
5.7,8.1,73.9,no,no,medium,private,bachelor,100.0
3.1,7.1,62.3,no,yes,medium,private,bachelor,76.3
5.7,6.5,95.1,no,yes,medium,public,bachelor,100.0
11.4,7.9,48.0,no,yes,medium,public,bachelor,100.0
9.8,4.2,93.0,no,yes,low,private,bachelor,100.0
0.3,4.5,82.6,no,yes,medium,private,bachelor,69.5
9.4,7.4,74.3,yes,no,medium,public,bachelor,100.0
2.0,5.3,59.5,yes,yes,medium,private,master,84.4
6.9,8.6,48.8,no,yes,high,public,bachelor,95.5
9.7,8.6,66.6,yes,yes,medium,public,high_school,100.0
6.7,8.3,87.0,no,yes,medium,private,bachelor,100.0
4.8,9.4,84.7,no,yes,medium,public,bachelor,100.0
3.9,4.8,78.7,no,yes,medium,public,high_school,84.0
3.7,5.6,99.5,yes,yes,medium,private,high_school,100.0
10.0,5.5,98.4,yes,yes,low,public,bachelor,100.0
9.9,8.7,64.0,yes,yes,medium,public,master,100.0
9.9,7.1,51.6,no,yes,medium,public,high_school,100.0
3.4,5.5,67.8,yes,no,high,public,high_school,81.5
9.6,4.8,90.7,yes,yes,medium,public,bachelor,100.0
0.4,9.4,67.5,yes,yes,high,private,high_school,91.5
2.5,8.2,60.2,no,no,low,private,master,89.3
6.2,7.2,84.5,no,yes,medium,public,bachelor,96.7
4.9,9.8,79.0,no,no,high,private,bachelor,99.3
1.3,9.1,98.1,yes,yes,medium,private,high_school,94.5
0.5,5.1,73.0,no,yes,medium,public,high_school,84.9
7.3,7.0,98.0,no,yes,medium,public,high_school,100.0
3.8,6.9,57.5,yes,yes,high,private,bachelor,84.2
0.2,9.1,91.9,yes,yes,high,public,master,87.4
5.2,4.9,61.1,yes,yes,medium,public,bachelor,100.0
3.7,6.7,88.6,yes,yes,medium,private,bachelor,100.0
6.9,7.8,95.6,no,yes,high,private,master,100.0
11.2,9.7,77.4,no,yes,low,private,master,100.0
3.7,9.4,83.7,yes,yes,medium,public,bachelor,100.0
12.0,7.2,97.5,no,yes,high,private,high_school,100.0
1.0,7.6,62.5,no,yes,medium,private,high_school,65.5
1.1,9.1,70.7,yes,yes,medium,public,high_school,85.1
8.6,8.5,93.9,yes,yes,medium,private,high_school,100.0
9.0,9.3,80.4,no,no,low,public,high_school,100.0
5.1,9.4,92.4,no,yes,high,public,master,100.0
3.4,9.0,77.1,yes,yes,medium,private,bachelor,97.4
9.5,4.1,84.4,no,yes,medium,public,bachelor,100.0
11.5,5.9,40.8,no,yes,medium,public,bachelor,100.0
11.9,6.4,60.4,no,no,medium,public,high_school,100.0
7.6,8.1,86.2,no,yes,medium,public,high_school,100.0
8.9,5.8,64.2,no,yes,medium,public,bachelor,100.0
9.9,5.9,61.8,no,no,medium,public,high_school,100.0
9.6,6.4,97.1,no,yes,medium,public,high_school,100.0
11.9,9.7,73.2,yes,yes,low,public,high_school,100.0
9.7,6.6,51.5,no,yes,high,public,high_school,100.0
8.0,4.8,68.3,yes,yes,medium,private,high_school,100.0
4.5,4.0,71.1,no,yes,low,private,high_school,87.3
7.2,5.4,99.3,yes,yes,medium,public,master,100.0
10.6,9.6,83.1,yes,yes,low,public,bachelor,100.0
3.7,9.7,71.2,yes,yes,medium,public,bachelor,100.0
0.4,7.2,65.9,no,no,medium,public,bachelor,76.6
3.9,7.9,94.9,no,yes,low,private,bachelor,100.0
11.5,8.8,78.8,no,yes,low,private,bachelor,100.0
9.5,4.3,61.4,no,yes,low,public,master,90.5
2.2,6.2,67.9,no,yes,high,public,high_school,88.4
0.1,7.9,56.7,no,yes,medium,public,bachelor,67.4
8.0,9.4,97.6,no,yes,medium,public,master,100.0
6.9,8.4,82.1,no,yes,medium,public,high_school,100.0
1.0,6.1,63.5,yes,no,medium,private,high_school,82.6
11.6,9.5,51.0,no,yes,medium,public,bachelor,100.0
7.4,8.0,50.6,no,yes,low,private,master,100.0
7.8,9.0,68.7,no,yes,low,private,high_school,100.0
10.2,6.3,68.1,yes,yes,medium,public,bachelor,100.0
4.0,4.0,65.1,yes,yes,high,public,master,100.0
6.7,5.0,91.1,no,yes,low,private,high_school,100.0
6.9,9.6,98.8,yes,yes,low,public,high_school,100.0
11.6,4.2,61.3,no,yes,low,public,master,100.0
1.6,7.6,57.7,yes,yes,medium,private,master,86.3
9.1,6.5,86.2,no,yes,low,public,bachelor,100.0
6.9,6.6,67.0,no,no,low,public,high_school,93.5
10.1,6.4,53.1,yes,yes,medium,public,master,100.0
10.0,4.4,50.9,yes,yes,low,private,master,100.0
0.1,4.7,56.8,yes,no,low,private,bachelor,72.0
3.1,4.4,40.1,no,yes,medium,public,high_school,61.8
2.2,4.3,96.5,no,yes,medium,public,bachelor,86.2
5.5,4.5,65.8,no,yes,high,public,high_school,87.3
10.9,8.2,45.0,yes,yes,medium,private,high_school,100.0
0.1,4.7,49.9,yes,no,low,private,bachelor,74.5
5.9,5.6,59.4,no,yes,medium,public,high_school,84.0
10.6,7.9,73.1,yes,yes,medium,private,high_school,100.0
11.1,4.7,82.2,yes,no,low,private,bachelor,100.0
7.9,9.5,58.5,no,yes,low,private,high_school,100.0
10.0,6.9,97.5,no,no,low,private,high_school,100.0
3.9,9.8,85.6,yes,yes,high,public,high_school,100.0
3.4,5.2,89.5,yes,no,high,private,bachelor,100.0
0.6,4.2,59.4,no,yes,medium,public,high_school,62.8
6.0,7.5,62.9,no,yes,low,private,bachelor,97.4
5.5,6.0,72.3,yes,yes,medium,private,high_school,100.0
4.5,7.4,67.1,yes,yes,medium,public,high_school,95.6
1.4,6.8,55.6,no,yes,medium,private,master,68.0
2.8,6.7,99.8,no,yes,high,public,high_school,98.5
2.4,9.1,90.9,yes,yes,medium,public,bachelor,100.0
11.3,5.2,54.3,no,no,high,public,bachelor,100.0
11.6,7.0,93.5,no,no,high,public,high_school,100.0
0.0,6.5,75.2,yes,yes,medium,public,high_school,71.4
2.0,8.0,40.8,no,yes,medium,public,master,72.2
10.7,4.3,60.8,no,yes,medium,public,bachelor,100.0
0.5,7.2,41.5,yes,yes,medium,public,bachelor,67.1
11.3,6.9,45.3,yes,yes,medium,private,bachelor,100.0
4.6,9.8,50.7,no,yes,medium,public,high_school,88.5
6.5,8.5,69.1,no,yes,medium,public,bachelor,100.0
9.2,4.9,62.9,yes,no,medium,private,bachelor,100.0
2.9,7.1,48.9,no,no,high,private,bachelor,83.5
1.2,8.7,63.7,yes,yes,low,private,bachelor,92.0
9.7,7.1,58.3,no,no,medium,private,bachelor,100.0
11.8,6.1,64.6,no,yes,high,public,high_school,100.0
7.9,6.3,50.3,yes,no,low,private,bachelor,100.0
9.9,6.2,76.6,yes,yes,high,private,bachelor,100.0
11.3,4.1,42.7,no,yes,medium,private,bachelor,100.0
2.7,8.4,63.3,no,yes,high,public,bachelor,83.4
4.2,7.7,93.7,no,yes,high,public,high_school,91.3
2.6,5.6,65.2,no,yes,medium,private,bachelor,70.4
0.7,7.8,66.5,no,yes,low,public,master,81.8
8.8,5.9,44.1,no,yes,medium,public,bachelor,95.3
1.7,5.5,76.3,yes,no,low,private,bachelor,79.2
1.1,8.4,96.2,no,yes,high,public,master,100.0
4.3,8.9,57.5,no,no,medium,public,high_school,85.7
0.7,7.8,63.6,yes,no,low,private,bachelor,85.2
2.2,8.7,75.3,yes,yes,medium,private,bachelor,92.0
0.8,6.2,45.6,yes,yes,low,public,bachelor,76.6
10.5,4.4,97.0,yes,no,medium,public,high_school,100.0
9.4,7.6,68.1,no,no,medium,private,bachelor,100.0
10.3,5.5,46.9,yes,yes,low,private,high_school,100.0
10.4,8.7,60.1,no,yes,medium,private,master,100.0
11.3,6.1,62.4,yes,no,low,public,master,100.0
2.2,8.0,60.7,no,yes,low,private,high_school,67.7
10.8,7.3,81.6,no,yes,low,public,bachelor,100.0
6.3,8.9,60.7,yes,yes,high,private,master,100.0
2.0,9.0,59.4,no,yes,medium,public,high_school,79.4
7.9,4.4,59.3,no,yes,medium,public,high_school,82.5
3.9,5.8,86.7,no,yes,medium,public,bachelor,91.4
0.6,9.2,58.5,no,yes,medium,private,bachelor,73.7
0.9,6.4,40.8,no,yes,low,private,bachelor,62.5
5.1,7.1,61.9,no,yes,low,public,master,83.6
9.9,5.1,56.7,yes,no,low,public,master,100.0
3.7,7.3,94.5,no,yes,low,public,master,94.9
9.2,5.6,68.7,yes,yes,medium,public,high_school,100.0
0.7,9.0,54.1,no,yes,low,public,high_school,70.4
4.7,5.2,98.9,yes,yes,medium,private,master,100.0
1.5,6.2,54.8,yes,yes,low,private,bachelor,79.2
10.4,4.6,85.8,no,yes,medium,private,high_school,100.0
11.6,7.5,79.0,yes,yes,high,private,bachelor,100.0
3.9,9.7,67.7,yes,yes,low,public,master,93.4
11.9,5.0,64.4,no,yes,low,public,high_school,100.0
9.0,4.1,92.3,no,yes,medium,private,master,100.0
0.0,6.5,68.5,no,no,low,public,bachelor,61.8
5.8,8.5,62.5,yes,yes,low,public,bachelor,100.0
10.0,9.9,61.3,no,yes,low,public,high_school,100.0
6.4,4.3,56.6,no,no,high,public,bachelor,85.2
6.6,8.7,64.5,no,yes,medium,public,bachelor,97.1
5.4,6.2,47.2,no,yes,high,public,bachelor,76.3
4.7,4.9,43.9,no,yes,medium,public,bachelor,79.9
0.3,5.2,72.5,no,yes,high,public,bachelor,69.1
7.5,9.5,67.3,no,no,high,private,high_school,100.0
9.2,8.9,50.4,no,yes,high,public,master,100.0
9.5,5.9,46.4,yes,yes,low,public,master,100.0
7.5,9.6,48.6,yes,yes,medium,public,high_school,100.0
4.1,4.6,58.9,yes,yes,medium,public,master,85.3
0.3,5.9,67.1,no,yes,medium,private,bachelor,75.9
10.7,7.9,51.6,yes,yes,medium,private,bachelor,100.0
5.1,10.0,85.3,yes,yes,medium,public,high_school,100.0
7.2,6.8,51.6,no,yes,high,public,high_school,87.0
2.3,8.9,47.4,yes,yes,high,public,bachelor,90.6
1.7,9.5,99.7,no,yes,high,public,bachelor,100.0
1.0,4.1,66.9,no,yes,medium,public,bachelor,60.7
9.6,5.7,50.2,no,yes,medium,public,high_school,100.0
7.8,4.6,93.7,yes,yes,medium,public,bachelor,100.0
7.5,8.7,53.9,yes,yes,medium,private,bachelor,100.0
11.0,7.4,95.5,no,yes,high,private,master,100.0
1.9,4.6,47.1,no,yes,high,public,high_school,64.8
2.0,6.5,90.5,no,no,medium,private,high_school,86.9
2.3,7.1,51.1,no,no,high,public,bachelor,71.4
5.1,8.2,96.3,yes,yes,medium,public,high_school,100.0
10.5,8.7,74.5,no,yes,medium,public,bachelor,100.0
10.6,4.5,51.4,no,yes,high,public,high_school,100.0
7.1,6.9,90.7,yes,yes,medium,private,bachelor,100.0
7.9,5.0,63.4,no,yes,low,public,bachelor,95.3
10.8,8.5,84.0,yes,yes,medium,public,bachelor,100.0
7.5,7.9,78.6,yes,no,medium,private,high_school,100.0
2.8,8.3,82.9,yes,yes,low,public,bachelor,100.0
8.5,4.4,60.6,yes,yes,medium,private,master,100.0
9.2,7.1,96.3,no,no,high,public,high_school,100.0
7.6,9.0,73.6,no,yes,high,public,master,100.0
3.3,8.3,44.7,yes,yes,medium,private,high_school,99.3
4.8,9.2,44.0,no,yes,medium,public,bachelor,80.9
5.6,5.2,84.3,no,yes,low,public,high_school,82.8
1.7,5.7,91.0,yes,yes,medium,private,bachelor,94.4
5.4,6.6,81.7,yes,yes,medium,public,high_school,100.0
1.9,7.1,56.6,yes,yes,medium,public,bachelor,85.7
6.0,5.5,53.6,no,yes,medium,public,master,94.7
0.6,6.3,73.9,no,yes,low,public,bachelor,81.7
11.4,8.1,51.8,no,yes,high,public,master,100.0
3.0,7.9,62.7,yes,yes,medium,public,bachelor,97.3
5.6,4.7,77.7,yes,yes,medium,public,high_school,100.0
0.4,9.9,57.1,no,yes,low,public,high_school,59.4
2.3,7.4,62.5,yes,no,medium,private,high_school,85.5
8.3,6.9,61.6,no,yes,low,public,bachelor,100.0
1.3,9.8,67.6,yes,yes,high,private,bachelor,93.5
7.5,4.8,80.5,yes,yes,high,public,bachelor,100.0
0.0,7.3,86.9,no,no,low,public,bachelor,72.7
5.6,8.8,79.9,no,yes,medium,public,high_school,100.0
8.7,6.4,41.6,yes,yes,low,private,high_school,100.0
11.1,8.4,93.8,yes,yes,high,public,bachelor,100.0
5.9,9.4,74.9,no,yes,low,public,bachelor,100.0
10.1,5.6,95.2,yes,no,low,public,master,100.0
9.6,5.4,97.8,no,yes,low,public,high_school,100.0
3.5,6.2,68.1,no,no,medium,private,bachelor,86.6
10.5,6.5,95.0,no,yes,low,public,master,100.0
7.7,4.7,61.9,yes,yes,medium,public,high_school,100.0
1.3,5.4,55.6,no,yes,medium,public,master,66.5
11.3,9.2,44.4,no,no,medium,private,high_school,100.0
2.1,7.4,67.1,no,yes,medium,private,master,88.3
5.6,5.6,81.3,no,yes,low,public,high_school,88.7
5.6,9.7,98.6,no,yes,high,public,bachelor,100.0
7.5,8.6,71.3,no,no,low,public,bachelor,100.0
8.0,6.2,84.1,yes,yes,high,public,high_school,100.0
2.8,8.6,93.8,yes,yes,medium,public,high_school,100.0
4.2,7.6,72.6,no,yes,medium,private,high_school,93.3
1.7,8.1,50.0,no,yes,low,public,high_school,60.2
1.5,5.9,90.9,no,yes,low,public,bachelor,93.3
9.9,5.3,74.5,no,yes,medium,public,master,100.0
9.0,5.5,85.5,yes,no,low,private,high_school,100.0
5.3,4.5,79.5,yes,yes,medium,public,high_school,100.0
1.2,6.8,43.7,yes,yes,medium,private,high_school,78.8
5.4,6.4,50.1,no,yes,low,public,high_school,90.4
3.5,4.0,57.2,yes,yes,low,public,master,88.5
9.3,9.1,57.1,yes,yes,high,private,high_school,100.0
1.2,8.1,90.4,yes,yes,medium,private,bachelor,84.3
5.4,6.7,75.9,no,yes,high,public,high_school,88.7
7.1,9.8,45.0,no,yes,low,public,high_school,93.8
11.8,9.6,63.2,yes,no,low,public,high_school,100.0
1.1,4.6,73.4,no,yes,medium,public,high_school,85.8
1.4,7.7,55.1,no,yes,high,public,high_school,62.0
11.9,8.9,42.4,no,yes,medium,public,bachelor,100.0
4.9,5.0,62.8,yes,yes,medium,public,bachelor,97.0
8.9,4.8,67.7,no,yes,low,public,bachelor,100.0
9.4,5.6,94.3,yes,yes,high,public,high_school,100.0
3.8,5.7,94.5,no,yes,medium,private,high_school,99.2
2.6,9.8,70.0,no,no,low,public,high_school,100.0
3.3,8.7,68.3,no,yes,medium,public,high_school,100.0
9.2,4.4,78.4,yes,yes,low,private,high_school,100.0
10.1,8.7,55.5,no,yes,medium,public,master,100.0
8.4,5.0,57.1,yes,yes,medium,public,high_school,100.0
5.3,6.1,40.2,no,yes,medium,public,high_school,84.6
3.2,5.9,44.7,no,yes,medium,private,bachelor,67.2
5.1,5.6,50.7,no,yes,medium,public,bachelor,76.1
11.0,5.9,78.4,no,yes,medium,public,bachelor,100.0
10.4,8.5,52.8,yes,yes,medium,public,high_school,100.0
3.9,5.6,47.4,no,yes,medium,public,bachelor,74.1
3.9,8.8,77.0,no,yes,low,public,bachelor,92.5
9.4,4.5,79.1,no,yes,medium,public,high_school,100.0
5.1,7.6,43.6,no,yes,high,public,master,84.1
6.9,9.2,86.4,no,yes,medium,private,bachelor,100.0
5.1,4.5,76.4,no,yes,low,public,bachelor,85.7
2.9,7.8,63.8,yes,no,medium,public,bachelor,88.7
2.3,7.1,99.0,yes,yes,medium,private,master,100.0
1.7,6.0,40.6,no,yes,low,private,bachelor,62.6
0.1,4.6,72.7,no,yes,medium,public,master,69.2
3.4,8.1,49.6,no,yes,low,private,high_school,85.2
2.1,5.9,59.8,yes,yes,high,public,master,86.5
3.1,6.0,48.0,no,yes,medium,public,bachelor,66.7
0.9,8.3,80.1,no,yes,medium,public,bachelor,83.8
4.1,9.7,64.1,no,yes,low,private,high_school,94.4
6.2,6.0,99.2,no,yes,medium,private,high_school,99.9
11.3,8.5,79.2,yes,yes,low,private,master,100.0
4.2,9.7,95.0,no,yes,low,public,high_school,100.0
0.4,4.6,54.4,no,yes,high,private,bachelor,53.9
4.3,7.2,59.1,no,yes,high,public,master,81.8
9.8,4.1,61.8,yes,yes,high,private,high_school,100.0
4.1,9.0,90.3,no,yes,low,public,bachelor,100.0
3.5,5.7,52.7,no,yes,medium,public,high_school,74.8
11.0,6.0,96.8,yes,yes,high,private,high_school,100.0
3.6,8.1,42.6,no,yes,medium,public,bachelor,73.5
11.6,8.7,93.4,yes,yes,medium,public,high_school,100.0
10.0,6.4,67.1,no,yes,medium,public,bachelor,100.0
8.2,8.0,71.6,yes,no,medium,private,master,100.0
7.2,9.7,99.8,no,no,high,public,high_school,100.0
2.7,9.3,92.2,yes,yes,medium,public,master,100.0
8.8,8.2,94.2,yes,yes,medium,public,high_school,100.0
4.2,9.7,75.1,yes,no,low,public,high_school,100.0
5.8,9.3,97.4,no,yes,medium,private,high_school,100.0
1.2,8.4,81.3,yes,yes,low,private,high_school,100.0
3.6,9.5,89.2,yes,yes,low,private,bachelor,100.0
6.3,8.9,83.3,yes,yes,medium,public,bachelor,100.0
5.6,7.0,86.9,no,yes,medium,private,bachelor,98.3
4.1,7.0,78.3,no,yes,low,public,high_school,76.0
5.7,4.1,83.6,no,yes,high,public,bachelor,99.2
8.9,4.2,66.2,no,yes,medium,private,high_school,100.0
5.5,8.5,82.4,no,yes,medium,private,bachelor,80.4
6.1,7.3,56.6,no,yes,medium,public,high_school,90.1
8.4,8.6,78.1,no,no,medium,private,bachelor,100.0
10.1,9.7,71.4,yes,yes,medium,private,bachelor,100.0
6.3,6.7,93.9,no,yes,high,private,master,100.0
11.4,4.5,80.4,no,yes,low,private,master,100.0
4.2,7.8,75.8,no,yes,high,public,bachelor,98.1
3.0,4.6,58.8,no,yes,medium,private,master,81.7
8.3,7.7,91.8,no,yes,medium,public,bachelor,100.0
2.1,7.2,43.2,no,yes,medium,public,bachelor,73.0
10.8,8.3,94.0,no,yes,medium,public,bachelor,100.0
4.6,6.1,79.2,yes,yes,medium,private,master,100.0
8.4,4.9,51.4,no,no,low,private,bachelor,100.0
6.8,5.4,94.2,no,yes,medium,private,master,100.0
0.7,8.1,59.6,no,yes,medium,public,high_school,58.1
8.5,6.9,50.1,yes,yes,medium,public,master,91.3
9.5,7.2,59.1,no,no,medium,private,high_school,100.0
11.8,5.9,97.7,yes,yes,medium,private,bachelor,100.0
5.0,9.0,85.2,no,no,medium,private,bachelor,100.0
6.0,10.0,95.0,no,yes,medium,public,master,100.0
10.5,5.9,57.9,no,yes,high,private,high_school,100.0
3.2,8.3,44.9,yes,no,medium,public,master,98.3
2.3,5.0,73.8,no,yes,low,private,high_school,71.3
1.6,8.5,69.0,yes,yes,medium,public,high_school,93.4
11.7,6.6,83.2,no,yes,medium,public,master,100.0
3.2,7.6,72.6,yes,yes,high,private,master,85.6
9.1,5.4,63.8,no,yes,low,public,bachelor,100.0
5.4,9.1,40.3,yes,yes,medium,public,master,86.2
2.9,5.0,68.1,no,no,low,public,high_school,77.8
11.0,9.6,47.2,yes,yes,medium,public,high_school,100.0
5.6,4.4,95.3,no,yes,medium,public,master,100.0
6.8,5.7,95.3,no,no,high,public,bachelor,100.0
2.7,7.4,88.2,no,yes,high,public,master,85.4
3.9,9.2,49.5,yes,yes,medium,public,master,88.0
9.0,7.5,48.8,yes,yes,medium,public,bachelor,100.0
4.1,5.3,73.8,no,yes,medium,public,bachelor,79.3
6.1,9.2,83.6,no,yes,medium,public,high_school,100.0
1.4,7.6,94.3,no,no,high,public,high_school,86.4
10.2,5.4,93.6,no,yes,low,private,bachelor,100.0
8.9,7.4,49.3,no,yes,medium,private,master,96.3
9.1,8.1,99.7,no,no,medium,private,bachelor,100.0
2.1,8.1,49.4,no,yes,medium,public,high_school,80.2
5.9,8.3,90.4,yes,yes,medium,public,high_school,100.0
0.3,9.4,75.2,no,yes,low,public,high_school,66.0
3.8,8.9,80.7,no,yes,low,private,bachelor,92.6
4.2,7.6,76.2,no,no,high,public,bachelor,100.0
11.0,4.2,92.2,yes,yes,medium,public,bachelor,100.0
11.9,8.5,78.2,no,no,low,private,bachelor,100.0
7.4,9.8,90.9,no,no,low,private,high_school,100.0
6.2,5.8,49.3,yes,yes,high,private,master,100.0
5.3,7.6,92.0,yes,no,medium,private,high_school,100.0
0.2,8.6,99.6,no,yes,medium,public,bachelor,90.0
9.6,7.8,79.7,yes,no,medium,private,high_school,100.0
8.1,9.5,98.6,no,yes,medium,private,high_school,100.0
7.8,6.8,53.2,no,yes,medium,private,high_school,100.0
9.7,7.2,89.8,yes,yes,medium,public,master,100.0
11.1,4.2,50.1,yes,yes,high,public,high_school,100.0
4.7,9.4,71.0,no,yes,medium,public,high_school,95.3
5.1,5.6,79.8,yes,yes,low,public,high_school,100.0
11.7,9.9,79.6,yes,yes,low,public,master,100.0
8.0,5.2,80.3,yes,yes,low,public,high_school,100.0
10.2,5.5,59.3,yes,yes,medium,public,bachelor,100.0
2.7,6.9,98.4,no,yes,medium,public,high_school,100.0
3.8,8.0,40.4,yes,yes,medium,public,master,96.8
4.7,6.6,77.3,no,yes,high,public,master,100.0
3.8,6.1,92.0,no,yes,medium,public,bachelor,94.4
10.6,7.2,93.5,no,yes,medium,public,bachelor,100.0
6.1,9.7,83.2,no,yes,medium,private,high_school,100.0
11.4,9.8,74.5,no,yes,medium,public,high_school,100.0
3.9,6.0,67.4,no,no,medium,public,bachelor,79.5
0.4,8.1,67.0,no,yes,low,public,high_school,82.2
1.7,8.3,65.5,yes,no,medium,public,high_school,85.0
2.6,7.9,82.0,no,yes,medium,public,master,80.2
7.7,4.7,83.9,no,yes,low,private,high_school,100.0
2.2,7.2,70.9,yes,no,low,public,high_school,92.7
4.6,8.6,84.4,yes,yes,low,public,bachelor,100.0
9.5,5.2,71.7,no,yes,medium,public,high_school,100.0
1.5,6.1,45.8,no,no,medium,private,bachelor,57.6
1.0,5.2,91.1,yes,yes,high,public,high_school,100.0
6.5,9.3,92.2,no,yes,medium,public,high_school,100.0
8.4,9.2,56.0,yes,yes,low,public,bachelor,100.0
10.9,5.0,87.2,yes,yes,high,private,high_school,100.0
7.9,8.6,70.7,yes,yes,high,private,bachelor,100.0
11.4,6.2,47.4,no,yes,low,public,master,100.0
2.9,8.1,63.9,no,no,low,public,bachelor,92.6
4.1,7.0,44.6,no,yes,medium,public,bachelor,77.9
10.1,6.8,87.2,yes,yes,high,public,high_school,100.0
9.7,9.3,51.8,yes,yes,high,public,master,100.0
8.0,7.8,49.9,no,yes,low,public,master,100.0
6.1,5.4,52.5,yes,yes,medium,public,bachelor,89.4
0.2,4.7,53.6,no,yes,medium,public,high_school,52.8
3.4,9.6,80.4,yes,no,medium,public,bachelor,100.0
1.9,4.9,78.3,yes,no,medium,public,high_school,96.2
0.6,8.4,47.8,no,yes,low,private,master,75.6
9.3,7.0,83.5,yes,no,medium,private,bachelor,100.0
1.6,4.8,60.9,no,yes,medium,public,bachelor,58.0
4.3,8.7,67.4,no,no,medium,public,high_school,100.0
11.7,9.4,47.5,no,yes,medium,public,high_school,100.0
4.9,4.7,82.5,no,yes,low,public,bachelor,100.0
1.7,4.4,62.6,no,yes,medium,public,bachelor,74.6
8.3,9.1,77.9,yes,yes,low,private,high_school,100.0
9.7,7.0,65.6,yes,yes,low,public,high_school,100.0
3.3,8.0,42.9,no,yes,medium,private,high_school,75.6
9.7,6.6,82.2,no,yes,medium,public,high_school,100.0
3.3,6.5,73.2,no,yes,medium,public,master,88.0
8.3,5.8,66.1,yes,yes,high,public,bachelor,100.0
1.5,7.4,52.1,no,no,medium,public,master,78.4
5.1,5.0,77.5,no,no,medium,private,bachelor,100.0
6.2,8.3,56.5,yes,yes,medium,public,master,89.8
8.7,7.3,65.8,no,no,medium,public,high_school,100.0
7.8,9.1,43.4,no,yes,medium,public,bachelor,91.8
10.2,9.5,86.6,yes,yes,medium,public,high_school,100.0
2.2,9.4,45.4,no,yes,low,private,bachelor,66.7
7.9,7.6,93.5,no,no,medium,private,bachelor,100.0
1.5,5.9,92.1,no,yes,medium,private,bachelor,100.0
5.7,6.1,98.3,no,yes,low,private,master,100.0
6.3,7.9,94.5,yes,yes,medium,public,bachelor,100.0
0.3,8.3,98.3,yes,yes,low,public,master,99.1
0.8,5.0,93.2,yes,no,medium,public,bachelor,80.0
10.1,10.0,46.8,no,yes,low,public,bachelor,100.0
3.4,4.6,66.3,yes,yes,low,private,bachelor,94.0
4.2,7.6,44.6,no,yes,medium,public,bachelor,59.2
7.7,7.2,72.7,yes,yes,medium,public,bachelor,100.0
2.6,7.5,71.8,yes,yes,high,private,high_school,93.0
2.3,7.2,95.3,yes,yes,medium,public,master,100.0
5.1,4.3,98.2,no,no,high,public,bachelor,100.0
0.7,10.0,55.6,yes,yes,high,public,bachelor,79.2
11.0,9.9,74.9,no,no,low,private,high_school,100.0
11.3,7.1,67.9,no,yes,low,public,high_school,100.0
5.4,5.3,72.8,yes,yes,low,private,high_school,95.4
2.5,5.1,71.9,no,yes,medium,public,bachelor,81.1
5.6,4.3,94.8,no,yes,medium,public,high_school,100.0
1.2,7.7,93.8,no,yes,low,public,master,89.1
4.8,6.9,47.4,yes,yes,medium,public,master,95.2
0.9,6.5,60.7,no,yes,medium,private,bachelor,76.5
8.5,7.2,85.2,yes,yes,medium,public,high_school,100.0
3.3,9.2,81.0,no,yes,medium,private,high_school,85.3
6.2,4.4,77.9,yes,yes,high,private,bachelor,96.8
0.2,7.3,99.6,no,yes,medium,public,high_school,82.5
6.3,8.2,60.2,no,yes,high,public,bachelor,94.5
0.0,9.8,70.9,no,yes,medium,public,master,78.0
11.1,8.4,98.7,no,yes,medium,private,bachelor,100.0
6.0,7.3,81.7,no,yes,low,public,bachelor,100.0
1.2,8.6,78.9,no,yes,low,public,master,77.6
4.1,10.0,49.3,no,no,low,public,high_school,71.1
0.6,9.3,54.8,no,yes,low,public,bachelor,69.5
6.4,4.5,62.6,no,yes,low,public,bachelor,100.0
1.5,7.4,67.9,yes,yes,medium,private,master,82.8
5.7,8.7,69.8,yes,yes,medium,public,master,100.0
3.7,8.0,94.1,yes,yes,medium,public,bachelor,100.0
9.1,6.5,46.4,no,yes,low,public,bachelor,100.0
5.8,5.9,54.9,yes,yes,medium,private,high_school,100.0
10.2,7.8,48.6,no,yes,medium,public,bachelor,100.0
11.3,6.5,84.1,no,no,high,public,high_school,100.0
11.6,6.4,98.2,no,yes,medium,public,bachelor,100.0
3.1,9.0,93.6,yes,yes,low,public,bachelor,100.0
9.2,5.9,83.4,yes,yes,low,public,bachelor,100.0
5.3,7.9,41.3,yes,yes,low,private,bachelor,96.2
5.1,9.2,60.8,no,yes,low,public,high_school,98.4
10.4,7.7,91.8,yes,yes,medium,private,bachelor,100.0
1.7,7.0,79.2,no,yes,low,private,high_school,65.1
5.7,4.2,52.6,no,yes,low,public,high_school,98.9
7.1,8.1,68.0,no,no,medium,public,high_school,100.0
0.8,10.0,45.3,no,yes,low,private,bachelor,53.3
10.4,8.9,71.2,no,yes,high,public,bachelor,100.0
3.8,7.8,94.1,no,no,high,public,high_school,90.2
7.9,6.8,42.3,no,no,medium,public,master,85.0
11.1,5.3,76.8,yes,yes,medium,public,bachelor,100.0
8.6,8.2,54.0,no,yes,low,public,bachelor,94.9
10.6,5.1,99.4,no,yes,medium,public,bachelor,100.0
0.8,9.3,43.9,no,yes,medium,public,master,70.6
5.9,6.1,77.0,yes,yes,low,public,high_school,100.0
6.8,6.4,55.4,yes,yes,low,private,bachelor,100.0
8.3,5.3,92.9,no,yes,medium,public,high_school,100.0
1.4,6.9,47.3,no,yes,low,private,high_school,49.9
7.9,8.1,65.8,no,no,medium,public,master,100.0
1.8,5.8,51.1,yes,yes,medium,private,bachelor,87.5
0.8,8.2,88.0,no,no,high,public,high_school,83.6
5.6,7.7,61.1,no,yes,medium,public,bachelor,88.2
7.2,6.2,51.2,yes,yes,low,private,master,92.5
11.5,5.9,83.6,no,yes,medium,public,high_school,100.0
8.4,9.2,89.0,yes,yes,medium,private,high_school,100.0
7.1,4.1,67.7,no,yes,high,private,master,93.7
2.6,8.3,62.7,no,no,medium,public,bachelor,63.5
1.8,6.5,77.9,no,yes,low,private,master,71.2
7.3,8.3,79.1,yes,no,low,public,bachelor,100.0
2.7,7.0,79.6,no,yes,medium,public,bachelor,88.5
8.5,4.5,56.5,no,yes,high,public,high_school,97.1
1.4,9.9,96.5,no,yes,high,private,high_school,84.9
4.1,4.5,52.8,yes,yes,medium,public,bachelor,99.0
9.3,5.0,62.4,no,yes,high,private,high_school,100.0
10.0,6.5,57.0,yes,yes,medium,public,bachelor,100.0
4.1,9.7,95.9,yes,yes,medium,private,high_school,100.0
2.5,5.8,89.7,yes,yes,medium,private,bachelor,89.5
11.5,7.4,88.7,no,yes,medium,public,high_school,100.0
9.1,7.1,40.3,yes,no,medium,private,bachelor,90.5
9.7,6.0,81.2,no,yes,medium,public,bachelor,100.0
2.7,8.2,53.8,no,yes,medium,public,bachelor,78.3
5.1,7.0,98.1,no,yes,medium,private,bachelor,100.0
0.8,7.5,71.8,no,yes,medium,private,high_school,66.7
1.3,5.3,73.9,no,yes,medium,public,high_school,78.8
2.7,9.6,61.4,no,no,low,public,bachelor,82.7
3.6,4.7,72.2,yes,yes,low,public,bachelor,81.8
12.0,8.1,85.0,yes,yes,medium,private,bachelor,100.0
5.1,9.3,73.7,no,yes,high,private,high_school,100.0
8.4,4.5,78.5,no,no,medium,public,bachelor,100.0
10.9,4.2,68.3,no,yes,medium,public,bachelor,100.0
3.0,6.0,83.0,no,no,medium,public,bachelor,76.3
1.7,8.7,94.0,no,yes,medium,public,high_school,88.3
2.9,8.3,43.1,no,yes,medium,public,bachelor,74.2
10.6,8.9,46.4,yes,yes,low,public,high_school,100.0
8.0,6.4,81.1,no,yes,medium,private,bachelor,100.0
5.4,10.0,62.7,no,yes,low,public,high_school,92.9
9.8,6.2,56.9,no,yes,medium,private,master,94.6
2.8,8.8,50.7,yes,yes,medium,private,bachelor,86.2
2.9,6.1,74.4,yes,yes,medium,public,high_school,93.6
6.8,5.3,60.9,no,yes,high,public,master,88.0
9.5,6.0,70.5,no,yes,low,private,bachelor,100.0
3.1,5.2,97.5,yes,yes,medium,public,bachelor,100.0
2.5,4.8,85.5,no,yes,low,private,master,87.5
5.7,6.2,87.8,no,yes,high,public,high_school,100.0
1.6,4.9,47.5,no,no,low,public,high_school,41.9
9.0,7.0,59.5,no,yes,medium,private,bachelor,100.0
6.9,4.2,46.4,yes,yes,low,public,bachelor,83.1
6.2,6.6,98.1,no,yes,medium,private,high_school,100.0
10.5,9.7,80.9,yes,no,medium,public,master,100.0
8.8,6.2,41.2,no,yes,medium,public,bachelor,87.1
1.8,4.8,68.5,no,yes,medium,public,master,79.9
5.0,5.8,55.8,yes,yes,medium,public,high_school,89.7
3.9,8.7,72.4,no,yes,medium,private,bachelor,100.0
9.6,5.9,50.7,yes,yes,medium,public,high_school,100.0
8.6,6.3,43.4,yes,yes,medium,private,high_school,100.0
5.7,8.7,59.4,no,yes,medium,private,high_school,73.0
9.9,5.6,57.7,no,yes,low,public,bachelor,100.0
4.9,6.9,83.0,yes,no,high,private,high_school,96.5
9.6,4.4,68.5,yes,yes,high,public,high_school,100.0
0.4,5.0,57.5,yes,yes,low,private,high_school,63.7
1.6,5.3,74.2,yes,yes,medium,private,bachelor,100.0
9.1,6.8,44.3,no,yes,medium,public,high_school,97.6
1.4,8.9,79.7,yes,yes,medium,public,bachelor,100.0
8.2,6.1,48.8,no,yes,low,private,bachelor,89.5
8.7,6.3,56.8,no,yes,medium,private,high_school,77.8
7.9,5.8,56.9,no,yes,high,public,high_school,100.0
9.8,5.9,68.0,no,yes,low,public,bachelor,100.0
6.1,6.4,97.2,no,yes,high,public,bachelor,100.0
10.8,9.4,59.5,yes,yes,high,private,high_school,100.0
6.8,4.1,56.9,yes,yes,medium,public,master,100.0
6.1,7.7,50.1,no,no,low,public,bachelor,98.1
6.1,9.3,63.5,yes,yes,low,public,high_school,100.0
10.9,6.5,50.9,yes,no,medium,private,master,100.0
2.9,7.9,48.3,no,yes,medium,public,master,76.0
8.3,7.5,91.4,yes,yes,medium,private,bachelor,100.0
2.9,6.0,43.2,no,yes,high,public,master,74.2
1.1,4.8,82.6,no,yes,high,public,high_school,80.4
11.4,5.3,52.2,no,yes,medium,public,master,100.0
1.6,4.3,40.7,no,yes,high,public,high_school,55.1
8.2,8.6,87.7,no,yes,medium,private,bachelor,100.0
5.1,7.2,82.1,no,yes,low,private,high_school,96.3
10.0,8.7,60.1,yes,yes,low,private,high_school,100.0
9.3,5.7,44.8,yes,no,low,private,master,100.0
1.7,8.8,61.6,yes,yes,medium,public,high_school,89.7
5.6,5.9,50.9,yes,yes,medium,private,master,87.6
0.3,4.7,96.0,no,yes,low,public,high_school,75.6
5.2,7.2,71.8,yes,yes,high,private,bachelor,100.0
8.4,9.7,97.8,no,no,high,public,high_school,100.0
2.8,6.5,61.1,no,yes,low,public,bachelor,87.0
9.7,7.1,73.4,yes,yes,low,public,bachelor,100.0
0.6,6.7,51.4,no,yes,medium,private,bachelor,61.3
0.4,6.7,88.5,no,yes,medium,private,high_school,72.5
0.3,5.3,42.5,no,yes,medium,public,high_school,55.7
3.4,6.5,81.7,no,yes,medium,private,high_school,93.2
5.6,7.0,63.5,yes,no,low,private,master,100.0
1.3,8.5,74.7,no,no,medium,public,bachelor,83.3
12.0,4.8,75.5,yes,no,medium,private,bachelor,100.0
12.0,7.4,82.6,no,yes,high,public,high_school,100.0
6.2,8.0,52.3,no,yes,medium,private,bachelor,96.6
6.8,6.3,71.9,yes,yes,high,public,bachelor,100.0
11.1,7.3,65.6,yes,yes,low,public,high_school,100.0
9.2,8.3,56.9,no,yes,low,private,high_school,100.0
2.0,6.8,69.7,no,yes,medium,public,high_school,74.7
9.5,6.0,97.1,yes,yes,high,public,bachelor,100.0
2.8,8.9,96.9,no,no,medium,private,bachelor,100.0
5.2,9.9,56.7,yes,yes,high,public,high_school,100.0
6.4,5.3,93.1,no,yes,low,private,high_school,100.0
8.6,9.3,92.6,yes,yes,low,public,high_school,100.0
1.8,7.3,55.0,no,yes,low,public,high_school,85.9
0.9,6.7,75.9,yes,yes,medium,public,bachelor,88.4
10.4,9.4,92.2,yes,yes,high,private,high_school,100.0
9.9,9.5,70.9,yes,yes,medium,private,bachelor,100.0
6.3,5.6,62.2,no,no,low,public,bachelor,92.9
7.9,6.2,79.0,no,yes,medium,private,master,88.4
8.6,9.1,50.3,no,yes,low,public,high_school,100.0
5.7,6.9,49.7,no,yes,medium,public,high_school,95.9
3.1,5.7,90.0,yes,no,low,public,high_school,100.0
5.8,9.8,42.5,no,no,high,private,high_school,75.0
11.4,5.3,88.2,no,yes,high,public,bachelor,100.0
10.1,7.7,57.4,no,yes,medium,private,bachelor,100.0
5.6,6.6,69.0,no,no,low,private,high_school,98.4
2.7,6.7,72.6,yes,yes,low,private,high_school,81.0
10.7,4.6,86.0,yes,yes,low,public,bachelor,100.0
7.7,5.5,93.0,yes,yes,medium,private,high_school,100.0
4.9,5.0,88.3,no,yes,low,public,master,100.0
1.3,8.5,74.3,no,yes,high,private,high_school,84.4
9.0,8.2,60.9,no,no,high,private,bachelor,100.0
3.8,8.8,71.6,yes,yes,low,private,high_school,96.4
7.3,8.2,41.8,no,no,medium,public,master,91.3
6.8,4.8,54.7,yes,yes,medium,public,bachelor,100.0
8.4,9.9,62.0,no,yes,medium,private,high_school,100.0
6.5,5.1,59.2,yes,no,low,private,bachelor,95.0
7.6,6.1,45.7,no,yes,low,private,bachelor,95.9
1.0,8.2,43.0,no,yes,medium,public,high_school,60.0
8.0,4.8,65.2,no,yes,low,public,master,78.6
2.3,5.0,44.5,yes,yes,medium,public,bachelor,69.5
4.7,9.3,57.2,yes,yes,high,public,bachelor,100.0
6.2,6.0,68.5,yes,yes,medium,public,bachelor,100.0
8.2,8.0,52.6,no,yes,high,private,bachelor,100.0
8.9,9.2,44.8,yes,yes,medium,private,bachelor,100.0
8.5,9.8,65.9,yes,yes,medium,public,high_school,100.0
1.1,5.3,66.9,no,yes,high,private,bachelor,61.0
4.6,4.7,94.9,yes,yes,medium,private,master,100.0
3.4,8.4,47.7,no,yes,high,public,master,77.9
4.8,5.1,76.9,yes,yes,medium,private,high_school,90.1
7.8,7.5,59.2,no,yes,high,private,bachelor,100.0
2.3,7.2,47.4,yes,yes,low,public,high_school,77.2
6.0,7.4,63.6,no,yes,low,public,high_school,92.3
10.6,7.9,65.7,no,yes,low,public,high_school,100.0
8.8,9.1,61.8,no,yes,low,public,high_school,100.0
8.7,5.6,85.9,yes,yes,medium,private,master,100.0
10.2,7.3,90.4,no,yes,low,public,bachelor,100.0
4.8,6.0,48.9,yes,yes,medium,private,high_school,82.8
9.1,5.9,50.1,no,no,medium,private,high_school,87.7
0.7,4.1,65.3,yes,yes,medium,private,high_school,86.7
0.7,7.6,59.2,no,yes,high,public,bachelor,66.2
4.0,9.8,89.2,yes,yes,low,private,bachelor,100.0
2.4,8.6,99.8,no,no,low,private,bachelor,100.0
6.2,5.5,50.9,no,no,low,public,master,95.8
2.2,8.3,85.8,no,no,low,private,bachelor,95.9
11.7,5.8,76.4,yes,yes,medium,private,bachelor,100.0
10.2,8.5,78.7,yes,yes,high,public,master,100.0
11.8,9.1,55.9,no,no,medium,private,bachelor,100.0
9.7,6.0,45.8,yes,no,medium,public,high_school,100.0
11.4,4.0,72.6,yes,yes,high,public,bachelor,100.0
4.4,5.8,76.8,no,yes,high,public,bachelor,89.6
6.0,5.2,97.8,no,no,high,private,bachelor,100.0
2.9,7.7,80.5,no,no,high,public,bachelor,97.0
7.6,5.7,66.6,no,yes,medium,public,bachelor,100.0
9.5,4.2,99.6,no,yes,low,public,master,100.0
6.0,7.2,62.4,yes,yes,medium,private,bachelor,100.0
3.6,9.2,49.8,no,yes,low,public,master,81.7
6.1,6.7,77.1,yes,yes,low,private,bachelor,100.0
0.8,6.3,56.0,no,yes,high,private,bachelor,65.9
8.7,5.1,95.3,no,yes,medium,public,master,100.0
5.4,6.3,65.7,no,yes,medium,public,master,81.8
10.8,6.0,49.0,no,yes,medium,public,bachelor,100.0
11.1,10.0,48.5,no,yes,medium,public,bachelor,100.0
1.5,4.2,79.0,no,yes,medium,private,high_school,74.3
12.0,5.4,62.0,yes,yes,high,public,bachelor,100.0
11.6,4.4,61.8,no,no,high,private,high_school,100.0
7.5,9.1,76.7,no,yes,low,private,bachelor,100.0
9.9,6.5,53.3,yes,yes,low,public,high_school,100.0
0.2,8.8,48.7,no,yes,medium,private,bachelor,44.3
11.6,8.2,79.4,no,yes,medium,private,master,100.0
5.5,9.6,40.3,yes,yes,medium,public,high_school,95.4
10.9,4.1,94.4,no,no,medium,public,high_school,100.0
4.6,5.2,51.0,yes,yes,medium,public,master,91.3
9.5,8.2,66.9,no,yes,high,private,bachelor,100.0
5.0,7.5,52.7,no,yes,medium,public,bachelor,93.0
4.4,8.2,53.1,no,yes,low,public,bachelor,89.8
11.4,7.5,90.1,yes,yes,high,private,high_school,100.0
8.4,7.5,75.1,no,yes,medium,public,high_school,100.0
10.1,9.6,58.7,no,yes,high,public,master,100.0
6.5,9.5,55.1,no,yes,high,public,bachelor,99.9
11.0,4.2,52.8,no,no,low,public,high_school,100.0
8.9,6.5,73.3,no,yes,medium,public,high_school,100.0
0.9,7.1,83.8,no,yes,medium,public,bachelor,80.9
9.2,6.1,55.2,no,yes,high,public,high_school,100.0
0.2,4.3,59.9,yes,yes,medium,public,high_school,76.5
9.9,6.8,83.2,yes,no,low,public,high_school,100.0
4.0,9.9,84.2,no,no,low,public,high_school,95.0
7.2,4.4,52.4,no,yes,medium,public,bachelor,88.3
9.0,8.9,62.9,no,yes,medium,public,master,100.0
7.6,5.2,92.2,yes,no,low,public,high_school,100.0
8.1,7.5,84.4,no,yes,medium,public,high_school,100.0
10.7,6.3,49.7,no,yes,medium,private,high_school,100.0
4.5,6.1,63.2,no,yes,high,public,master,78.1
6.6,9.2,98.4,no,yes,medium,public,bachelor,100.0
2.1,9.8,71.5,no,no,medium,private,bachelor,88.7
5.6,6.3,83.2,no,no,medium,public,master,100.0
1.8,7.8,45.5,yes,no,medium,public,bachelor,87.4
7.6,7.3,90.0,no,yes,high,public,bachelor,100.0
3.9,4.5,76.3,no,yes,medium,public,master,83.3
10.3,4.2,50.5,yes,no,medium,public,bachelor,100.0
4.1,8.6,62.8,no,yes,medium,public,high_school,92.8
3.4,6.4,45.0,no,yes,medium,public,bachelor,78.4
5.9,5.8,86.6,no,yes,low,private,master,94.7
2.1,9.9,84.7,no,yes,medium,public,master,100.0
2.4,4.5,69.4,no,no,medium,public,bachelor,79.1
9.4,5.6,67.1,no,yes,medium,public,bachelor,100.0
6.0,9.1,67.8,yes,yes,medium,public,master,100.0
2.5,6.5,42.2,no,yes,high,public,bachelor,58.2
0.4,7.5,62.1,yes,yes,medium,private,bachelor,74.5
5.6,4.3,47.7,yes,yes,low,private,high_school,84.2
8.9,9.5,51.1,yes,yes,low,public,bachelor,100.0
4.2,4.8,97.7,yes,no,low,public,high_school,99.7
3.0,5.3,55.7,no,no,high,private,bachelor,87.5
4.8,4.9,69.0,no,yes,high,private,bachelor,86.6
11.5,7.0,93.3,yes,yes,low,public,high_school,100.0
5.1,8.9,64.8,yes,no,medium,private,bachelor,100.0
3.1,5.6,71.7,yes,yes,medium,private,bachelor,86.8
6.8,4.9,50.1,no,yes,low,public,bachelor,100.0
9.7,6.5,57.1,yes,no,medium,private,master,100.0
0.3,9.9,70.4,yes,yes,high,private,high_school,84.7
6.7,4.1,61.9,no,yes,high,private,bachelor,94.8
10.0,7.0,42.3,no,yes,medium,public,master,100.0
2.6,8.0,64.0,yes,yes,low,private,master,86.7
11.1,8.8,88.9,yes,no,medium,public,master,100.0
6.9,8.5,47.0,no,yes,high,private,master,100.0
6.2,4.4,41.1,no,no,low,public,high_school,83.8
11.6,6.8,47.1,yes,yes,medium,public,high_school,100.0
1.6,4.5,81.2,no,no,medium,private,high_school,76.3
8.9,7.7,87.7,yes,yes,low,public,high_school,100.0
9.8,4.5,42.9,no,no,medium,private,high_school,100.0
5.9,4.3,93.3,yes,yes,low,public,master,100.0
0.1,5.8,77.6,no,yes,high,public,bachelor,82.9
6.3,9.6,71.1,yes,yes,low,public,high_school,100.0
1.8,8.3,55.2,no,yes,medium,public,bachelor,67.3
6.8,4.0,62.3,yes,yes,high,private,high_school,98.9
8.9,5.7,96.8,yes,yes,high,private,high_school,100.0
6.4,4.1,94.7,no,yes,medium,private,high_school,100.0
7.6,5.8,77.5,no,yes,low,public,bachelor,100.0
1.2,8.1,74.7,no,yes,low,public,bachelor,87.8
1.2,8.6,52.6,no,yes,medium,private,high_school,78.1
10.2,8.8,97.2,no,yes,high,private,bachelor,100.0
0.6,9.5,85.3,no,no,low,private,high_school,88.4
3.4,6.2,62.9,yes,yes,medium,private,high_school,100.0
11.3,9.2,88.9,yes,yes,low,private,high_school,100.0
5.5,8.4,52.7,yes,yes,low,private,high_school,86.2
8.1,7.2,52.8,no,yes,medium,private,bachelor,95.9
2.7,9.7,87.5,no,yes,low,private,bachelor,82.6
3.2,9.7,73.6,no,yes,medium,public,high_school,82.2
6.1,9.4,73.4,no,yes,medium,private,high_school,100.0
7.7,5.2,74.4,no,yes,low,private,master,99.3
11.5,5.2,47.5,no,yes,medium,public,high_school,100.0
6.9,9.4,61.0,no,yes,low,public,bachelor,100.0
1.2,6.4,74.4,no,yes,medium,public,bachelor,85.5
4.4,8.8,54.9,yes,yes,medium,public,high_school,99.8
2.9,8.1,70.2,no,yes,high,private,high_school,68.7
3.1,8.6,73.4,yes,yes,low,public,high_school,99.0
6.1,4.2,96.6,yes,no,medium,private,bachelor,100.0
3.8,6.6,54.7,yes,no,medium,private,high_school,90.9
3.5,9.1,66.4,no,no,medium,private,bachelor,93.3
11.6,6.9,98.9,no,yes,medium,public,master,100.0
7.0,8.1,51.2,no,yes,medium,public,bachelor,97.6
3.1,8.5,86.8,yes,yes,medium,public,master,100.0
3.3,4.7,50.6,no,no,low,public,bachelor,82.6
9.7,4.9,91.0,no,yes,high,public,high_school,100.0
10.6,8.3,69.3,yes,yes,high,public,bachelor,100.0
8.1,4.3,98.3,yes,yes,low,public,master,100.0
5.2,6.1,50.2,no,yes,medium,public,high_school,80.6
9.2,9.5,81.3,no,no,low,public,bachelor,100.0
11.2,7.4,81.7,no,yes,high,private,high_school,100.0
2.0,9.5,83.1,no,yes,medium,private,master,90.5
10.3,5.9,46.1,no,yes,medium,private,bachelor,100.0
10.2,7.8,57.3,no,yes,medium,private,high_school,100.0
4.4,5.7,60.3,no,yes,medium,public,master,89.9
3.5,4.7,59.5,no,yes,medium,private,high_school,73.3
6.8,9.9,80.5,no,no,medium,public,bachelor,100.0
3.3,5.1,43.3,no,yes,medium,public,bachelor,61.8
1.7,5.1,83.8,no,yes,low,public,master,85.5
11.4,9.1,71.6,yes,no,medium,public,high_school,100.0
5.9,8.8,50.4,no,yes,medium,public,master,90.0
5.7,9.9,53.6,no,yes,medium,private,high_school,99.6
1.5,4.4,45.9,no,yes,low,public,high_school,47.6
6.0,4.6,67.5,no,yes,low,public,high_school,90.0
8.9,6.7,75.7,yes,yes,low,private,bachelor,100.0
3.0,7.6,74.9,no,yes,medium,private,high_school,79.1
4.4,4.2,97.7,no,yes,medium,public,high_school,100.0
2.1,5.0,57.8,yes,yes,medium,private,master,67.7
4.3,8.2,85.7,yes,yes,medium,private,high_school,100.0
10.3,8.0,83.4,no,yes,medium,public,bachelor,100.0
2.8,4.5,43.7,no,yes,high,public,bachelor,63.1
0.4,9.6,95.8,yes,yes,medium,private,high_school,92.6
6.4,5.5,95.9,yes,no,medium,private,high_school,100.0
7.0,9.3,63.8,no,yes,medium,private,bachelor,100.0
3.9,9.5,65.1,no,yes,medium,public,bachelor,89.2
7.7,6.9,89.2,yes,yes,low,private,master,100.0
0.5,6.5,69.7,yes,yes,medium,public,bachelor,66.4
4.1,5.7,88.0,yes,no,low,public,master,100.0
1.7,8.8,42.2,no,yes,low,private,bachelor,63.8
2.8,5.2,55.0,yes,yes,low,private,bachelor,76.0
4.6,7.7,45.5,yes,yes,medium,public,high_school,90.1
5.9,7.4,67.3,yes,yes,medium,private,bachelor,100.0
1.1,5.5,91.2,no,yes,medium,public,bachelor,87.9
1.2,9.9,74.2,no,no,low,public,bachelor,91.8
8.1,9.1,71.2,no,yes,medium,public,bachelor,100.0
4.8,4.1,62.0,no,yes,low,private,bachelor,92.8
2.1,6.5,43.8,no,no,medium,private,bachelor,59.6
2.8,6.2,86.0,no,yes,low,public,bachelor,90.4
8.6,9.3,74.2,yes,yes,medium,public,high_school,100.0
0.6,5.6,95.9,no,yes,medium,public,high_school,79.9
6.1,10.0,65.9,no,yes,high,private,master,100.0
4.3,5.2,64.1,no,yes,medium,public,master,85.1
9.7,5.5,98.5,yes,yes,medium,public,bachelor,100.0
9.5,8.0,48.5,yes,no,medium,private,master,100.0
8.3,5.0,55.1,no,yes,medium,public,high_school,98.5
4.6,9.3,69.3,no,yes,high,private,high_school,97.0
7.6,4.7,71.4,no,yes,medium,private,bachelor,99.3
7.7,9.9,72.9,no,yes,high,public,master,100.0
4.0,9.2,52.7,yes,yes,low,private,bachelor,93.9
10.6,9.0,95.6,yes,yes,medium,public,high_school,100.0
11.8,6.4,82.2,no,yes,low,public,high_school,100.0
3.8,7.1,55.5,no,yes,medium,private,bachelor,90.3
9.6,6.7,57.7,no,yes,medium,private,master,100.0
6.0,9.9,92.8,yes,no,low,private,high_school,100.0
5.6,4.2,62.8,yes,yes,medium,public,bachelor,95.7
4.6,6.3,73.4,yes,yes,medium,private,master,100.0
3.5,9.8,47.2,yes,yes,medium,public,bachelor,99.2
11.0,6.2,55.1,yes,yes,low,public,high_school,100.0
8.9,6.4,65.0,yes,yes,high,public,master,100.0
5.3,7.8,79.4,yes,yes,low,private,bachelor,100.0
9.0,9.4,56.8,yes,yes,high,private,high_school,100.0
8.6,5.8,97.0,yes,no,medium,public,high_school,100.0
3.2,9.7,53.2,no,yes,medium,public,bachelor,88.0
2.1,5.7,86.7,no,yes,medium,public,bachelor,82.6
10.0,8.9,61.9,yes,no,medium,public,bachelor,100.0
9.7,5.7,90.0,no,yes,low,public,bachelor,100.0
12.0,4.4,95.4,no,yes,low,public,bachelor,100.0
0.2,8.9,51.2,yes,yes,high,private,high_school,64.1
6.5,6.7,69.5,no,yes,high,private,bachelor,100.0
8.4,6.3,49.3,yes,yes,low,private,high_school,100.0
7.0,6.6,82.3,yes,yes,medium,public,high_school,100.0
8.5,7.7,89.9,yes,yes,low,public,master,100.0
1.6,5.6,63.4,yes,yes,medium,private,high_school,80.8
0.0,5.4,63.8,no,yes,medium,public,high_school,63.7
1.1,6.9,52.2,yes,no,medium,public,high_school,78.2
4.6,4.2,58.4,no,yes,medium,public,high_school,76.8
3.9,7.9,59.4,no,yes,low,public,high_school,91.4
10.5,8.9,49.3,no,yes,medium,public,bachelor,100.0
1.0,8.4,58.6,no,yes,high,public,master,77.3
5.3,6.8,94.4,no,no,medium,private,bachelor,100.0
11.5,7.4,59.5,yes,yes,medium,private,high_school,100.0
6.0,4.2,56.5,yes,yes,low,public,high_school,99.3
1.6,9.5,63.1,yes,no,medium,public,high_school,93.7
3.5,7.3,97.6,yes,yes,high,private,high_school,100.0
7.5,5.9,85.9,yes,yes,high,public,high_school,100.0
0.1,5.8,52.1,no,yes,medium,public,master,59.6
11.6,8.0,85.2,no,yes,medium,public,high_school,100.0
6.8,7.5,86.0,yes,yes,medium,private,high_school,100.0
8.4,5.1,97.0,yes,yes,low,private,bachelor,100.0
6.0,6.5,93.5,yes,yes,high,public,bachelor,100.0
11.5,8.1,45.7,yes,yes,low,public,bachelor,100.0
7.1,5.8,67.3,no,yes,medium,public,master,100.0
7.9,7.1,82.2,yes,yes,medium,public,high_school,100.0
10.3,5.5,98.4,yes,yes,medium,public,high_school,100.0
10.3,4.4,45.1,yes,yes,low,public,high_school,100.0
0.3,6.3,62.1,yes,yes,medium,public,bachelor,60.0
3.4,8.4,69.5,yes,yes,low,public,master,100.0
3.0,5.3,64.8,yes,yes,low,public,high_school,99.5
0.1,8.5,67.3,no,yes,medium,private,bachelor,80.0
10.5,8.0,62.1,yes,yes,high,public,high_school,100.0
3.8,7.0,98.2,no,yes,low,public,bachelor,94.4
4.2,9.8,88.2,no,no,medium,private,bachelor,100.0
1.2,9.3,84.2,yes,yes,medium,public,master,91.7
11.9,7.4,64.6,yes,yes,medium,public,bachelor,100.0
9.9,7.3,92.9,yes,yes,high,public,high_school,100.0
6.9,5.7,45.6,yes,no,low,public,bachelor,88.9
9.3,9.5,48.6,yes,yes,high,public,high_school,100.0
9.3,9.4,97.2,no,yes,high,public,high_school,100.0
7.9,8.5,74.0,yes,yes,medium,public,master,100.0
2.1,4.8,49.6,no,yes,medium,private,bachelor,60.0
8.6,8.2,96.9,no,yes,high,public,bachelor,100.0
6.8,5.5,98.5,no,yes,high,public,master,100.0
8.7,5.1,92.9,no,yes,medium,private,high_school,100.0
6.5,8.6,54.3,yes,no,high,private,bachelor,100.0
11.5,9.8,56.7,no,yes,medium,public,bachelor,100.0
7.5,4.7,64.4,yes,yes,high,private,master,100.0
6.9,5.0,74.8,no,no,low,private,high_school,100.0
10.1,5.3,99.5,no,yes,medium,public,bachelor,100.0
4.6,9.8,97.4,yes,yes,medium,private,bachelor,100.0
3.8,8.2,95.3,no,yes,medium,public,high_school,100.0
6.0,8.1,45.4,yes,yes,medium,public,bachelor,100.0
7.0,7.0,85.4,yes,yes,high,public,bachelor,100.0
2.6,7.2,92.6,no,yes,low,public,high_school,87.8
8.2,5.7,60.0,yes,yes,low,private,master,100.0
9.6,4.9,53.2,no,yes,medium,public,bachelor,99.0
6.9,8.7,84.9,yes,yes,medium,private,high_school,100.0
6.3,6.8,45.5,yes,no,medium,public,high_school,100.0
3.5,5.5,96.5,no,no,medium,public,high_school,100.0
10.9,7.8,49.4,no,no,high,private,master,100.0
9.1,5.3,67.5,yes,yes,medium,public,master,100.0
5.8,6.9,99.0,yes,yes,medium,private,master,100.0
7.9,5.1,99.3,no,yes,medium,private,bachelor,100.0
4.0,8.6,86.6,no,yes,medium,public,master,90.2
0.7,5.9,90.4,no,yes,high,public,master,70.7
2.4,6.7,98.0,no,yes,medium,public,high_school,99.8
1.0,8.5,95.6,no,yes,medium,private,bachelor,85.3
6.1,8.0,77.3,no,yes,medium,private,master,98.7
7.5,6.4,84.1,yes,yes,low,public,high_school,100.0
4.6,4.4,75.6,yes,yes,low,public,bachelor,100.0
6.4,9.5,70.4,no,yes,low,public,bachelor,100.0
1.0,4.0,92.8,no,yes,high,public,bachelor,82.6
9.2,8.4,84.3,no,no,medium,private,bachelor,100.0
0.4,9.7,91.6,no,no,medium,public,bachelor,80.7
7.6,5.8,45.8,no,yes,high,public,bachelor,87.7
5.2,4.5,74.6,yes,no,low,private,high_school,95.2
2.2,5.5,59.8,yes,yes,high,public,bachelor,78.8
6.3,5.9,70.8,yes,yes,medium,public,bachelor,100.0
9.4,6.7,76.8,no,yes,medium,public,master,100.0
5.0,7.2,90.7,no,yes,medium,private,high_school,100.0
4.4,8.4,41.9,no,yes,high,private,high_school,78.4
1.7,9.4,49.8,yes,yes,medium,public,high_school,95.8
7.1,6.8,95.3,no,yes,medium,public,bachelor,88.9
9.9,8.5,98.0,yes,yes,low,private,high_school,100.0
6.7,4.8,43.3,no,yes,medium,public,bachelor,88.9
2.0,6.0,59.9,no,yes,medium,public,bachelor,76.2
7.9,4.7,40.6,yes,yes,medium,private,high_school,100.0
0.4,8.2,85.4,yes,no,high,public,bachelor,81.6
10.1,9.4,80.9,no,no,high,public,master,100.0
11.1,9.3,73.9,no,yes,medium,private,high_school,100.0
7.2,6.0,81.5,yes,yes,medium,private,bachelor,100.0
10.6,5.4,72.3,no,yes,medium,public,bachelor,100.0
1.0,5.6,54.3,no,yes,high,public,bachelor,64.8
2.7,5.7,85.3,no,yes,medium,private,bachelor,80.0
3.8,4.5,87.0,no,yes,medium,public,high_school,75.3
9.3,4.8,91.3,yes,yes,high,private,bachelor,100.0
5.8,5.3,97.2,no,yes,medium,private,high_school,100.0
4.2,4.0,84.9,yes,yes,medium,public,master,100.0
1.9,4.3,43.3,yes,yes,low,private,high_school,58.2
9.7,8.2,41.3,no,no,medium,public,high_school,100.0
0.2,7.7,84.4,yes,yes,medium,public,high_school,91.1
4.0,9.7,43.4,no,yes,medium,public,master,97.6
2.9,6.4,59.0,no,yes,medium,public,bachelor,79.7
1.5,6.7,48.2,yes,yes,medium,private,master,58.4
2.1,4.4,98.1,no,yes,low,public,bachelor,97.5
5.9,4.9,59.0,no,yes,low,private,high_school,81.5
5.1,8.1,43.3,no,yes,medium,private,master,75.6
6.2,5.4,97.0,yes,no,medium,public,high_school,100.0
8.7,8.6,76.5,no,yes,medium,public,high_school,100.0
10.7,8.2,42.2,yes,yes,high,public,high_school,100.0
1.4,8.5,90.0,yes,yes,medium,private,high_school,99.1
1.0,8.1,49.2,no,no,low,public,high_school,58.5
3.8,8.2,88.1,no,no,medium,public,high_school,90.1
6.6,7.3,76.2,yes,yes,medium,public,high_school,100.0
1.2,8.1,50.6,yes,yes,medium,private,bachelor,65.3
8.6,7.2,85.2,no,yes,low,public,high_school,100.0
6.7,5.2,67.3,no,yes,medium,private,bachelor,94.9
9.0,5.3,78.3,no,yes,low,public,high_school,100.0
4.3,6.4,92.2,no,no,medium,public,master,98.3
4.8,4.1,55.6,yes,yes,medium,public,high_school,87.5
9.7,9.3,62.0,yes,yes,medium,private,master,100.0
3.2,5.6,99.8,no,yes,medium,private,bachelor,93.8
4.6,4.3,70.5,yes,yes,medium,public,bachelor,94.9
0.2,6.5,73.5,yes,yes,low,public,high_school,84.1
6.7,8.9,57.1,yes,yes,medium,public,high_school,100.0
10.2,6.4,65.0,yes,yes,high,public,master,100.0
0.3,5.6,70.1,no,yes,medium,public,bachelor,58.1
7.4,7.3,55.5,no,no,low,public,bachelor,100.0
10.1,7.4,54.3,no,no,low,public,master,100.0
5.9,8.6,76.0,yes,yes,medium,private,high_school,100.0
3.8,8.8,51.0,no,yes,low,public,high_school,78.3
12.0,8.2,73.2,no,no,medium,private,bachelor,100.0
0.8,4.0,82.4,no,yes,medium,public,bachelor,68.3
2.5,4.0,51.9,no,yes,high,public,bachelor,70.5
10.6,9.9,84.8,yes,yes,medium,public,master,100.0
3.6,5.6,61.6,yes,yes,medium,private,high_school,100.0
9.8,5.7,99.6,yes,no,low,public,bachelor,100.0
4.0,8.4,98.7,no,yes,low,private,bachelor,100.0
9.7,7.5,87.9,no,no,low,public,bachelor,100.0
8.2,6.8,60.6,no,yes,low,public,high_school,100.0
5.6,4.7,96.2,no,yes,medium,private,bachelor,100.0
6.3,4.5,99.9,no,yes,medium,private,high_school,100.0
2.1,8.2,67.7,yes,no,medium,private,bachelor,72.3
1.4,4.7,76.9,no,yes,low,private,high_school,64.9
8.6,6.6,40.4,no,yes,low,private,master,88.6
10.2,8.4,42.6,yes,yes,medium,public,bachelor,100.0
8.7,9.5,70.0,no,yes,medium,public,bachelor,100.0
11.0,9.2,76.6,no,yes,low,private,master,100.0
10.7,9.2,58.7,yes,no,high,private,bachelor,100.0
9.3,6.2,45.9,yes,yes,medium,private,bachelor,100.0
10.8,9.6,86.9,no,no,low,public,high_school,100.0
2.0,8.1,65.1,yes,yes,low,private,bachelor,94.2
8.8,9.3,78.9,yes,yes,medium,public,high_school,100.0
9.0,4.5,79.0,no,yes,medium,private,bachelor,100.0
1.8,4.2,72.8,no,yes,high,private,master,78.3
10.9,6.6,50.7,yes,yes,medium,public,high_school,100.0
0.1,9.0,77.0,no,yes,medium,public,master,70.7
5.2,6.5,59.3,no,yes,medium,private,bachelor,82.4
0.3,9.3,89.1,yes,yes,medium,public,bachelor,95.7
6.3,5.4,51.6,yes,yes,low,private,bachelor,100.0
4.9,4.2,57.5,no,yes,medium,public,bachelor,80.1
7.5,8.6,66.4,yes,yes,medium,public,master,100.0
9.2,7.8,84.4,no,yes,high,public,master,100.0
9.2,6.6,83.2,no,yes,medium,public,bachelor,100.0
8.7,9.1,60.2,no,yes,medium,public,bachelor,100.0
1.2,8.9,70.6,no,yes,medium,private,high_school,76.8
5.0,5.9,54.1,no,yes,high,private,high_school,76.3
