year,mileage,engine_size,fuel_type,transmission,brand,horsepower,price_thb
2001,16486,2.0,diesel,manual,Toyota,231,484218
2002,31685,1.6,diesel,manual,Mercedes,147,481467
2014,57975,1.4,hybrid,automatic,Ford,177,508316
2022,102208,1.4,petrol,automatic,Mercedes,114,505588
2018,140932,1.0,petrol,automatic,Ford,179,499799
2012,114504,3.0,diesel,manual,Honda,250,495886
2004,57125,4.0,electric,manual,BMW,209,677547
2021,150293,3.0,diesel,automatic,BMW,145,518913
2005,82330,4.0,diesel,automatic,Toyota,190,477002
2013,20812,2.5,diesel,manual,Nissan,184,510921
2003,63781,4.0,hybrid,automatic,Ford,180,483184
2021,33723,1.0,petrol,automatic,Mercedes,216,504961
2018,10083,1.6,petrol,manual,Nissan,216,517556
2022,13031,1.6,electric,manual,Honda,142,697448
2006,54110,1.4,hybrid,automatic,Honda,188,497612
2003,90168,1.6,petrol,automatic,Honda,127,481850
2001,102728,2.5,diesel,automatic,BMW,94,464075
2006,10211,2.0,petrol,automatic,Mercedes,133,491569
2002,47869,1.6,petrol,manual,Honda,145,486798
2014,79463,1.0,electric,manual,Honda,50,706362
2000,66074,2.5,petrol,automatic,Toyota,201,494572
2001,87781,1.6,hybrid,manual,Ford,16,474149
2009,42612,3.0,petrol,automatic,Ford,312,485546
2015,110916,4.0,diesel,automatic,Ford,240,542428
2014,59830,1.6,petrol,automatic,Nissan,134,474665
2023,90308,3.0,diesel,manual,Toyota,150,524738
2014,44769,2.5,diesel,automatic,BMW,168,504909
2013,62335,1.6,diesel,automatic,Nissan,114,475007
2021,3841,3.0,petrol,automatic,Toyota,161,506515
2013,26529,2.0,petrol,automatic,Honda,141,493598
2005,51701,1.4,petrol,manual,Mercedes,144,502603
2013,64002,2.5,petrol,manual,Nissan,160,485600
2016,167248,3.0,diesel,manual,Nissan,71,489750
2017,44724,1.0,diesel,manual,Honda,152,466618
2019,4934,1.6,diesel,automatic,Honda,159,531241
2018,128099,3.0,diesel,automatic,Mercedes,157,487502
2016,103153,4.0,petrol,automatic,Ford,137,503863
2015,13739,3.0,petrol,automatic,Nissan,218,502418
2007,78610,3.0,petrol,manual,Toyota,128,483269
2006,93408,4.0,hybrid,automatic,BMW,163,498187
2019,66553,1.4,diesel,manual,Honda,227,535728
2011,73032,4.0,petrol,manual,Honda,145,495872
2008,34709,4.0,petrol,automatic,BMW,162,498786
2013,80151,1.0,hybrid,automatic,Toyota,144,499953
2019,40345,4.0,diesel,automatic,Honda,224,525682
2000,45815,1.0,diesel,manual,BMW,134,467776
2009,67850,2.0,petrol,automatic,Honda,227,511790
2016,7037,4.0,petrol,manual,Ford,143,516097
2016,100539,1.4,electric,manual,Ford,98,712078
2016,14767,4.0,diesel,automatic,Honda,190,493297
2003,38120,3.0,petrol,automatic,Honda,131,476454
2016,10771,2.5,hybrid,automatic,Ford,187,506552
2017,58340,1.4,diesel,automatic,Honda,13,469977
2019,67460,4.0,petrol,automatic,Toyota,150,528423
2022,3494,1.4,petrol,automatic,Toyota,122,506575
2001,17104,1.0,petrol,automatic,Mercedes,86,476638
2007,59677,2.0,petrol,automatic,Toyota,116,475124
2012,98889,2.0,diesel,automatic,Nissan,115,471296
2022,11596,1.4,petrol,automatic,Nissan,147,499699
2021,75167,1.4,hybrid,manual,Nissan,67,504148
2019,9547,4.0,electric,automatic,Honda,168,716041
2021,72635,1.6,petrol,automatic,Honda,231,516406
2014,90231,3.0,diesel,manual,BMW,166,503480
2019,80968,1.0,hybrid,automatic,Nissan,198,503284
2022,99775,3.0,diesel,manual,Nissan,215,521643
2008,97109,2.5,diesel,automatic,Toyota,224,516162
2002,133877,2.5,petrol,automatic,Ford,262,498531
2002,64344,2.0,diesel,manual,Ford,120,488743
2001,133995,1.0,diesel,manual,Mercedes,106,478390
2000,22236,3.0,electric,automatic,BMW,197,657212
2013,51786,2.0,petrol,manual,Ford,192,483190
2016,55399,2.5,hybrid,manual,Mercedes,196,510503
2012,18288,1.4,petrol,manual,Toyota,263,502875
2018,34426,1.0,electric,automatic,BMW,150,709597
2022,94771,1.0,diesel,automatic,BMW,175,536146
2014,22802,3.0,diesel,automatic,Nissan,91,503170
2013,43966,4.0,diesel,automatic,Honda,278,524623
2001,123383,1.6,petrol,automatic,Nissan,129,477240
2006,82883,3.0,petrol,automatic,Toyota,131,471371
2016,129608,1.4,petrol,manual,Nissan,129,497452
2017,64821,4.0,petrol,automatic,BMW,111,486308
2005,82219,4.0,petrol,automatic,Nissan,106,503354
2020,50373,4.0,diesel,automatic,Mercedes,118,515295
2007,26052,1.4,diesel,manual,Nissan,68,487747
2001,82071,2.0,petrol,manual,Ford,102,492199
2000,42563,1.0,hybrid,manual,Toyota,266,454979
2015,85780,2.0,diesel,manual,Toyota,194,510842
2006,37181,1.4,electric,automatic,BMW,205,669740
2021,52984,1.6,diesel,manual,Nissan,220,512991
2023,56188,1.0,petrol,automatic,BMW,260,514624
2010,103078,1.4,diesel,manual,BMW,43,492366
2014,43026,1.6,diesel,manual,Mercedes,76,494502
2012,107479,3.0,petrol,automatic,Honda,101,510256
2023,23805,2.5,petrol,manual,BMW,121,499151
2001,70794,4.0,petrol,automatic,Honda,131,486616
2013,32495,1.4,petrol,manual,Honda,123,495773
2023,104629,2.5,petrol,manual,Toyota,163,487010
2005,27253,2.0,diesel,automatic,Ford,152,469880
2008,31330,2.5,petrol,automatic,Ford,106,482231
2006,9747,1.4,diesel,manual,Nissan,19,491204
2017,64121,2.5,diesel,manual,Mercedes,90,503655
2023,83641,4.0,petrol,automatic,Mercedes,117,490347
2008,79325,1.0,petrol,automatic,Ford,135,484695
2022,54230,1.4,petrol,automatic,Nissan,82,533827
2003,33578,1.6,petrol,manual,Ford,120,479768
2008,48852,2.5,petrol,automatic,Nissan,82,477650
2003,50378,1.0,petrol,manual,Nissan,142,487236
2011,70104,4.0,diesel,manual,Nissan,85,498750
2003,67354,2.0,diesel,automatic,Nissan,99,469577
2023,129588,2.0,petrol,manual,Toyota,71,511718
2019,61585,4.0,petrol,manual,Toyota,140,498766
2013,74432,2.5,diesel,manual,Ford,98,502129
2023,62858,2.0,hybrid,manual,Nissan,204,517365
2023,46930,1.6,diesel,automatic,BMW,174,519649
2006,74162,1.4,diesel,automatic,Nissan,145,473212
2012,43173,1.0,petrol,manual,BMW,102,477840
2021,57671,3.0,petrol,automatic,Toyota,172,523442
2007,106370,2.5,hybrid,automatic,Nissan,191,488589
2022,40585,2.0,petrol,automatic,Honda,158,513915
2004,75493,1.4,electric,manual,Ford,246,685084
2011,39253,3.0,diesel,automatic,Nissan,177,508140
2012,52586,1.6,diesel,automatic,Mercedes,204,489202
2019,40315,2.0,petrol,manual,BMW,158,503105
2013,64810,2.0,diesel,manual,Nissan,190,510489
2017,50550,1.0,diesel,manual,Honda,102,515254
2023,65660,1.6,petrol,automatic,BMW,122,500403
2019,44853,1.6,petrol,manual,Honda,170,535495
2003,75453,2.5,hybrid,automatic,Ford,170,486798
2020,8585,3.0,diesel,manual,Ford,180,492756
2017,64456,1.0,petrol,automatic,Ford,216,512315
2006,22516,2.5,petrol,manual,Toyota,64,472375
2014,106714,1.0,diesel,automatic,Honda,91,498791
2020,21871,1.6,diesel,automatic,Nissan,163,506397
2005,99808,1.0,diesel,manual,Mercedes,106,481094
2015,59538,1.0,diesel,automatic,Mercedes,352,500986
2019,13150,1.0,petrol,manual,Ford,180,521750
2023,24949,1.4,diesel,automatic,Mercedes,145,492758
2007,93912,1.4,petrol,automatic,BMW,119,467388
2020,91640,3.0,hybrid,manual,Honda,121,509190
2015,8025,3.0,diesel,manual,Honda,151,522622
2021,122514,4.0,petrol,manual,Honda,156,502691
2015,59017,1.6,petrol,automatic,BMW,122,506774
2002,95393,1.0,hybrid,automatic,Nissan,133,493740
2016,11526,1.6,petrol,automatic,Toyota,230,518620
2008,41762,1.4,petrol,manual,BMW,233,489971
2002,76636,1.0,diesel,manual,Honda,165,463834
2019,47473,2.5,petrol,automatic,Honda,69,464906
2006,56831,1.4,diesel,manual,Honda,182,483617
2017,52368,1.4,petrol,automatic,Nissan,243,526611
2011,18587,1.4,diesel,manual,Mercedes,232,482197
2018,17172,4.0,petrol,manual,Toyota,194,517023
2015,3885,1.0,petrol,automatic,BMW,235,491047
2021,105302,3.0,hybrid,automatic,Honda,153,509331
2023,117854,2.0,diesel,automatic,Ford,187,524076
2016,73662,2.5,petrol,manual,Toyota,109,486827
2019,50797,2.5,petrol,manual,Ford,167,508417
2014,61133,1.6,diesel,automatic,Toyota,229,497093
2000,105274,1.0,diesel,automatic,Honda,114,483697
2001,19337,3.0,electric,automatic,Toyota,98,676869
2007,16995,1.4,electric,manual,Toyota,155,687747
2021,100161,2.0,diesel,automatic,Honda,136,529755
2001,108490,1.0,petrol,automatic,Nissan,188,490474
2018,83588,1.0,diesel,automatic,Ford,122,490404
2008,18201,4.0,diesel,automatic,Nissan,253,494952
2008,99581,3.0,petrol,manual,Ford,72,480621
2012,114457,2.0,petrol,automatic,Mercedes,225,501204
2005,88730,1.4,petrol,automatic,Ford,104,517687
2014,39760,1.0,petrol,automatic,Ford,42,493922
2018,64983,2.5,petrol,automatic,Toyota,164,473581
2020,83409,2.5,diesel,automatic,Mercedes,134,496578
2014,39375,2.0,diesel,automatic,Honda,83,462654
2017,67467,1.4,diesel,manual,Honda,49,488473
2006,39461,2.0,petrol,manual,BMW,149,455110
2010,25536,1.0,petrol,manual,Mercedes,208,482566
2007,120423,4.0,diesel,manual,Toyota,185,466489
2005,68602,4.0,petrol,manual,BMW,153,489502
2007,15760,2.5,diesel,manual,BMW,178,488748
2001,4935,4.0,electric,manual,Honda,148,681884
2018,25560,1.6,petrol,manual,Ford,64,494551
2015,25777,2.0,petrol,manual,Toyota,64,470705
2006,65861,4.0,diesel,manual,Mercedes,137,491662
2009,79422,1.6,electric,automatic,BMW,140,717533
2011,79379,1.6,diesel,automatic,Toyota,201,502718
2016,29995,3.0,hybrid,manual,Honda,195,497211
2006,96825,2.5,petrol,automatic,BMW,186,466458
2021,109113,2.0,electric,automatic,BMW,133,692518
2007,49601,1.6,petrol,manual,Nissan,67,486655
2006,18717,1.0,petrol,automatic,Honda,174,503016
2003,64011,4.0,hybrid,automatic,Nissan,181,486892
2002,146403,3.0,hybrid,automatic,Honda,6,479478
2018,17668,1.4,petrol,manual,Honda,99,509535
2014,38953,4.0,petrol,automatic,Nissan,108,501238
2003,62297,4.0,petrol,manual,Toyota,157,471182
2008,81666,4.0,petrol,automatic,Toyota,101,486688
2012,19423,3.0,petrol,automatic,Toyota,147,481034
2017,112235,1.4,electric,automatic,Ford,137,700721
2020,111691,2.5,diesel,automatic,BMW,140,510162
2015,43008,2.0,diesel,manual,Toyota,107,520241
2000,168264,2.0,diesel,automatic,Ford,111,453234
2003,109108,1.4,diesel,automatic,BMW,85,482522
2017,106977,4.0,diesel,manual,Toyota,172,525478
2007,107502,1.0,diesel,automatic,Honda,184,500602
2019,106348,1.4,petrol,manual,Mercedes,103,513234
2015,59123,1.4,diesel,manual,Toyota,241,514595
2020,55161,2.0,diesel,automatic,Mercedes,131,523955
2010,22257,1.6,hybrid,manual,Toyota,241,481967
2019,36905,1.0,electric,automatic,Honda,111,680591
2020,47564,2.0,petrol,manual,Mercedes,28,496144
2020,62618,3.0,diesel,manual,Ford,174,475502
2020,123931,1.4,petrol,automatic,Honda,164,525579
2018,24099,1.6,diesel,manual,Mercedes,152,521470
2022,113797,1.0,petrol,automatic,Mercedes,111,499379
2018,19524,2.5,petrol,automatic,Nissan,147,497198
2017,55819,1.0,petrol,automatic,Nissan,119,497934
2018,31024,1.0,diesel,automatic,Honda,131,502260
2010,134171,4.0,petrol,automatic,Honda,200,496907
2002,40001,1.4,hybrid,manual,Honda,161,488253
2007,80857,1.4,petrol,automatic,BMW,186,486790
2019,82930,2.5,hybrid,manual,Ford,136,517527
2018,13599,2.5,diesel,automatic,Toyota,129,508009
2009,56129,2.5,petrol,automatic,Nissan,80,474795
2015,108173,2.0,petrol,automatic,Mercedes,127,516686
2004,25070,2.0,diesel,automatic,Nissan,49,453546
2019,93158,1.4,diesel,automatic,Toyota,114,500237
2008,46756,1.4,diesel,automatic,Honda,145,502103
2007,106546,2.5,petrol,automatic,Nissan,183,478293
2010,129899,2.0,diesel,manual,Ford,133,494283
2015,20313,1.6,electric,manual,Ford,170,708250
2006,6474,2.0,petrol,automatic,BMW,19,461612
2014,42459,1.4,petrol,automatic,Nissan,146,495592
2023,118616,2.0,petrol,manual,Honda,49,500072
2020,81298,1.4,diesel,manual,Mercedes,77,491883
2019,10209,2.5,diesel,manual,BMW,138,538065
2022,87156,4.0,petrol,automatic,Honda,226,503633
2016,23450,2.5,petrol,automatic,BMW,172,516833
2005,94821,2.5,petrol,manual,Nissan,151,477687
2014,81558,1.6,petrol,manual,Toyota,148,480540
2007,23275,4.0,petrol,manual,Nissan,107,484602
2006,57361,1.6,electric,manual,Honda,117,692096
2001,108987,1.4,diesel,manual,Mercedes,175,493307
2012,15681,1.0,petrol,automatic,Mercedes,66,510713
2022,72044,3.0,hybrid,automatic,Honda,185,555978
2005,15724,1.6,diesel,manual,BMW,126,485337
2004,59352,1.4,diesel,manual,Ford,199,475973
2019,78310,4.0,petrol,manual,Honda,207,515853
2000,140526,2.0,petrol,automatic,Nissan,49,463926
2017,58948,4.0,hybrid,manual,Mercedes,115,512589
2014,118621,2.5,diesel,manual,Toyota,98,473382
2022,26380,2.5,petrol,manual,Mercedes,41,535805
2009,40199,2.5,diesel,automatic,Ford,88,497380
2002,83482,1.4,hybrid,automatic,Mercedes,296,465419
2004,68070,2.5,petrol,automatic,Ford,186,474244
2023,46863,1.6,diesel,manual,Honda,265,531941
2012,45779,2.0,electric,automatic,Mercedes,199,715565
2007,113331,2.5,petrol,automatic,BMW,105,463816
2021,48462,1.4,diesel,manual,Nissan,127,516355
2020,19166,2.0,diesel,manual,BMW,185,479589
2001,25804,2.5,diesel,automatic,Nissan,176,478239
2008,86796,1.0,petrol,manual,Mercedes,115,501880
2016,150260,2.5,petrol,manual,Mercedes,59,484447
2017,39040,3.0,diesel,automatic,Nissan,347,494656
2012,145945,4.0,petrol,automatic,Toyota,141,495473
2000,59566,1.6,petrol,manual,Mercedes,130,465329
2011,48807,2.0,petrol,automatic,Toyota,156,502423
2019,23588,1.6,petrol,automatic,Toyota,135,490020
2019,52079,1.0,electric,manual,Nissan,157,693470
2020,29754,1.0,petrol,automatic,Toyota,227,481844
2004,26544,3.0,electric,manual,Toyota,142,683909
2007,6082,1.6,petrol,manual,Honda,80,478486
2014,130644,2.0,diesel,automatic,BMW,140,478374
2002,102575,1.0,petrol,manual,Toyota,122,479666
2005,70864,1.0,diesel,manual,BMW,235,505706
2012,54239,2.5,diesel,manual,Toyota,220,496366
2011,59776,3.0,petrol,automatic,BMW,156,497002
2018,28923,4.0,hybrid,automatic,Mercedes,73,500939
2017,14645,1.4,petrol,manual,Mercedes,76,477515
2023,88696,4.0,diesel,automatic,BMW,150,541348
2000,49511,4.0,electric,manual,Toyota,170,670537
2006,73029,1.0,hybrid,automatic,Honda,127,493001
2011,6497,2.0,electric,manual,BMW,121,701718
2009,47382,2.0,petrol,automatic,Ford,114,484526
2011,13865,2.5,petrol,automatic,Honda,148,501441
2010,79362,2.0,petrol,automatic,Ford,7,483247
2003,99811,2.5,diesel,manual,BMW,83,453875
2018,118387,1.0,diesel,automatic,Toyota,112,494975
2005,34840,1.0,petrol,manual,Ford,222,480071
2008,14884,4.0,diesel,automatic,BMW,101,477153
2019,43256,1.0,petrol,manual,Honda,160,485739
2009,32027,1.0,petrol,manual,Toyota,163,507436
2004,77249,1.4,diesel,manual,Ford,227,512189
2012,3888,3.0,diesel,manual,BMW,225,514670
2008,10175,4.0,hybrid,automatic,Toyota,146,506737
2001,46142,4.0,petrol,automatic,Toyota,121,470010
2017,89060,3.0,diesel,automatic,Mercedes,110,488756
2020,18901,1.4,petrol,automatic,Toyota,135,493121
2000,93964,1.0,petrol,automatic,BMW,123,483500
2023,74613,2.0,diesel,manual,Honda,183,516545
2020,121871,2.5,hybrid,manual,Nissan,175,506841
2011,27909,4.0,petrol,manual,Mercedes,185,514727
2009,4258,3.0,petrol,manual,BMW,225,501574
2001,83941,1.6,diesel,manual,BMW,261,473800
2008,71194,2.5,petrol,manual,BMW,157,478346
2001,68099,1.6,hybrid,manual,Ford,215,492929
2022,18086,1.6,diesel,manual,Ford,128,522865
2023,91006,4.0,petrol,automatic,Honda,221,524455
2021,34662,1.0,diesel,manual,BMW,213,540993
2013,68082,1.6,diesel,automatic,Ford,210,524825
2010,41617,1.0,petrol,automatic,Ford,155,498015
2022,74175,1.4,diesel,automatic,Ford,109,493141
2010,12194,2.0,petrol,manual,Honda,66,464630
2016,79987,1.6,diesel,manual,Honda,147,493949
2003,86303,4.0,petrol,manual,BMW,241,499078
2012,64639,2.0,hybrid,manual,Mercedes,131,519879
2006,125755,1.0,petrol,manual,BMW,197,495021
2015,68286,1.6,petrol,automatic,Ford,200,520030
2000,96750,2.5,hybrid,automatic,Nissan,132,470880
2012,63696,4.0,petrol,automatic,Ford,228,509581
2000,93175,1.4,petrol,manual,Toyota,24,478270
2010,1332,3.0,petrol,manual,Nissan,76,455386
2005,61317,1.4,petrol,automatic,Nissan,95,472898
2019,14922,1.6,hybrid,manual,BMW,100,514745
2002,65617,4.0,diesel,automatic,Ford,170,484717
2011,75367,1.4,petrol,automatic,Ford,167,475912
2004,92299,3.0,diesel,manual,Mercedes,173,447388
2008,79596,2.5,diesel,manual,Toyota,185,485313
2011,46525,2.0,hybrid,automatic,BMW,92,486786
2009,29856,2.5,petrol,manual,Honda,76,470321
2018,33700,1.4,diesel,manual,BMW,173,506986
2004,62754,3.0,diesel,manual,Nissan,112,486555
2004,105514,2.0,diesel,manual,BMW,55,484460
2008,64335,4.0,diesel,automatic,Mercedes,208,457301
2019,56609,3.0,petrol,automatic,BMW,233,491425
2016,65722,2.5,diesel,manual,Mercedes,243,502870
2009,44491,1.0,diesel,automatic,Nissan,161,498962
2020,67798,1.0,electric,automatic,Mercedes,187,716298
2000,43801,2.0,petrol,automatic,Ford,232,489638
2021,24044,2.0,diesel,automatic,Honda,111,498628
2015,56988,2.0,hybrid,manual,Nissan,216,498865
2014,56115,1.0,diesel,manual,Mercedes,166,487355
2022,135006,2.5,hybrid,automatic,Toyota,204,524842
2016,27772,2.0,hybrid,automatic,Nissan,161,487072
2019,53622,1.0,petrol,automatic,Toyota,227,523410
2012,49733,2.0,diesel,automatic,Honda,163,498157
2000,42092,2.0,petrol,automatic,Mercedes,60,468124
2007,80524,3.0,diesel,manual,Nissan,237,483609
2004,149518,2.0,petrol,manual,Nissan,93,457106
2005,47166,1.0,diesel,manual,Honda,225,479785
2022,80635,2.5,diesel,automatic,Ford,144,503569
2019,16494,1.0,petrol,automatic,Toyota,220,474564
2013,44258,1.0,petrol,automatic,Nissan,218,497979
2021,122209,2.0,electric,automatic,BMW,175,723365
2022,57800,3.0,petrol,automatic,Toyota,180,519908
2010,80093,1.6,petrol,automatic,Mercedes,175,485556
2005,35089,4.0,petrol,automatic,Honda,29,474524
2010,70302,1.6,electric,manual,Toyota,157,683217
2012,125311,1.6,electric,automatic,BMW,83,690871
2011,13596,1.0,diesel,automatic,BMW,160,516401
2021,147461,2.0,hybrid,manual,Honda,81,516507
2001,1837,4.0,petrol,manual,Honda,78,479551
2020,40579,1.6,electric,automatic,Toyota,246,706286
2002,26563,1.4,petrol,manual,Mercedes,214,495369
2022,49101,1.4,petrol,automatic,Ford,149,483616
2003,26043,1.4,petrol,manual,BMW,161,477594
2016,23011,2.5,diesel,automatic,Honda,135,507555
2021,12530,2.0,diesel,automatic,Ford,184,521326
2005,85762,1.0,petrol,manual,Ford,109,490268
2006,50481,1.0,electric,manual,Ford,209,694142
2014,40019,2.0,petrol,automatic,Mercedes,134,492784
2010,71290,3.0,petrol,automatic,Honda,124,496989
2023,214,4.0,diesel,automatic,BMW,151,496287
2002,72254,3.0,diesel,manual,Honda,114,463449
2005,56249,2.5,hybrid,manual,Toyota,169,485946
2001,57478,2.0,diesel,manual,BMW,117,477457
2013,80766,3.0,diesel,automatic,Honda,178,470355
2008,125740,4.0,petrol,manual,BMW,222,500587
2017,72918,2.5,diesel,manual,Toyota,106,509570
2018,52005,1.6,electric,manual,Nissan,142,701200
2011,12694,1.6,petrol,manual,BMW,177,530276
2012,35632,2.5,hybrid,automatic,Nissan,123,481595
2011,65115,2.0,diesel,manual,Ford,177,489243
2011,9614,1.6,petrol,automatic,Mercedes,183,489213
2017,41610,2.0,electric,automatic,Toyota,214,705477
2008,45965,3.0,diesel,manual,BMW,113,480109
2016,69579,1.6,petrol,automatic,Toyota,93,474337
2020,89772,4.0,petrol,automatic,Ford,131,496281
2015,102450,4.0,petrol,automatic,Nissan,91,492315
2016,95028,3.0,hybrid,manual,Mercedes,183,521068
2020,96103,4.0,diesel,manual,Toyota,80,533433
2023,1277,2.0,hybrid,manual,Nissan,289,541652
2007,54016,2.0,petrol,automatic,Ford,227,481029
2010,83193,4.0,petrol,automatic,Ford,150,480562
2023,61854,1.4,petrol,automatic,Ford,202,512270
2001,53794,2.5,diesel,manual,Nissan,51,496348
2007,61123,1.0,electric,manual,BMW,301,696098
2011,69821,2.5,diesel,automatic,Honda,114,469707
2020,56924,4.0,petrol,automatic,Toyota,142,497842
2000,26148,2.0,hybrid,automatic,Honda,38,478395
2022,8112,2.0,diesel,manual,Ford,179,521669
2012,51838,2.5,petrol,manual,Honda,83,485636
2021,62299,2.0,hybrid,manual,Nissan,156,518231
2020,61863,3.0,petrol,manual,Ford,117,469262
2016,98116,1.6,petrol,manual,Ford,85,496357
2013,105224,2.0,petrol,manual,Mercedes,101,504490
2013,55839,4.0,diesel,manual,Mercedes,163,484047
2015,56125,4.0,petrol,manual,Nissan,73,479794
2016,82925,2.5,petrol,manual,Nissan,105,468403
2005,77061,2.5,petrol,automatic,Honda,189,510468
2006,42297,2.5,diesel,manual,Toyota,306,486677
2000,86360,4.0,electric,automatic,Honda,178,681855
2014,54145,1.4,diesel,automatic,Nissan,94,501578
2019,54995,4.0,petrol,automatic,Toyota,127,525341
2020,77344,3.0,petrol,automatic,Honda,151,503771
2017,47953,4.0,petrol,manual,BMW,129,491728
2012,63786,3.0,petrol,automatic,BMW,204,500916
2023,71901,4.0,diesel,automatic,Toyota,163,530801
2001,92687,4.0,diesel,automatic,Mercedes,204,479267
2018,89925,1.4,diesel,manual,Toyota,131,487156
2014,70681,3.0,diesel,manual,Honda,229,480208
2011,44350,1.4,petrol,manual,Ford,140,473380
2014,69734,3.0,petrol,automatic,BMW,91,505245
2017,75915,1.4,diesel,automatic,Ford,280,507090
2013,84037,1.4,petrol,manual,BMW,40,477587
2005,21759,3.0,petrol,automatic,Honda,105,469160
2011,24883,1.4,petrol,automatic,BMW,112,490735
2019,92246,4.0,petrol,manual,Toyota,300,512908
2022,11018,3.0,petrol,automatic,Ford,258,513543
2005,108886,1.4,hybrid,automatic,Nissan,239,510859
2008,36853,4.0,hybrid,manual,Ford,130,509470
2003,18913,4.0,petrol,automatic,Honda,295,467949
2016,73984,2.5,petrol,manual,Nissan,172,506673
2001,84647,1.0,diesel,automatic,Ford,208,470487
2015,82263,3.0,petrol,automatic,Honda,160,495576
2023,80064,1.4,petrol,automatic,Mercedes,147,514899
2013,31688,2.5,petrol,manual,Toyota,134,491029
2007,1076,1.0,petrol,manual,BMW,137,488916
2013,44413,1.4,diesel,manual,BMW,186,508474
2001,14171,1.0,hybrid,automatic,BMW,172,483678
2015,77301,3.0,petrol,manual,Mercedes,148,488637
2003,94969,4.0,petrol,automatic,Toyota,240,478262
2000,66907,4.0,petrol,manual,Ford,28,444644
2022,59962,1.0,petrol,manual,Ford,180,498591
2019,47582,4.0,electric,manual,Toyota,193,737371
2013,99213,1.6,diesel,automatic,Nissan,218,489059
2007,13218,2.0,diesel,automatic,Toyota,146,468279
2002,11753,4.0,diesel,manual,BMW,162,484758
2004,133069,1.6,hybrid,manual,Ford,209,485064
2005,9801,3.0,hybrid,automatic,Toyota,239,487686
2021,81241,3.0,petrol,manual,Ford,131,527115
2007,89471,1.0,petrol,automatic,Toyota,166,496016
2005,17050,4.0,diesel,automatic,Honda,250,483550
2005,9371,4.0,petrol,automatic,BMW,22,466892
2003,110588,4.0,electric,automatic,Toyota,108,669601
2006,21082,2.5,diesel,automatic,Mercedes,237,505081
2023,22174,1.4,electric,automatic,Toyota,215,711077
2018,39164,2.0,petrol,automatic,Honda,181,478582
2006,21180,4.0,hybrid,automatic,Mercedes,123,482115
2002,81050,1.4,petrol,manual,Mercedes,97,451704
2007,12718,2.5,electric,automatic,Toyota,114,716383
2000,18630,3.0,petrol,manual,Honda,242,468874
2000,106254,2.0,diesel,automatic,Mercedes,112,470532
2013,14683,1.6,diesel,automatic,BMW,156,499853
2005,29919,3.0,petrol,manual,Nissan,104,475490
2009,93194,3.0,diesel,manual,BMW,200,489149
2013,62809,1.0,electric,automatic,Ford,117,699187
2003,104493,2.5,petrol,automatic,Ford,144,502913
2005,93805,1.0,diesel,automatic,Honda,48,486852
2015,41862,1.0,petrol,automatic,Mercedes,53,512917
2020,100876,1.4,hybrid,manual,BMW,150,490300
2000,66710,3.0,diesel,automatic,BMW,70,474360
2005,36064,2.5,petrol,manual,Nissan,276,495908
2008,71616,1.0,petrol,automatic,Honda,26,483346
2014,7621,1.6,diesel,manual,Mercedes,101,513723
2011,93353,2.0,petrol,automatic,Honda,151,489268
2002,88164,4.0,petrol,manual,Toyota,128,471157
2010,64814,2.5,diesel,manual,BMW,83,493649
2014,16730,1.4,petrol,automatic,Honda,92,465686
2002,106176,2.5,petrol,manual,Honda,90,470647
2013,77483,3.0,diesel,manual,Nissan,132,492047
2001,59081,1.4,petrol,automatic,Toyota,267,473054
2003,52773,2.0,petrol,automatic,Ford,154,496675
2018,38531,1.6,petrol,manual,BMW,220,492666
2011,46221,1.0,diesel,automatic,Nissan,180,492861
2001,90768,2.5,diesel,automatic,Honda,216,487177
2016,39330,1.4,diesel,manual,BMW,17,509661
2002,49027,2.0,petrol,manual,Ford,131,477321
2009,54896,1.0,petrol,manual,Honda,228,509782
2015,55992,4.0,petrol,automatic,Toyota,115,506208
2021,35287,2.0,petrol,manual,BMW,255,517751
2008,53192,1.6,hybrid,manual,Nissan,239,478777
2010,73732,1.0,petrol,automatic,Toyota,121,467161
2020,23807,1.0,petrol,automatic,Ford,119,505117
2014,53377,4.0,petrol,manual,Ford,89,483979
2002,137239,1.0,diesel,automatic,BMW,112,489748
2015,57474,1.4,diesel,manual,Ford,76,503767
2020,22783,1.0,diesel,manual,Mercedes,175,505230
2020,18103,2.0,hybrid,automatic,Nissan,62,481594
2020,9392,1.4,diesel,automatic,BMW,186,516541
2011,125084,1.0,petrol,manual,Mercedes,187,480190
2022,100320,2.0,petrol,automatic,Ford,50,489623
2004,8414,2.0,diesel,automatic,BMW,242,474668
2006,68548,2.5,diesel,manual,Mercedes,180,485322
2008,108993,2.0,diesel,automatic,Ford,194,509072
2020,58381,4.0,diesel,manual,Honda,104,502244
2017,40335,3.0,diesel,automatic,Honda,187,497811
2020,149635,1.6,hybrid,automatic,Toyota,217,488475
2007,16213,1.0,diesel,manual,Honda,144,494301
2011,165303,4.0,diesel,manual,Mercedes,270,490393
2019,62399,1.0,petrol,manual,Nissan,152,506422
2001,111617,1.0,diesel,manual,Honda,218,477626
2009,11975,2.0,hybrid,manual,BMW,167,503432
2018,30976,2.0,petrol,manual,BMW,185,503441
2008,16801,1.0,diesel,automatic,BMW,49,479036
2023,55958,3.0,diesel,manual,Honda,172,519546
2007,72309,1.4,petrol,automatic,Honda,105,514504
2023,102672,1.4,diesel,automatic,Toyota,99,519746
2023,8458,1.6,petrol,automatic,Nissan,254,517490
2023,66275,2.5,electric,automatic,Nissan,137,709507
2000,95796,4.0,hybrid,manual,Ford,89,463247
2005,103287,1.6,petrol,manual,Toyota,128,467490
2011,42379,1.0,petrol,automatic,Mercedes,71,477888
2023,42876,4.0,diesel,automatic,BMW,236,505797
2018,56319,1.0,petrol,automatic,Honda,108,509440
2016,67442,1.0,petrol,automatic,Ford,181,486412
2001,112103,2.5,diesel,automatic,Ford,231,503978
2010,11596,2.0,petrol,automatic,Honda,119,499800
2017,28549,2.5,petrol,automatic,Toyota,181,504287
2022,6743,1.6,hybrid,manual,Ford,88,504044
2021,77110,2.0,hybrid,manual,Nissan,296,510820
2010,104054,2.0,diesel,automatic,Toyota,206,499531
2017,3161,1.6,hybrid,manual,Honda,138,516861
2007,63548,2.0,petrol,manual,Toyota,103,472192
2014,101160,4.0,petrol,manual,Nissan,143,473439
2008,91381,1.4,petrol,automatic,BMW,129,496868
2014,90910,1.6,diesel,manual,Honda,267,511225
2006,12404,1.6,hybrid,automatic,Nissan,76,462277
2019,90777,1.4,diesel,manual,Honda,158,494139
2012,52562,2.5,hybrid,manual,Nissan,148,480953
2012,102806,2.5,diesel,manual,Nissan,142,482492
2000,77966,2.5,petrol,manual,Ford,143,470584
2019,27379,2.0,petrol,automatic,Ford,143,499941
2003,71152,1.4,petrol,manual,Ford,202,474898
2023,92740,4.0,petrol,manual,BMW,186,502007
2003,39745,1.6,diesel,automatic,BMW,175,479068
2003,65152,1.6,petrol,automatic,Nissan,32,473575
2012,6535,1.6,diesel,manual,Mercedes,167,490615
2001,81961,2.0,diesel,manual,Honda,50,486880
2022,57749,2.0,petrol,automatic,Ford,188,519661
2014,96563,3.0,diesel,automatic,Honda,238,480177
2003,80834,4.0,diesel,manual,Nissan,94,483875
2005,43713,2.5,petrol,automatic,Toyota,134,491303
2002,26145,3.0,hybrid,manual,Nissan,114,469598
2006,16943,3.0,diesel,manual,BMW,224,468492
2005,39703,2.0,diesel,automatic,Mercedes,155,484021
2002,95483,2.5,hybrid,automatic,Toyota,253,487124
2003,10250,2.5,hybrid,manual,Honda,174,465595
2009,18571,1.6,hybrid,automatic,BMW,164,468851
2020,94359,2.0,petrol,manual,Ford,154,505006
2008,113158,2.5,petrol,manual,Toyota,199,488423
2005,20673,3.0,petrol,manual,BMW,45,468841
2019,18127,1.4,petrol,manual,Honda,155,503648
2010,116286,1.4,hybrid,automatic,Nissan,145,474058
2006,55056,2.0,diesel,automatic,Honda,193,481917
2017,24218,1.6,petrol,manual,Toyota,138,508539
2003,101784,1.6,petrol,automatic,Toyota,87,470210
2004,80139,2.5,petrol,automatic,Nissan,150,456920
2003,89466,4.0,diesel,automatic,Toyota,85,468209
2003,26302,2.0,diesel,automatic,Mercedes,34,455167
2012,74993,4.0,hybrid,manual,Ford,193,501447
2015,109851,1.4,hybrid,automatic,BMW,184,506002
2013,85631,3.0,petrol,automatic,Nissan,178,472858
2010,96794,2.5,petrol,automatic,Honda,228,508625
2001,116125,3.0,petrol,automatic,Honda,110,457617
2021,77106,4.0,petrol,manual,Ford,64,524007
2013,37395,2.5,hybrid,automatic,Toyota,145,494368
2023,95084,1.0,diesel,manual,Toyota,129,490124
2023,15771,3.0,diesel,manual,Honda,99,489290
2006,51107,2.0,diesel,manual,Ford,145,489821
2010,83523,3.0,petrol,automatic,Honda,113,482170
2003,68695,3.0,petrol,manual,Toyota,39,470170
2006,70098,2.5,diesel,automatic,Nissan,123,507031
2015,71985,1.4,diesel,manual,BMW,81,482491
2005,14562,4.0,petrol,automatic,Toyota,163,485439
2005,73034,1.0,diesel,manual,Nissan,110,501597
2001,67597,3.0,hybrid,automatic,BMW,216,486837
2023,61358,4.0,petrol,automatic,Mercedes,246,494080
2007,107577,4.0,diesel,manual,Ford,190,497280
2006,95156,1.4,petrol,manual,Nissan,56,460034
2023,85599,1.6,diesel,automatic,Mercedes,240,538802
2013,19031,1.0,diesel,automatic,Toyota,244,490676
2008,59306,1.0,electric,automatic,Ford,151,732622
2014,107377,4.0,petrol,manual,Nissan,229,525330
2021,51413,2.5,petrol,automatic,Toyota,116,492830
2017,122170,3.0,petrol,manual,Ford,38,492840
2011,86767,1.6,petrol,automatic,Ford,104,500124
2022,128382,2.5,diesel,automatic,Toyota,253,528994
2018,17306,2.0,hybrid,manual,Toyota,60,502435
2012,53813,1.4,petrol,automatic,Nissan,149,512702
2006,57594,1.4,petrol,automatic,Ford,152,483315
2009,84246,2.5,petrol,automatic,Nissan,119,481519
2009,30456,4.0,diesel,manual,Ford,123,482137
2001,4304,1.4,petrol,manual,Nissan,154,490695
2013,75127,3.0,petrol,automatic,Toyota,116,498257
2012,45341,1.4,diesel,manual,Toyota,64,491489
2021,41172,3.0,petrol,manual,Honda,162,520388
2005,32287,2.0,diesel,automatic,Nissan,214,457854
2008,64955,1.6,diesel,manual,Honda,202,496811
2012,16925,1.0,petrol,automatic,Honda,101,493358
2008,52232,2.5,diesel,manual,Mercedes,74,506952
2012,26851,2.5,diesel,manual,Ford,132,469631
2004,35632,3.0,diesel,automatic,BMW,244,512877
2013,74152,2.0,petrol,automatic,Mercedes,188,499671
2004,86056,2.0,petrol,automatic,Ford,192,492694
2008,47755,4.0,hybrid,automatic,BMW,203,517378
2007,98713,1.0,diesel,automatic,Honda,175,496911
2006,21091,1.6,petrol,manual,BMW,157,491565
2007,795,2.5,petrol,manual,Toyota,189,493254
2021,6546,3.0,petrol,manual,Toyota,117,497607
2002,16983,2.0,petrol,automatic,Nissan,65,471772
2022,7484,2.5,diesel,manual,Ford,193,501707
2023,140846,3.0,petrol,manual,Mercedes,224,515751
2014,2008,1.4,petrol,automatic,Honda,82,456521
2007,97497,2.5,diesel,manual,Ford,199,496855
2000,58994,1.6,petrol,manual,Honda,250,482173
2006,68984,3.0,diesel,automatic,Toyota,149,479876
2018,23770,1.6,diesel,manual,Mercedes,100,502296
2001,73018,2.5,petrol,automatic,Mercedes,157,456556
2013,23443,1.4,diesel,automatic,Toyota,116,521719
2017,96910,1.6,diesel,manual,BMW,112,496918
2014,100220,2.0,petrol,automatic,Mercedes,175,496812
2013,54605,3.0,petrol,manual,BMW,53,473259
2023,57225,2.5,diesel,automatic,Honda,63,503899
2018,77308,1.4,hybrid,automatic,Mercedes,151,523884
2018,75264,2.0,diesel,automatic,Nissan,148,518378
2021,100965,2.5,petrol,automatic,Toyota,170,521916
2016,99833,4.0,diesel,manual,BMW,262,517155
2021,58846,1.4,petrol,manual,Nissan,156,502601
2018,40911,2.0,diesel,automatic,Honda,185,484047
2015,92464,1.6,diesel,manual,Honda,91,490764
2019,53748,2.5,diesel,manual,Mercedes,196,504641
2018,64549,2.5,hybrid,manual,Mercedes,118,516171
2000,81212,1.6,diesel,automatic,Nissan,154,480960
2018,99022,4.0,diesel,manual,Ford,143,526624
2006,70433,1.0,petrol,automatic,Ford,211,507842
2022,36512,2.0,hybrid,manual,Mercedes,71,495832
2010,131880,1.6,hybrid,manual,Ford,13,453113
2004,121213,2.5,petrol,automatic,Toyota,137,501743
2016,19279,2.0,diesel,manual,Nissan,178,522630
2010,23529,4.0,petrol,automatic,Toyota,159,471226
2023,28559,2.0,diesel,manual,Ford,223,538978
2007,93942,1.0,diesel,manual,Mercedes,176,494311
2009,133405,2.5,petrol,manual,Toyota,116,489190
2011,39749,1.4,hybrid,automatic,Honda,10,505521
2009,66770,1.0,petrol,automatic,Mercedes,135,508470
2012,29895,1.0,diesel,automatic,Nissan,211,508649
2017,128007,1.4,diesel,manual,BMW,126,506678
2009,92993,1.4,petrol,automatic,BMW,151,498825
2018,27014,4.0,petrol,automatic,Mercedes,175,498999
2019,24093,4.0,petrol,automatic,Ford,89,498793
2016,101503,1.0,diesel,automatic,Toyota,187,489425
2019,37100,2.0,diesel,automatic,Toyota,248,507344
2015,93709,1.6,petrol,manual,Mercedes,139,492120
2004,71747,1.6,petrol,automatic,Honda,82,467030
2002,13371,1.0,petrol,automatic,Nissan,146,480731
2014,27728,2.0,diesel,automatic,Ford,16,481420
2001,45834,1.4,diesel,manual,Honda,170,486633
2012,32968,3.0,petrol,manual,Mercedes,177,471825
2021,64646,1.0,diesel,manual,Mercedes,250,513799
2007,76055,2.5,petrol,manual,Honda,138,487513
2022,131574,2.0,hybrid,manual,BMW,174,506260
2016,78888,2.5,hybrid,automatic,Mercedes,98,493254
2003,119644,2.5,diesel,automatic,Nissan,128,454961
2018,40927,1.0,hybrid,automatic,Ford,58,500987
2021,106608,2.0,hybrid,automatic,Honda,138,516254
2008,44752,2.5,hybrid,manual,BMW,131,493883
2022,23319,4.0,diesel,automatic,Honda,167,525940
2014,21628,4.0,petrol,manual,BMW,112,496982
2008,45678,2.0,petrol,automatic,BMW,155,495580
2023,94163,1.6,petrol,manual,Nissan,129,511161
2020,8392,3.0,diesel,manual,Ford,130,514713
2008,116325,2.5,petrol,manual,Mercedes,154,464661
2013,53031,2.5,petrol,automatic,BMW,152,482256
2022,2194,2.0,diesel,manual,Mercedes,195,536403
2020,15290,4.0,petrol,manual,Ford,142,468453
2015,67625,3.0,diesel,automatic,Mercedes,129,494717
2023,15198,1.6,hybrid,automatic,Nissan,139,527204
2022,83597,2.5,diesel,manual,Nissan,107,504161
2016,653,1.0,diesel,automatic,Toyota,128,492164
2012,30440,4.0,diesel,automatic,Nissan,271,505621
2008,67948,2.0,diesel,manual,BMW,95,478303
2014,78704,2.0,petrol,automatic,Ford,133,496102
2006,91908,4.0,hybrid,manual,Nissan,126,472829
2000,7738,2.5,petrol,automatic,Honda,135,491430
2000,47661,1.6,petrol,automatic,Ford,130,495748
2004,103719,2.5,diesel,automatic,BMW,166,481279
2023,47671,4.0,petrol,automatic,Ford,47,481462
2008,71770,1.4,petrol,manual,Nissan,212,485102
2011,66497,2.5,petrol,manual,Honda,187,492700
2005,112049,3.0,petrol,automatic,Toyota,75,485083
2012,41363,4.0,petrol,automatic,BMW,13,467919
2007,4402,3.0,petrol,manual,BMW,91,470242
2014,21285,4.0,diesel,automatic,Ford,135,503460
2005,67553,1.4,hybrid,manual,Mercedes,304,509903
2005,2781,3.0,petrol,manual,Mercedes,182,476736
2003,38223,3.0,hybrid,automatic,Honda,41,451781
2010,63016,1.0,petrol,manual,Toyota,108,536901
2020,29336,2.0,petrol,automatic,Toyota,146,517429
2017,73074,3.0,petrol,manual,Ford,165,498694
2002,88976,2.0,diesel,manual,Ford,71,485715
2002,78196,4.0,petrol,automatic,Mercedes,141,476413
2011,1900,1.6,diesel,automatic,Nissan,106,501987
2020,63167,2.5,diesel,manual,Toyota,83,503030
2020,66297,1.0,diesel,manual,Nissan,165,508569
2005,44762,4.0,diesel,manual,Toyota,196,485476
2020,72532,1.4,hybrid,automatic,Nissan,200,488289
2005,71096,1.6,petrol,automatic,Nissan,184,515291
2007,56364,1.0,petrol,automatic,Toyota,120,469976
2014,19829,1.0,diesel,manual,Honda,192,479959
2017,58935,4.0,diesel,manual,Honda,168,499747
2019,134677,1.4,petrol,automatic,Ford,158,490717
2015,44307,1.4,petrol,automatic,Nissan,113,494764
2005,101892,2.0,diesel,automatic,Nissan,120,491416
2020,61554,2.5,petrol,automatic,Nissan,154,521249
2016,27970,4.0,petrol,manual,Nissan,296,523900
2008,48136,1.6,hybrid,automatic,Nissan,168,484855
2018,59325,2.5,diesel,automatic,Mercedes,113,500783
2017,86208,1.6,diesel,automatic,BMW,100,503618
2022,155201,1.0,diesel,manual,Nissan,120,480233
2004,62186,3.0,hybrid,manual,Mercedes,280,500958
2005,10765,3.0,petrol,manual,Honda,126,459720
2011,6183,4.0,petrol,automatic,Nissan,204,527425
2010,43128,1.4,diesel,manual,Honda,127,483092
2015,14876,1.4,diesel,manual,Ford,165,496926
2019,82316,1.0,petrol,automatic,BMW,197,496714
2016,82610,1.0,electric,manual,Toyota,115,687750
2019,54160,1.6,diesel,manual,BMW,111,535491
2008,86295,1.0,petrol,manual,Nissan,249,510025
2000,62590,4.0,petrol,manual,Nissan,209,457481
2002,134702,1.6,petrol,manual,BMW,197,505323
2020,85044,2.5,diesel,automatic,BMW,197,527658
2022,95824,1.4,electric,automatic,Ford,177,706941
2008,2074,1.4,petrol,automatic,Honda,271,502280
2021,13150,3.0,electric,manual,Toyota,152,707435
2018,79153,3.0,hybrid,automatic,BMW,184,535308
2012,1968,4.0,diesel,manual,Toyota,62,475015
2022,35020,1.4,diesel,manual,BMW,100,507190
2013,107176,4.0,petrol,automatic,Honda,77,483237
2019,34165,2.5,diesel,manual,Toyota,226,489084
2018,11610,2.5,petrol,manual,Mercedes,3,524114
2022,86701,2.0,diesel,automatic,Honda,125,489276
2006,142941,1.6,petrol,automatic,Toyota,29,478621
2003,27654,3.0,hybrid,manual,BMW,100,450389
2011,108961,1.6,hybrid,manual,BMW,120,484113
2022,22673,3.0,petrol,manual,Honda,233,521969
2013,55501,2.0,petrol,automatic,Honda,173,484968
2001,57234,1.4,diesel,manual,BMW,100,482302
2000,28720,4.0,diesel,manual,Toyota,213,477004
2017,95015,1.6,petrol,automatic,Mercedes,151,518981
2019,1588,3.0,diesel,automatic,Ford,152,525086
2007,67801,1.6,petrol,manual,Honda,77,471858
2002,102966,1.4,petrol,manual,BMW,90,475350
2005,91686,4.0,petrol,automatic,Toyota,100,482251
2021,79648,1.0,petrol,automatic,Honda,152,516950
2012,123411,3.0,diesel,manual,Toyota,154,494535
2008,51215,1.0,electric,manual,Honda,242,698213
2008,989,2.0,petrol,manual,BMW,173,486188
2019,65408,4.0,diesel,manual,Toyota,12,495188
2008,54969,2.5,petrol,automatic,BMW,165,508669
2014,24632,1.6,diesel,manual,Toyota,62,499651
2012,14995,3.0,petrol,automatic,Honda,92,499878
2021,9894,1.6,diesel,automatic,Ford,101,514426
2015,27418,2.0,hybrid,automatic,Ford,110,492992
2001,45953,2.0,petrol,manual,Mercedes,67,475642
2013,47485,1.6,diesel,automatic,Mercedes,162,480182
2005,28847,3.0,petrol,manual,Nissan,65,495732
2001,9842,4.0,petrol,automatic,BMW,171,437435
2007,75098,1.4,petrol,automatic,Toyota,284,495912
2003,64662,4.0,petrol,manual,Mercedes,70,491213
2020,65866,1.4,petrol,manual,Honda,132,484101
2023,131160,2.5,petrol,manual,Ford,1,504576
2013,66514,4.0,petrol,automatic,Toyota,131,483768
2010,45333,1.6,petrol,automatic,Nissan,188,488507
2023,55767,1.6,diesel,automatic,Ford,193,528129
2013,63952,3.0,hybrid,automatic,Toyota,154,498790
2011,84631,1.6,petrol,manual,Mercedes,203,466224
2015,58211,3.0,petrol,automatic,Mercedes,302,496013
2005,17716,1.6,petrol,automatic,BMW,252,506290
2019,42530,2.0,hybrid,automatic,Nissan,118,508674
2000,60059,1.0,diesel,automatic,Toyota,62,495182
2011,112168,1.6,diesel,automatic,Nissan,125,515739
2006,28564,1.0,petrol,automatic,Honda,93,475306
2007,5410,1.4,petrol,automatic,Nissan,177,526208
2008,62575,2.5,petrol,automatic,Mercedes,79,482687
2001,94649,4.0,hybrid,automatic,BMW,145,462659
2016,44263,4.0,hybrid,automatic,Mercedes,200,494495
2019,155321,1.4,petrol,automatic,Ford,143,470089
2012,145899,1.6,diesel,automatic,Mercedes,93,513545
2004,57101,4.0,petrol,manual,Toyota,220,511521
2009,67468,3.0,petrol,manual,BMW,37,465227
2011,114749,1.4,hybrid,manual,Toyota,130,487481
2016,56406,2.0,diesel,automatic,Honda,147,501194
