department,education,gender,recruitment_channel,training_count,age,previous_rating,years_service,awards,avg_training_score,promoted
Ops,Bachelor,Male,sourcing,4,57,4,19,0,75,1
Tech,Master,Male,other,1,28,4,17,0,53,0
Sales,Bachelor,Male,sourcing,8,42,3,14,0,76,0
Ops,Bachelor,Female,referred,5,31,4,9,0,42,0
Sales,Master,Female,sourcing,2,42,5,16,1,67,1
Ops,Bachelor,Male,other,5,37,3,10,0,65,0
Sales,Bachelor,Male,sourcing,5,46,3,25,0,79,0
Tech,Master,Female,referred,1,34,4,9,0,49,0
Tech,Master,Male,other,5,48,4,12,0,83,1
Tech,Master,Male,sourcing,8,29,4,9,0,65,0
Tech,Bachelor,Female,sourcing,2,51,5,16,0,79,1
Ops,Bachelor,Male,other,8,52,2,16,0,62,0
Finance,Master,Male,referred,8,28,3,24,0,46,0
Finance,Bachelor,Male,referred,1,51,1,21,0,73,0
HR,Bachelor,Female,referred,4,39,2,27,0,97,0
Finance,Master,Male,other,5,44,2,25,0,51,0
HR,Bachelor,Male,referred,8,51,3,23,0,61,0
Tech,Master,Male,other,3,51,4,2,0,91,1
Sales,Bachelor,Female,other,1,29,1,7,0,50,0
Finance,Bachelor,Male,other,7,33,4,20,0,48,0
Finance,Bachelor,Male,sourcing,4,31,3,7,0,44,0
Tech,Master,Male,sourcing,5,28,3,7,0,45,0
Tech,Bachelor,Male,other,6,38,1,28,0,46,0
Finance,PhD,Male,other,4,53,3,19,0,85,0
Tech,Bachelor,Female,sourcing,1,26,4,3,1,57,1
Finance,Bachelor,Male,other,8,42,4,26,0,54,0
Sales,Master,Female,other,9,52,4,10,0,40,0
Sales,PhD,Male,sourcing,3,36,3,6,0,87,0
HR,Bachelor,Male,other,4,34,5,2,0,54,0
Finance,Bachelor,Male,other,5,28,3,28,0,93,0
Sales,Bachelor,Male,other,9,45,4,24,0,48,0
Sales,Master,Male,other,5,25,3,24,0,46,0
Ops,Bachelor,Male,other,7,40,3,20,0,83,0
Sales,Master,Male,referred,3,56,4,18,0,99,1
HR,Bachelor,Male,other,1,50,4,9,0,48,0
Sales,Bachelor,Female,other,6,57,4,15,1,83,1
Tech,Bachelor,Male,sourcing,1,55,3,14,0,50,0
Ops,Master,Female,other,6,29,3,9,0,42,0
Finance,Master,Female,referred,8,23,5,2,0,52,0
HR,Master,Male,referred,9,25,3,10,0,44,0
Sales,Bachelor,Female,other,8,23,2,4,0,71,0
Finance,Master,Male,other,5,51,3,1,0,61,0
Sales,PhD,Female,referred,7,50,3,22,0,93,0
Ops,Master,Female,sourcing,6,25,2,11,0,92,0
Finance,Master,Female,sourcing,9,42,4,16,0,89,1
Tech,Master,Male,sourcing,4,30,4,11,0,82,1
Tech,Master,Male,referred,8,23,3,13,0,65,0
Finance,PhD,Female,sourcing,9,41,5,14,0,42,0
Tech,Master,Male,sourcing,7,54,4,27,0,93,1
HR,Bachelor,Female,sourcing,7,27,4,1,0,80,1
Ops,Master,Female,other,2,50,4,28,0,97,1
HR,Master,Female,other,9,37,4,23,0,47,0
Finance,PhD,Male,other,5,57,1,25,0,63,0
HR,Bachelor,Male,sourcing,3,26,4,9,0,79,1
Ops,PhD,Male,other,4,30,5,27,0,52,0
Ops,Bachelor,Female,other,2,53,2,18,0,50,0
Finance,PhD,Male,other,3,55,4,29,0,77,1
HR,Master,Male,referred,6,50,4,11,0,84,1
Ops,Master,Male,other,1,52,3,24,0,99,0
Finance,Bachelor,Male,other,2,24,5,27,0,82,1
Ops,Bachelor,Male,sourcing,4,46,1,3,0,53,0
Sales,Master,Female,other,1,57,3,21,0,85,0
Sales,Bachelor,Male,sourcing,6,34,5,4,0,90,1
Ops,PhD,Male,other,4,40,3,22,0,44,0
Finance,Bachelor,Male,other,2,37,4,11,0,86,1
Sales,Bachelor,Female,sourcing,4,51,4,28,0,52,0
Ops,Bachelor,Female,other,8,56,2,28,0,63,0
Tech,Bachelor,Male,other,6,23,3,7,1,55,0
HR,Bachelor,Male,other,1,22,5,9,0,68,0
Ops,Bachelor,Female,other,5,24,3,26,0,58,0
Sales,Bachelor,Male,sourcing,6,47,4,5,0,56,0
Ops,Bachelor,Male,other,4,49,3,2,0,99,0
Finance,Bachelor,Male,sourcing,4,48,5,12,0,70,0
Sales,Bachelor,Male,other,3,35,5,4,0,87,1
Finance,Master,Male,referred,6,45,2,13,1,68,0
Finance,Bachelor,Female,other,9,56,4,2,0,71,1
Finance,Master,Male,referred,7,55,4,15,0,85,1
Ops,Bachelor,Male,sourcing,9,45,4,1,0,56,0
Sales,Master,Male,other,6,27,3,18,0,46,0
Finance,Bachelor,Male,other,2,52,3,27,0,77,0
Tech,Master,Male,sourcing,6,50,3,23,0,44,0
HR,Bachelor,Male,other,7,57,4,2,0,63,0
Ops,Bachelor,Female,other,2,50,5,4,0,95,1
Tech,Master,Female,other,1,34,4,21,0,98,1
Sales,Master,Male,other,6,29,3,19,0,72,0
HR,Bachelor,Male,sourcing,8,36,1,20,0,87,0
Finance,Bachelor,Male,other,6,54,5,10,0,62,0
Tech,Bachelor,Male,other,8,46,3,13,0,53,0
Tech,Bachelor,Male,sourcing,6,37,4,19,0,98,1
Finance,Master,Female,sourcing,6,42,4,8,0,73,1
Finance,PhD,Male,sourcing,8,38,5,10,0,43,0
Tech,Bachelor,Female,sourcing,3,55,3,8,1,40,0
Sales,Bachelor,Female,sourcing,3,34,3,19,0,41,0
Ops,Bachelor,Male,referred,6,55,5,9,0,68,0
Sales,PhD,Female,other,4,36,4,9,0,97,1
Sales,Master,Male,other,7,43,2,23,0,48,0
Ops,Bachelor,Male,sourcing,7,25,3,13,0,67,0
Sales,Bachelor,Male,sourcing,9,44,3,1,0,72,0
HR,Bachelor,Male,other,2,34,5,12,0,62,0
Finance,Bachelor,Female,other,2,29,3,10,0,59,0
Tech,PhD,Female,other,6,22,5,27,0,94,1
Ops,Master,Female,sourcing,9,38,2,19,0,70,0
Sales,PhD,Male,other,7,38,3,8,0,87,0
Tech,Master,Female,sourcing,6,29,5,22,0,85,1
HR,Bachelor,Female,other,5,24,5,25,0,94,1
Sales,Bachelor,Female,referred,8,50,3,11,0,98,0
Sales,Bachelor,Male,sourcing,2,43,3,11,0,84,0
Sales,Bachelor,Female,other,3,23,4,26,0,65,0
HR,Bachelor,Male,other,6,23,2,16,0,70,0
Finance,Bachelor,Male,other,1,38,5,29,0,71,1
Tech,Master,Female,referred,8,30,3,11,0,90,0
Sales,Bachelor,Male,other,9,54,3,25,0,86,0
Sales,PhD,Male,other,2,50,2,1,1,89,1
HR,Master,Male,sourcing,9,50,1,6,0,74,0
HR,Bachelor,Male,other,5,27,3,13,0,54,0
Tech,Bachelor,Male,sourcing,8,27,2,27,0,54,0
Tech,Bachelor,Male,other,1,22,4,11,0,76,1
Sales,PhD,Male,sourcing,1,37,4,3,0,84,1
Sales,Bachelor,Male,other,4,32,1,21,0,95,0
Sales,Bachelor,Male,sourcing,1,43,4,1,0,98,1
Sales,Bachelor,Male,sourcing,1,55,4,27,0,64,0
Sales,Bachelor,Male,other,5,22,3,14,0,59,0
HR,Master,Female,other,2,34,5,11,1,87,1
Finance,Bachelor,Female,other,4,49,2,14,0,61,0
Tech,Bachelor,Male,other,8,34,3,23,0,59,0
HR,PhD,Male,other,6,51,3,22,0,54,0
Ops,Master,Female,sourcing,2,57,5,28,0,69,0
Ops,Bachelor,Male,other,3,25,3,10,0,53,0
Ops,Bachelor,Female,other,2,35,3,21,0,80,0
Tech,Bachelor,Male,other,4,57,4,2,0,60,0
Sales,PhD,Male,sourcing,5,44,5,24,0,89,1
Ops,Bachelor,Male,other,9,26,5,5,0,56,0
Ops,Bachelor,Male,referred,7,36,4,15,0,44,0
Finance,Master,Male,other,8,44,4,18,0,54,0
HR,Bachelor,Male,other,7,29,3,16,0,95,0
Tech,Bachelor,Female,sourcing,8,32,4,20,0,82,1
Tech,Master,Male,other,5,28,3,26,0,66,0
Finance,Bachelor,Female,other,3,44,4,24,0,93,1
Ops,Bachelor,Male,referred,7,48,3,24,1,98,1
Finance,Bachelor,Female,sourcing,1,52,5,3,0,83,1
Sales,Master,Female,sourcing,3,23,2,26,0,78,0
Ops,Bachelor,Male,referred,7,52,4,24,0,96,1
Tech,Bachelor,Male,other,4,29,4,26,0,59,0
HR,Master,Male,other,7,22,3,9,0,92,0
Finance,Bachelor,Male,other,6,46,1,29,0,80,0
Finance,Master,Female,sourcing,4,38,2,18,0,74,0
Tech,Master,Female,other,7,51,5,22,0,56,0
Ops,Bachelor,Female,sourcing,8,45,5,27,0,95,1
Ops,Bachelor,Male,other,8,52,2,19,0,48,0
Ops,Master,Male,referred,7,34,3,5,0,82,0
HR,Master,Male,sourcing,2,36,3,4,0,85,0
HR,Master,Male,sourcing,8,47,3,29,0,97,0
Ops,Master,Male,referred,5,53,3,8,0,98,0
HR,Bachelor,Male,sourcing,9,56,5,7,0,99,1
Finance,Bachelor,Female,sourcing,6,37,5,23,0,81,1
Ops,Bachelor,Male,sourcing,4,30,1,11,0,43,0
HR,Bachelor,Male,other,9,40,4,12,0,55,0
Finance,Master,Male,other,1,24,2,12,0,55,0
Finance,Bachelor,Male,other,4,47,4,16,0,68,0
HR,Bachelor,Male,other,5,29,5,16,0,83,1
Ops,Master,Male,other,4,27,4,15,0,71,1
Ops,Master,Male,other,9,26,3,1,0,71,0
HR,PhD,Male,other,1,42,5,15,0,77,1
HR,Bachelor,Male,other,3,48,4,22,0,78,1
Sales,Bachelor,Male,other,9,29,3,18,0,94,0
Finance,Bachelor,Male,other,7,43,3,24,0,79,0
Ops,Bachelor,Female,other,5,44,4,6,0,77,1
Tech,Bachelor,Male,other,6,46,1,9,0,78,0
Finance,Bachelor,Male,sourcing,4,28,2,26,0,80,0
Ops,Bachelor,Male,sourcing,5,35,5,17,0,55,0
Sales,Bachelor,Male,other,8,50,1,24,0,93,0
Finance,Master,Male,other,5,38,4,12,0,84,1
Finance,Bachelor,Male,sourcing,2,27,3,2,0,54,0
Ops,Bachelor,Female,other,8,53,4,16,0,57,0
Tech,Bachelor,Male,sourcing,3,40,4,23,0,43,0
HR,Bachelor,Female,other,5,48,5,15,0,76,1
Tech,Master,Female,sourcing,6,51,2,27,0,79,0
Sales,Master,Male,other,1,54,3,12,0,43,0
Finance,Master,Female,other,3,32,4,15,0,56,0
Ops,Master,Female,other,1,31,5,13,0,56,0
Finance,Master,Male,other,7,50,3,12,0,73,0
HR,Master,Male,other,2,43,2,19,0,95,0
Tech,Bachelor,Female,other,7,41,3,16,0,87,0
Tech,Bachelor,Female,other,3,40,3,7,0,58,0
Sales,PhD,Female,other,3,45,4,17,0,61,0
Ops,Bachelor,Female,other,1,49,4,10,0,78,1
HR,Master,Female,other,7,23,2,9,0,82,0
HR,Master,Female,other,8,39,4,6,0,40,0
Ops,PhD,Male,other,4,39,4,23,0,92,1
Sales,Master,Female,sourcing,9,23,3,9,0,57,0
HR,Master,Female,other,4,44,4,26,0,78,1
Sales,Master,Male,sourcing,5,36,4,1,0,99,1
Ops,Bachelor,Female,other,6,46,3,16,0,67,0
Ops,Bachelor,Male,sourcing,9,39,5,14,0,52,0
Ops,PhD,Male,referred,9,42,2,8,0,74,0
HR,PhD,Male,sourcing,8,53,5,27,0,48,0
Ops,Bachelor,Male,sourcing,2,40,4,15,0,56,0
HR,Bachelor,Male,other,1,39,4,16,0,73,1
Sales,Bachelor,Male,other,2,45,2,14,0,54,0
Finance,Bachelor,Male,other,6,51,5,16,0,48,0
Sales,Master,Female,other,7,50,3,7,0,78,0
HR,Bachelor,Male,other,6,42,4,29,0,58,0
Tech,Master,Male,other,1,42,5,18,0,50,0
Tech,Master,Female,other,1,23,3,17,0,63,0
Finance,PhD,Female,sourcing,1,22,5,26,0,60,0
Ops,Master,Female,other,1,43,4,1,0,57,0
Sales,Bachelor,Male,other,1,40,4,11,0,65,0
Sales,PhD,Female,sourcing,2,40,5,20,0,88,1
HR,Bachelor,Male,sourcing,2,23,4,5,0,93,1
Finance,PhD,Female,other,4,50,3,23,0,43,0
Ops,Bachelor,Male,other,3,44,4,13,0,41,0
Finance,Master,Female,referred,4,48,4,8,0,56,0
Tech,Bachelor,Male,other,5,44,2,18,0,94,0
Finance,Bachelor,Female,referred,4,49,3,13,0,91,0
Ops,Bachelor,Male,other,3,49,1,9,0,40,0
Ops,Bachelor,Male,other,3,26,2,11,0,52,0
Sales,PhD,Female,sourcing,4,39,4,23,0,49,0
Sales,Master,Female,sourcing,6,51,1,6,0,56,0
Ops,Master,Male,referred,7,45,3,11,0,94,0
Sales,PhD,Male,referred,4,37,3,15,1,60,0
Sales,Master,Male,other,8,50,5,14,1,88,1
Sales,Bachelor,Male,sourcing,6,51,3,8,0,82,0
Ops,Master,Male,referred,5,46,4,18,0,48,0
Sales,Bachelor,Female,other,8,22,3,1,0,70,0
Tech,Bachelor,Male,sourcing,6,52,2,21,0,74,0
Ops,Bachelor,Female,sourcing,1,52,2,9,0,49,0
Finance,Master,Male,sourcing,1,54,3,23,0,88,0
HR,Bachelor,Male,other,6,33,2,29,0,87,0
HR,Bachelor,Female,other,8,46,4,7,0,87,1
Tech,Bachelor,Male,sourcing,9,44,3,15,0,54,0
Ops,Bachelor,Male,other,4,49,4,15,0,84,1
Finance,Master,Male,referred,7,54,3,9,1,41,0
Ops,Master,Male,other,9,47,4,21,0,97,1
Finance,Bachelor,Male,other,8,45,3,5,0,77,0
Finance,PhD,Male,other,8,26,4,7,0,42,0
Ops,Bachelor,Male,referred,1,38,3,27,0,65,0
Sales,Bachelor,Male,sourcing,6,36,4,28,0,95,1
HR,Bachelor,Female,sourcing,9,23,5,12,0,72,1
Sales,Bachelor,Male,other,8,55,3,6,0,88,0
HR,Bachelor,Female,other,2,41,3,10,0,63,0
Sales,Bachelor,Male,other,5,51,5,15,0,98,1
Ops,Bachelor,Male,sourcing,4,37,3,22,0,72,0
Ops,Master,Female,sourcing,8,25,4,24,0,69,0
Finance,Bachelor,Male,other,9,52,3,4,0,82,0
Tech,Bachelor,Male,sourcing,3,47,3,15,0,43,0
Ops,Master,Male,referred,9,33,4,18,0,82,1
HR,Master,Male,referred,1,23,3,3,0,84,0
Finance,Bachelor,Female,sourcing,7,29,5,26,0,61,0
HR,PhD,Female,other,8,35,3,15,0,88,0
Sales,Master,Female,sourcing,6,45,1,20,0,59,0
Tech,Bachelor,Male,other,4,46,3,5,0,68,0
Ops,Master,Male,other,4,28,4,2,0,60,0
Sales,Bachelor,Female,sourcing,7,53,5,15,0,84,1
Finance,Master,Male,other,6,44,4,8,0,56,0
HR,PhD,Male,other,4,47,3,28,0,41,0
Tech,Master,Female,sourcing,5,28,4,28,0,73,1
Ops,Bachelor,Male,sourcing,4,25,4,5,0,61,0
HR,PhD,Male,other,1,46,3,23,0,89,0
Ops,Master,Male,other,4,39,3,9,0,45,0
Ops,Bachelor,Male,other,6,28,4,7,0,64,0
HR,Master,Male,other,2,43,5,4,0,41,0
Ops,PhD,Male,other,7,25,4,19,0,94,1
Finance,Bachelor,Male,other,9,50,3,8,0,82,0
Tech,Bachelor,Male,sourcing,2,45,2,14,0,56,0
Sales,Master,Female,sourcing,7,33,2,29,0,48,0
Tech,Bachelor,Female,other,2,30,5,9,0,59,0
Sales,Master,Female,sourcing,9,36,4,5,1,76,1
Finance,Bachelor,Female,referred,1,34,4,6,0,91,1
Tech,Bachelor,Female,other,4,51,3,10,0,54,0
Finance,Master,Male,other,2,56,4,28,0,65,0
HR,Master,Male,sourcing,1,56,2,28,0,64,0
Sales,Bachelor,Male,other,2,47,4,13,0,70,0
HR,Master,Female,sourcing,6,40,4,10,0,69,0
HR,Bachelor,Female,sourcing,5,42,2,22,0,88,0
Tech,PhD,Female,other,1,42,3,13,0,49,0
Ops,Bachelor,Male,sourcing,3,34,2,3,0,77,0
Ops,Bachelor,Female,referred,6,42,3,12,0,84,0
Finance,Bachelor,Female,referred,5,45,4,4,0,99,1
Tech,Bachelor,Male,sourcing,6,47,3,11,0,60,0
HR,Bachelor,Female,other,8,52,4,9,0,87,1
Finance,PhD,Male,sourcing,6,51,4,6,0,63,0
HR,Master,Male,other,5,45,4,12,0,73,1
Finance,PhD,Female,sourcing,4,53,5,14,0,67,0
Sales,Master,Male,referred,5,51,4,21,0,91,1
Finance,Bachelor,Female,other,9,47,3,9,0,76,0
Finance,Bachelor,Male,other,6,39,3,8,0,63,0
HR,Bachelor,Male,sourcing,5,33,4,9,0,68,0
Ops,PhD,Male,other,8,42,2,13,0,56,0
HR,Master,Female,other,5,44,5,11,0,78,1
Tech,Master,Female,other,5,49,3,9,0,63,0
HR,Bachelor,Male,other,8,38,5,20,0,56,0
Ops,Bachelor,Female,other,9,36,4,8,0,76,1
Tech,Bachelor,Male,sourcing,8,44,5,10,0,45,0
Ops,Master,Male,other,9,55,5,9,0,81,1
Tech,Bachelor,Female,other,9,49,2,27,0,76,0
HR,Bachelor,Female,other,8,25,4,21,0,85,1
Ops,Master,Male,other,7,33,3,4,0,70,0
Ops,Bachelor,Male,other,7,23,5,10,0,96,1
Sales,Master,Female,other,1,46,4,17,1,59,1
Sales,Bachelor,Male,sourcing,7,45,1,19,0,85,0
Finance,Bachelor,Female,other,6,52,5,10,0,41,0
Sales,Bachelor,Male,sourcing,1,25,3,18,0,80,0
Ops,Master,Female,sourcing,8,55,3,16,0,57,0
Finance,Bachelor,Male,other,9,27,4,28,0,89,1
HR,Bachelor,Male,referred,2,52,5,23,0,99,1
Finance,Bachelor,Male,other,4,45,5,4,0,61,0
Tech,PhD,Male,other,7,46,4,9,0,80,1
Finance,Master,Male,sourcing,1,26,3,9,0,76,0
Sales,Master,Male,other,8,31,3,2,0,65,0
HR,Bachelor,Male,sourcing,9,39,3,19,0,89,0
Tech,Bachelor,Male,other,8,50,3,8,0,51,0
Finance,Master,Male,sourcing,2,32,4,26,0,45,0
HR,Master,Male,sourcing,8,51,4,19,0,56,0
Sales,Bachelor,Male,other,8,26,4,4,0,53,0
HR,Master,Female,referred,2,27,2,11,0,49,0
HR,Master,Female,sourcing,9,35,3,3,0,65,0
Tech,Bachelor,Male,sourcing,1,37,3,28,0,90,0
Ops,Bachelor,Male,sourcing,7,35,4,29,0,42,0
Sales,Master,Male,other,2,54,3,18,0,81,0
Tech,Master,Female,other,8,26,3,17,0,85,0
Tech,Bachelor,Female,sourcing,8,35,3,19,0,54,0
Tech,Bachelor,Male,other,4,30,4,9,0,55,0
Ops,PhD,Male,other,8,48,3,16,0,77,0
Ops,Master,Male,other,5,24,3,8,0,53,0
Finance,PhD,Male,sourcing,9,31,4,9,0,75,1
Finance,Master,Male,other,1,32,4,26,0,52,0
Sales,Bachelor,Male,other,5,55,1,5,0,98,0
Sales,Master,Male,referred,9,22,3,5,0,66,0
Ops,Master,Male,other,6,31,3,14,0,47,0
Ops,Master,Female,sourcing,4,27,3,24,0,62,0
Ops,Master,Male,referred,1,29,3,14,0,80,0
Tech,PhD,Male,referred,6,52,3,29,0,92,0
Ops,Bachelor,Male,sourcing,7,27,3,5,0,50,0
Tech,Master,Male,other,7,52,5,4,0,44,0
Tech,Bachelor,Female,other,9,55,3,25,0,44,0
Sales,Master,Male,other,4,50,3,17,0,64,0
HR,Master,Male,sourcing,4,24,3,6,0,57,0
Finance,PhD,Male,other,5,43,5,7,0,87,1
Finance,Bachelor,Female,sourcing,9,33,4,14,0,94,1
Sales,Bachelor,Male,other,2,40,4,15,0,97,1
Sales,Master,Male,other,4,28,4,6,0,90,1
Ops,Master,Female,other,9,44,3,28,0,63,0
Ops,Master,Female,other,6,34,5,10,0,48,0
Ops,Master,Female,other,6,25,3,8,0,82,0
Tech,Bachelor,Male,referred,7,42,3,27,0,50,0
Tech,PhD,Male,other,5,35,2,8,0,53,0
Ops,Bachelor,Female,sourcing,4,57,4,5,0,81,1
Tech,Bachelor,Female,sourcing,3,28,2,29,0,48,0
Sales,Bachelor,Male,other,2,34,4,28,0,44,0
Ops,PhD,Male,other,7,56,2,29,0,97,0
Finance,Master,Female,other,5,54,3,16,0,66,0
Finance,Master,Female,other,1,32,3,20,0,50,0
Tech,Bachelor,Male,sourcing,4,46,5,11,0,67,0
Finance,Bachelor,Male,other,9,45,2,7,0,48,0
Ops,Bachelor,Female,sourcing,8,43,4,25,0,52,0
Finance,Bachelor,Female,referred,7,43,4,29,0,58,0
Sales,Bachelor,Male,other,5,36,5,2,1,47,1
Tech,Bachelor,Male,sourcing,1,39,5,28,0,94,1
Finance,Master,Male,other,5,53,5,7,0,43,0
Tech,Master,Male,sourcing,8,57,3,6,0,83,0
Sales,Bachelor,Male,other,4,31,3,19,0,64,0
Finance,Bachelor,Female,sourcing,5,30,3,18,0,46,0
Ops,Bachelor,Male,other,8,46,4,1,0,95,1
HR,Master,Female,sourcing,5,25,3,18,0,66,0
Finance,Master,Male,other,4,57,4,12,0,79,1
Sales,Master,Male,other,4,28,1,21,0,90,0
HR,Bachelor,Male,other,6,47,1,17,0,62,0
Finance,Bachelor,Male,sourcing,1,41,4,8,0,79,1
Tech,Bachelor,Female,other,4,42,5,20,0,90,1
Sales,Bachelor,Male,other,1,26,4,3,0,96,1
Finance,Bachelor,Male,referred,6,51,2,10,0,68,0
Sales,Bachelor,Male,other,8,57,5,16,0,97,1
Ops,Bachelor,Female,sourcing,4,44,4,18,0,75,1
HR,Master,Female,sourcing,8,44,4,1,0,49,0
HR,Bachelor,Female,sourcing,2,27,3,8,0,71,0
Ops,Master,Male,other,5,44,4,25,0,86,1
HR,Bachelor,Male,sourcing,3,36,3,19,1,62,0
HR,Master,Male,sourcing,7,22,5,3,0,79,1
Ops,Bachelor,Female,sourcing,9,57,3,16,0,86,0
Tech,Bachelor,Male,other,1,49,4,16,1,87,1
HR,Bachelor,Female,other,8,31,4,16,0,63,0
Tech,PhD,Male,other,4,54,2,25,0,60,0
Sales,Bachelor,Female,sourcing,5,45,4,23,0,78,1
Sales,Master,Male,sourcing,1,27,4,12,0,79,1
HR,PhD,Female,referred,5,35,4,28,0,68,0
Sales,Master,Male,sourcing,9,53,3,9,0,84,0
Ops,Bachelor,Male,sourcing,8,40,5,18,0,84,1
HR,Bachelor,Male,other,8,27,4,23,0,66,0
Ops,Master,Male,sourcing,6,41,1,29,0,73,0
Tech,Master,Female,sourcing,9,46,4,24,0,65,0
Finance,Bachelor,Male,other,4,41,5,11,0,91,1
Finance,Master,Male,sourcing,6,32,4,20,1,54,1
HR,Bachelor,Female,other,3,53,3,29,0,45,0
Ops,Master,Female,other,2,50,4,26,0,64,0
Finance,Master,Male,sourcing,9,51,3,11,0,57,0
HR,Bachelor,Male,sourcing,5,50,4,20,0,46,0
Finance,Master,Female,other,2,43,4,12,1,41,1
Finance,Master,Female,other,5,32,1,18,0,97,0
Sales,Bachelor,Female,other,6,41,3,2,0,73,0
HR,Bachelor,Female,other,8,35,3,4,0,40,0
Finance,Bachelor,Male,sourcing,5,48,3,4,0,96,0
HR,Bachelor,Male,other,2,25,3,21,0,93,0
Sales,Bachelor,Male,sourcing,7,28,4,26,0,85,1
HR,Bachelor,Male,other,5,51,4,14,0,41,0
Sales,Bachelor,Male,other,2,31,4,26,0,81,1
Finance,Bachelor,Male,sourcing,6,28,3,13,0,75,0
Finance,Bachelor,Male,other,7,26,1,26,0,43,0
Finance,Bachelor,Male,other,8,25,3,9,0,67,0
Sales,Bachelor,Female,other,3,57,4,15,0,62,0
Tech,Bachelor,Male,other,4,36,4,27,0,78,1
Sales,Master,Female,other,6,57,4,25,0,59,0
Sales,Master,Female,sourcing,3,23,3,23,0,76,0
Ops,Master,Male,referred,6,36,2,22,0,98,0
Finance,Bachelor,Male,sourcing,9,41,4,10,0,83,1
Finance,Master,Male,sourcing,5,55,1,5,0,51,0
Ops,Bachelor,Male,sourcing,2,34,2,4,0,71,0
Tech,Bachelor,Male,referred,2,46,3,18,0,96,0
HR,Bachelor,Female,sourcing,7,35,4,4,0,77,1
Finance,Bachelor,Male,other,4,30,5,16,0,70,0
Finance,Master,Male,sourcing,9,56,2,11,0,57,0
Sales,Bachelor,Male,other,9,43,3,7,0,68,0
Tech,Master,Male,sourcing,6,26,4,1,1,73,1
Tech,PhD,Female,other,5,35,4,3,0,90,1
Tech,Master,Female,sourcing,7,38,4,16,1,68,1
Tech,Bachelor,Female,other,5,26,4,4,0,66,0
Ops,Bachelor,Female,other,9,34,4,23,0,70,0
Sales,Bachelor,Male,sourcing,9,52,3,3,0,87,0
Ops,Bachelor,Male,sourcing,7,31,4,20,0,94,1
Ops,Master,Male,sourcing,4,44,5,1,0,73,1
HR,Bachelor,Female,other,1,50,4,28,0,56,0
Sales,Bachelor,Male,sourcing,4,37,4,1,0,59,0
Tech,Bachelor,Male,referred,3,38,3,10,0,70,0
Sales,Bachelor,Female,other,1,28,4,12,0,70,0
Tech,Master,Female,sourcing,4,35,4,3,1,97,1
HR,Bachelor,Female,sourcing,7,30,4,23,0,78,1
Finance,Bachelor,Male,referred,2,28,4,13,0,60,0
Ops,Bachelor,Male,sourcing,7,35,3,27,0,46,0
HR,Bachelor,Male,other,6,37,4,6,0,71,1
Ops,Bachelor,Female,other,9,31,3,21,0,94,0
Tech,PhD,Female,other,2,26,2,24,0,51,0
Tech,Bachelor,Male,referred,6,28,4,27,0,62,0
HR,Bachelor,Male,other,6,43,2,24,0,82,0
Finance,Master,Female,other,6,45,4,20,0,88,1
Finance,Bachelor,Female,other,3,43,5,10,0,82,1
Ops,Master,Male,sourcing,6,56,2,6,0,79,0
Tech,Master,Female,other,9,24,3,28,0,45,0
Tech,Bachelor,Male,other,3,28,4,1,0,71,1
Finance,Bachelor,Male,sourcing,2,40,2,26,1,77,1
Tech,Bachelor,Female,other,8,29,4,15,0,54,0
Tech,Bachelor,Female,other,3,44,1,14,0,65,0
HR,Bachelor,Male,sourcing,5,41,5,12,0,59,0
Finance,Bachelor,Male,sourcing,5,54,2,10,0,51,0
Finance,Bachelor,Female,other,2,27,5,9,0,80,1
Sales,Bachelor,Female,sourcing,2,36,5,21,1,84,1
Finance,Bachelor,Female,other,6,26,4,15,0,86,1
Finance,Bachelor,Male,referred,2,35,4,14,0,86,1
Sales,Bachelor,Male,other,6,30,2,24,0,65,0
Tech,Master,Female,other,7,47,2,10,1,69,0
Tech,PhD,Female,other,4,53,3,26,0,68,0
Ops,Bachelor,Male,sourcing,4,52,4,1,0,69,0
Tech,Bachelor,Female,other,3,27,5,20,0,52,0
Finance,Bachelor,Female,sourcing,1,22,4,29,0,80,1
Ops,PhD,Female,other,4,40,4,2,0,82,1
Ops,Master,Male,other,3,36,4,2,0,61,0
Tech,Master,Male,sourcing,8,55,5,2,0,82,1
Ops,Master,Male,other,5,40,4,2,0,80,1
Sales,Master,Male,other,7,32,5,8,0,56,0
Ops,Bachelor,Female,referred,3,39,1,22,0,62,0
HR,Bachelor,Female,referred,3,45,3,25,0,64,0
Sales,Master,Male,other,6,30,5,18,0,92,1
Finance,Bachelor,Female,other,4,32,4,13,0,45,0
Tech,PhD,Male,sourcing,8,25,3,17,1,93,1
Tech,Bachelor,Male,other,3,39,5,8,0,76,1
HR,Bachelor,Male,sourcing,5,44,5,10,0,65,0
Tech,Bachelor,Female,other,1,22,2,14,0,96,0
Finance,Bachelor,Male,other,1,46,4,29,0,60,0
Ops,Bachelor,Male,other,8,30,4,19,0,74,1
Tech,Bachelor,Male,other,7,22,3,19,0,45,0
Finance,Master,Female,other,1,38,4,24,0,61,0
Sales,Bachelor,Female,sourcing,6,24,5,5,0,56,0
Finance,Bachelor,Male,referred,2,44,4,24,0,50,0
HR,Bachelor,Male,other,1,22,4,18,0,43,0
Finance,PhD,Female,other,5,45,2,10,1,97,1
Tech,Master,Female,referred,5,34,4,16,0,83,1
Ops,Bachelor,Female,other,2,41,3,25,0,49,0
Finance,Bachelor,Female,other,5,41,2,18,0,56,0
HR,PhD,Male,other,7,33,4,9,0,77,1
Sales,Bachelor,Female,other,4,38,4,10,1,57,1
HR,Bachelor,Female,other,2,42,4,22,0,92,1
Sales,Master,Female,other,5,45,5,12,0,58,0
Finance,Bachelor,Male,sourcing,6,51,4,28,0,61,0
Ops,PhD,Female,other,8,44,2,5,0,96,0
HR,Bachelor,Female,other,9,44,5,15,0,54,0
Ops,Bachelor,Female,other,8,38,3,23,0,83,0
Finance,PhD,Male,other,7,23,4,7,0,58,0
Ops,Bachelor,Male,other,9,45,2,20,0,64,0
Ops,Bachelor,Male,other,9,54,5,7,0,76,1
HR,Master,Female,sourcing,6,36,3,3,0,57,0
Finance,Bachelor,Male,other,3,53,3,3,0,97,0
Ops,Bachelor,Male,other,8,55,3,7,0,51,0
Sales,Bachelor,Male,referred,3,43,2,1,0,71,0
Tech,Bachelor,Female,other,1,52,3,24,0,65,0
Sales,PhD,Male,other,4,36,2,27,0,65,0
Ops,Bachelor,Female,sourcing,9,41,4,18,0,86,1
Finance,Master,Female,sourcing,8,44,5,1,0,81,1
Sales,Bachelor,Female,other,6,52,4,6,1,67,1
Finance,Master,Female,other,3,23,3,20,0,64,0
Sales,Bachelor,Female,other,3,34,1,7,0,69,0
Finance,PhD,Male,other,7,53,1,12,0,90,0
Ops,Bachelor,Male,other,5,37,3,3,0,80,0
HR,Master,Male,sourcing,3,36,4,27,0,77,1
Sales,Master,Male,sourcing,1,46,4,2,0,53,0
Finance,Bachelor,Female,referred,9,33,4,28,0,40,0
Sales,Bachelor,Male,other,5,49,5,15,0,72,1
Finance,Bachelor,Male,sourcing,7,33,3,27,0,50,0
Finance,Bachelor,Male,other,9,42,4,20,0,74,1
HR,Bachelor,Female,other,4,33,3,4,0,60,0
Finance,Bachelor,Male,sourcing,5,37,3,27,0,61,0
Sales,Bachelor,Male,referred,3,31,4,20,0,44,0
Ops,PhD,Male,sourcing,7,31,4,19,0,79,1
Tech,Master,Male,other,1,23,3,23,0,93,0
Finance,Bachelor,Female,referred,8,48,2,21,0,57,0
Tech,Master,Male,other,3,51,3,11,0,76,0
Ops,Bachelor,Male,referred,4,54,1,20,0,83,0
Tech,Master,Male,sourcing,4,37,4,5,0,94,1
Finance,Master,Female,other,7,31,3,23,0,68,0
Sales,Bachelor,Female,other,7,36,3,20,0,57,0
HR,PhD,Male,other,4,47,4,12,0,92,1
Finance,Bachelor,Male,other,6,36,4,16,0,51,0
Finance,Master,Female,other,8,27,4,29,0,60,0
HR,Bachelor,Male,sourcing,4,38,3,10,0,79,0
HR,Bachelor,Female,other,1,22,3,21,0,69,0
HR,Master,Male,other,7,44,4,22,0,80,1
HR,PhD,Male,other,2,55,3,6,0,54,0
HR,Bachelor,Male,other,3,56,4,28,0,74,1
Finance,Bachelor,Female,sourcing,8,46,5,12,0,86,1
Tech,Master,Male,sourcing,2,22,3,7,0,67,0
Sales,Bachelor,Male,other,2,46,4,10,0,43,0
Finance,Bachelor,Female,referred,4,37,3,16,0,67,0
Ops,PhD,Female,other,6,33,4,29,0,69,0
Finance,Master,Male,other,2,31,3,3,0,87,0
Finance,Bachelor,Male,other,9,48,3,16,0,96,0
Tech,Bachelor,Male,other,2,28,3,12,0,96,0
HR,Bachelor,Male,other,9,27,5,8,0,90,1
Ops,Bachelor,Female,sourcing,7,32,4,5,0,89,1
Tech,Bachelor,Female,sourcing,3,45,2,17,0,66,0
Sales,Bachelor,Female,other,9,46,4,20,0,55,0
Ops,Bachelor,Female,sourcing,9,24,1,27,0,71,0
Ops,Bachelor,Female,other,6,25,3,20,0,51,0
Tech,Master,Male,referred,2,25,4,14,0,83,1
Ops,Master,Male,other,7,22,3,24,0,94,0
Finance,Bachelor,Female,sourcing,4,51,4,29,0,75,1
Finance,Bachelor,Male,other,4,36,4,26,0,54,0
HR,Bachelor,Female,other,7,52,5,9,0,58,0
Tech,Bachelor,Female,sourcing,5,26,5,19,0,57,0
Finance,Bachelor,Male,other,1,42,3,12,0,65,0
Ops,Bachelor,Male,other,3,56,4,11,0,50,0
Ops,Master,Female,other,7,25,5,26,0,69,0
Finance,Master,Male,other,9,28,5,1,0,67,0
Tech,Master,Male,other,9,50,1,11,0,95,0
Tech,Bachelor,Male,referred,7,57,5,29,0,62,0
Sales,Bachelor,Male,other,5,56,2,29,0,54,0
Tech,Master,Male,other,4,53,4,27,0,87,1
Finance,Bachelor,Male,sourcing,9,32,3,8,0,50,0
Sales,PhD,Female,other,6,54,5,25,0,82,1
Ops,Master,Male,sourcing,2,38,3,20,0,60,0
Finance,Bachelor,Male,other,3,33,4,21,0,84,1
HR,Master,Female,other,7,22,4,4,0,78,1
HR,Bachelor,Male,other,4,44,1,4,0,70,0
Tech,Master,Male,referred,7,28,4,11,0,54,0
Sales,Bachelor,Female,other,5,35,4,29,0,56,0
Sales,PhD,Male,sourcing,1,28,4,19,0,64,0
Ops,Master,Male,sourcing,3,35,2,26,0,63,0
Tech,Bachelor,Male,sourcing,9,55,2,4,0,98,0
Sales,Master,Female,other,4,23,3,25,0,84,0
Finance,Bachelor,Female,other,5,41,5,23,0,75,1
Ops,Bachelor,Female,other,2,38,3,6,0,72,0
Sales,Bachelor,Female,other,8,31,3,28,0,83,0
HR,Bachelor,Male,other,1,26,3,9,1,43,0
HR,Bachelor,Female,sourcing,4,54,4,11,0,40,0
Sales,Bachelor,Female,sourcing,6,57,3,29,0,77,0
HR,Bachelor,Female,other,8,32,2,12,0,95,0
Finance,Master,Female,referred,4,42,3,18,0,50,0
Ops,Bachelor,Female,sourcing,2,25,4,20,0,60,0
Finance,Master,Female,referred,4,46,5,9,1,64,1
HR,Master,Female,other,1,56,2,24,0,97,0
Sales,Bachelor,Male,referred,8,56,4,15,0,89,1
Sales,Master,Female,other,9,56,2,17,0,67,0
Ops,Master,Female,referred,3,54,3,9,0,89,0
HR,Bachelor,Male,other,8,34,1,13,0,91,0
HR,Bachelor,Male,sourcing,9,25,5,26,0,45,0
HR,Bachelor,Male,sourcing,8,51,4,2,0,85,1
Tech,Bachelor,Female,other,2,48,3,17,0,45,0
Sales,Master,Male,sourcing,2,56,3,18,0,61,0
HR,PhD,Male,sourcing,4,49,4,26,0,54,0
Ops,Bachelor,Male,sourcing,1,29,2,27,0,93,0
Tech,Bachelor,Male,other,3,47,2,6,0,72,0
HR,Bachelor,Female,other,4,55,4,2,0,56,0
Sales,Bachelor,Male,referred,2,50,3,1,0,51,0
Tech,Bachelor,Female,referred,7,23,4,5,0,70,0
Finance,PhD,Male,referred,3,27,3,14,0,74,0
Ops,Bachelor,Male,other,7,37,2,27,0,73,0
Sales,Bachelor,Male,referred,7,28,5,18,0,71,1
Finance,Master,Female,other,9,32,5,27,0,62,0
Sales,Master,Male,referred,4,37,4,4,0,77,1
Ops,Bachelor,Female,sourcing,4,27,3,27,1,44,0
HR,Master,Male,referred,1,30,4,14,0,79,1
Finance,Bachelor,Female,sourcing,6,24,3,15,0,41,0
Finance,PhD,Female,other,6,50,4,27,0,98,1
Tech,Bachelor,Male,other,7,29,4,27,0,70,0
HR,Bachelor,Male,other,9,38,4,24,0,51,0
Ops,Bachelor,Male,other,9,27,4,26,1,78,1
Tech,PhD,Male,other,5,32,4,27,0,85,1
Finance,Bachelor,Male,other,2,31,3,22,0,81,0
Sales,Bachelor,Male,other,1,23,1,8,0,59,0
Ops,Bachelor,Male,sourcing,2,50,4,21,0,53,0
Tech,Bachelor,Male,other,2,27,2,2,0,50,0
HR,Bachelor,Female,other,1,30,4,17,0,99,1
Sales,Bachelor,Female,other,8,23,4,28,0,70,0
Tech,Bachelor,Female,sourcing,3,25,3,24,0,90,0
Ops,Master,Female,other,8,51,1,17,0,72,0
Sales,Bachelor,Male,other,6,25,5,26,0,65,0
Tech,Bachelor,Male,other,1,22,1,25,0,41,0
Tech,Bachelor,Female,other,7,32,5,20,0,70,0
Ops,Master,Male,sourcing,3,28,2,6,0,94,0
HR,Master,Male,other,9,39,4,6,0,74,1
Sales,Bachelor,Male,other,9,29,5,19,0,66,0
Tech,Bachelor,Male,other,4,51,5,1,0,44,0
Ops,Bachelor,Male,sourcing,2,36,5,6,0,50,0
Tech,Master,Male,referred,9,31,5,26,0,90,1
Ops,PhD,Female,other,5,23,4,5,0,78,1
Ops,Master,Male,other,8,36,4,4,0,67,0
Tech,Bachelor,Male,other,9,43,4,25,0,55,0
Ops,Master,Male,sourcing,1,55,5,13,0,91,1
Sales,Bachelor,Male,sourcing,3,24,4,20,0,79,1
Ops,Bachelor,Female,other,7,25,4,17,0,65,0
HR,Master,Female,referred,2,46,4,26,0,63,0
HR,Bachelor,Male,other,4,26,4,13,0,43,0
Ops,Bachelor,Male,sourcing,4,33,5,22,0,51,0
Sales,Bachelor,Female,other,7,45,3,16,0,57,0
Finance,Bachelor,Male,other,2,40,3,13,0,94,0
Finance,Master,Male,other,8,53,5,23,0,53,0
Sales,Bachelor,Male,sourcing,8,33,4,1,0,56,0
HR,Bachelor,Male,referred,6,48,3,25,0,83,0
Ops,Master,Male,other,4,39,5,10,0,80,1
Tech,Master,Male,other,2,46,4,18,0,55,0
Ops,Master,Female,sourcing,3,44,3,23,0,92,0
Ops,PhD,Female,sourcing,3,24,3,27,0,81,0
Finance,Bachelor,Male,other,3,23,4,24,0,59,0
Ops,Bachelor,Female,sourcing,4,32,4,24,0,91,1
Finance,Master,Female,other,7,51,3,17,0,82,0
Tech,Bachelor,Male,other,9,34,4,26,0,67,0
Ops,Bachelor,Male,other,4,27,3,17,0,99,0
Sales,PhD,Male,sourcing,7,33,3,10,1,80,1
Ops,Bachelor,Male,other,6,29,5,20,0,40,0
Sales,Master,Male,sourcing,9,30,4,2,0,55,0
Finance,PhD,Male,other,8,25,2,10,1,43,0
Ops,Bachelor,Female,referred,2,57,3,28,0,93,0
Finance,Bachelor,Female,other,3,53,3,20,0,71,0
Sales,PhD,Female,other,6,33,5,6,0,68,0
Finance,Bachelor,Female,referred,5,39,3,3,0,47,0
HR,Master,Female,sourcing,2,52,3,10,0,41,0
Sales,Bachelor,Male,sourcing,2,50,4,28,0,85,1
Finance,Master,Female,other,5,50,3,19,0,63,0
Ops,Bachelor,Female,other,5,48,4,27,0,80,1
Finance,Bachelor,Male,other,1,32,3,17,0,95,0
Tech,Bachelor,Female,other,3,54,3,12,0,85,0
Sales,Bachelor,Male,sourcing,9,39,5,21,0,53,0
Finance,Bachelor,Male,other,3,41,3,12,0,92,0
HR,Bachelor,Female,sourcing,6,49,4,23,0,83,1
Tech,PhD,Male,sourcing,6,43,4,28,0,82,1
Sales,Bachelor,Female,other,2,53,3,27,0,40,0
Tech,Master,Female,other,7,42,3,6,0,93,0
Ops,Bachelor,Female,other,9,48,4,12,0,72,1
HR,Master,Male,referred,9,47,4,20,0,50,0
Ops,Master,Female,other,8,44,3,6,0,59,0
Finance,Bachelor,Female,sourcing,5,55,4,3,0,96,1
Tech,Bachelor,Male,sourcing,8,33,5,3,0,54,0
Ops,Bachelor,Female,sourcing,9,32,3,23,0,67,0
Finance,PhD,Female,sourcing,1,57,1,9,0,60,0
HR,Bachelor,Male,other,1,53,3,1,0,62,0
Ops,Bachelor,Male,referred,5,37,4,4,0,48,0
Tech,Master,Male,other,7,52,5,12,0,59,0
Ops,Master,Male,other,9,27,5,26,0,92,1
HR,Master,Male,other,9,34,3,5,0,93,0
Finance,Bachelor,Male,sourcing,3,57,5,18,0,56,0
Ops,Bachelor,Male,sourcing,1,32,4,16,0,81,1
Ops,Master,Female,other,3,32,4,10,0,54,0
Sales,Master,Female,sourcing,8,41,4,12,0,83,1
Finance,Bachelor,Female,other,7,50,4,11,0,44,0
Sales,Bachelor,Female,other,5,40,5,19,0,85,1
Sales,Master,Female,sourcing,9,51,4,5,0,81,1
HR,Bachelor,Male,other,4,27,2,24,0,91,0
HR,Bachelor,Male,other,6,38,4,3,0,72,1
Tech,Master,Male,other,5,39,4,28,0,69,0
Finance,PhD,Female,other,6,57,3,19,0,55,0
Finance,Bachelor,Female,other,4,39,3,6,0,75,0
HR,Bachelor,Female,other,3,33,4,24,0,76,1
HR,Bachelor,Male,other,5,24,3,17,0,80,0
Sales,Bachelor,Male,other,5,39,3,23,0,88,0
HR,Bachelor,Female,sourcing,2,37,3,13,0,77,0
Ops,Bachelor,Male,sourcing,4,49,3,7,0,63,0
Finance,Bachelor,Male,sourcing,3,30,5,19,0,64,0
Tech,Bachelor,Female,sourcing,7,41,4,19,0,66,0
Sales,Bachelor,Male,referred,5,39,3,25,0,44,0
Ops,Bachelor,Male,other,6,46,2,26,0,89,0
HR,PhD,Male,other,7,42,3,12,0,88,0
Tech,PhD,Female,other,2,47,3,11,0,60,0
HR,Master,Male,other,4,44,1,17,0,82,0
Ops,Master,Male,other,6,31,5,17,0,74,1
Tech,PhD,Female,other,3,34,5,18,0,45,0
HR,Master,Male,other,6,33,5,15,0,48,0
Ops,Bachelor,Female,other,1,57,4,6,0,84,1
Ops,Master,Female,other,8,24,4,8,0,66,0
Tech,Bachelor,Male,other,5,35,4,11,0,40,0
Ops,Master,Male,referred,1,56,5,26,0,69,0
HR,Bachelor,Male,other,1,55,4,13,0,54,0
Tech,Master,Male,sourcing,3,50,4,17,0,71,1
Sales,Master,Male,other,6,51,4,28,0,59,0
Ops,Bachelor,Male,other,2,28,3,17,1,43,0
HR,Master,Male,sourcing,8,23,5,18,0,99,1
Tech,Bachelor,Male,other,7,39,1,28,0,94,0
Sales,Bachelor,Male,other,2,47,4,16,0,73,1
Sales,Bachelor,Female,other,1,38,2,23,0,87,0
Finance,Bachelor,Male,other,7,33,5,16,0,95,1
Finance,PhD,Female,other,7,53,5,4,0,77,1
Tech,Bachelor,Female,sourcing,3,50,3,17,0,59,0
Ops,Bachelor,Male,other,8,31,5,8,0,86,1
HR,Bachelor,Female,sourcing,8,57,3,20,0,90,0
Ops,Bachelor,Male,other,5,23,3,7,0,97,0
HR,Bachelor,Female,sourcing,7,35,3,27,0,67,0
HR,Bachelor,Female,sourcing,3,31,3,8,1,78,1
Finance,Bachelor,Female,sourcing,6,22,4,1,0,64,0
Finance,Master,Female,sourcing,3,42,4,2,0,50,0
Ops,Master,Male,sourcing,9,26,3,13,0,89,0
Tech,Bachelor,Male,other,7,30,2,2,1,47,0
HR,PhD,Female,sourcing,1,30,3,27,0,73,0
Finance,Master,Male,sourcing,8,39,3,5,0,66,0
Tech,Bachelor,Male,other,9,26,3,5,0,83,0
Finance,PhD,Female,other,2,37,3,6,0,61,0
HR,Master,Male,other,1,55,3,18,0,47,0
Sales,Master,Male,sourcing,4,25,5,16,0,72,1
Finance,Master,Female,sourcing,9,42,2,24,0,78,0
Tech,Master,Female,other,6,35,5,17,0,48,0
Ops,PhD,Male,other,8,48,3,9,0,93,0
Ops,Bachelor,Male,sourcing,7,33,4,21,0,61,0
HR,Bachelor,Female,other,5,48,4,26,0,48,0
Sales,Bachelor,Male,sourcing,5,55,3,8,0,70,0
Finance,Bachelor,Female,other,6,25,5,8,0,73,1
Finance,Bachelor,Female,sourcing,6,23,2,2,0,43,0
Sales,Bachelor,Female,sourcing,5,53,4,9,0,85,1
HR,Bachelor,Male,other,8,23,3,6,0,53,0
HR,Bachelor,Male,other,3,43,3,19,0,98,0
Tech,Master,Female,other,9,40,3,1,0,47,0
Tech,Master,Male,sourcing,5,47,5,25,0,92,1
Tech,Bachelor,Female,other,9,41,3,19,0,80,0
HR,Bachelor,Male,sourcing,5,57,4,1,0,74,1
Finance,Bachelor,Male,other,3,39,5,21,0,61,0
Ops,Bachelor,Female,other,9,35,3,24,0,93,0
HR,Bachelor,Female,other,2,41,3,13,0,90,0
Sales,Master,Female,other,5,45,5,29,1,45,1
Ops,Master,Male,other,3,52,4,7,0,72,1
HR,Bachelor,Male,other,7,57,5,21,0,92,1
HR,Bachelor,Male,sourcing,4,36,3,13,0,57,0
Tech,Master,Male,sourcing,8,28,4,18,0,47,0
Finance,Bachelor,Female,sourcing,1,44,3,2,0,46,0
Finance,Bachelor,Female,sourcing,5,50,5,3,0,71,1
Ops,Bachelor,Male,referred,8,25,5,6,0,46,0
HR,Master,Male,referred,2,52,3,28,0,49,0
Tech,Bachelor,Male,sourcing,6,39,2,13,0,75,0
Sales,Bachelor,Female,sourcing,7,52,3,20,0,89,0
HR,Bachelor,Female,sourcing,6,57,4,28,0,90,1
Tech,Bachelor,Female,other,3,39,3,29,0,70,0
Sales,Bachelor,Male,other,6,31,4,9,0,70,0
Sales,Master,Male,other,7,28,3,3,0,49,0
Ops,Bachelor,Male,other,3,49,5,22,0,59,0
Finance,Bachelor,Female,other,2,39,3,15,0,90,0
Finance,Bachelor,Female,sourcing,3,52,3,4,0,74,0
Ops,Bachelor,Female,sourcing,1,30,3,17,0,68,0
HR,Master,Male,other,7,37,2,17,0,69,0
Tech,Master,Female,other,4,46,3,13,0,88,0
Finance,Bachelor,Male,other,3,51,4,27,0,70,0
Ops,PhD,Male,referred,6,23,5,29,0,72,1
Finance,Bachelor,Male,other,3,26,2,11,0,95,0
Finance,Bachelor,Male,sourcing,3,51,4,29,0,79,1
Finance,Bachelor,Female,sourcing,9,40,3,8,0,88,0
HR,Bachelor,Male,other,2,35,4,3,1,43,1
Ops,Bachelor,Male,other,5,48,3,18,0,73,0
Finance,Master,Female,other,2,51,2,1,0,56,0
Finance,Bachelor,Male,sourcing,6,35,4,8,0,73,1
Ops,Bachelor,Male,referred,4,52,5,9,0,71,1
Sales,Bachelor,Male,referred,7,57,3,17,0,72,0
HR,Bachelor,Male,sourcing,1,51,1,8,0,76,0
HR,Bachelor,Male,other,8,32,5,11,1,70,1
Tech,Bachelor,Male,other,2,38,4,1,0,65,0
Tech,Bachelor,Female,sourcing,4,31,4,26,0,70,0
Sales,Master,Female,other,7,37,2,2,0,70,0
Tech,Bachelor,Female,other,8,32,5,15,0,67,0
Finance,Bachelor,Male,sourcing,9,49,3,28,0,77,0
Finance,Bachelor,Female,sourcing,5,42,5,17,0,83,1
Tech,Bachelor,Female,other,9,49,2,29,0,95,0
HR,Bachelor,Male,other,9,44,5,15,0,49,0
Sales,Master,Female,other,3,22,4,29,0,47,0
Finance,Bachelor,Male,sourcing,7,34,4,29,0,85,1
Sales,Master,Female,other,8,29,2,18,0,75,0
Tech,Master,Female,other,1,40,4,12,0,58,0
Ops,Master,Male,other,5,45,4,14,0,67,0
Sales,Master,Male,other,1,46,4,12,0,44,0
Sales,Bachelor,Female,other,3,47,4,2,0,63,0
Tech,Bachelor,Female,other,2,48,3,28,0,92,0
Tech,Bachelor,Female,other,2,53,3,21,1,97,1
Finance,Bachelor,Female,referred,4,24,5,29,0,46,0
Ops,Bachelor,Female,other,5,30,5,26,0,59,0
Ops,Bachelor,Female,other,1,22,3,29,0,41,0
Sales,Bachelor,Female,sourcing,6,39,4,16,1,96,1
Ops,Bachelor,Male,other,5,24,3,19,0,82,0
Tech,Bachelor,Female,other,4,35,5,29,0,49,0
Tech,Master,Male,other,6,53,2,1,0,57,0
Tech,Bachelor,Male,sourcing,2,25,5,26,0,73,1
Sales,Master,Male,sourcing,8,42,4,2,0,53,0
HR,Master,Female,sourcing,6,48,1,12,0,95,0
Tech,Bachelor,Male,other,3,26,5,4,0,49,0
Ops,Bachelor,Male,sourcing,4,24,4,7,0,77,1
Ops,Bachelor,Female,sourcing,2,43,4,28,0,71,1
Tech,Master,Female,other,4,41,3,17,0,92,0
HR,Master,Female,sourcing,9,23,3,5,0,42,0
Sales,Bachelor,Female,sourcing,4,22,5,2,0,94,1
Tech,Bachelor,Female,other,8,44,4,13,0,87,1
Sales,Master,Female,other,3,46,1,28,0,47,0
HR,Bachelor,Female,sourcing,5,47,3,8,0,48,0
Tech,PhD,Male,sourcing,2,24,4,18,0,50,0
Tech,Bachelor,Male,sourcing,9,52,2,4,0,55,0
Tech,Master,Male,referred,9,48,2,6,0,73,0
Finance,Bachelor,Female,other,7,34,2,9,0,63,0
Tech,Bachelor,Male,other,2,54,4,10,0,70,0
Tech,Bachelor,Female,other,4,46,3,4,0,44,0
HR,PhD,Male,referred,6,37,3,4,0,72,0
HR,Bachelor,Female,referred,9,47,2,7,0,69,0
Finance,Bachelor,Female,sourcing,6,39,4,14,0,97,1
Tech,Master,Female,sourcing,4,38,4,12,0,94,1
Ops,Master,Male,other,1,46,4,15,0,69,0
Sales,Bachelor,Male,sourcing,7,47,4,17,0,54,0
Tech,Bachelor,Male,other,7,39,4,21,0,78,1
Finance,Bachelor,Male,sourcing,6,22,4,21,0,55,0
Ops,Master,Female,referred,3,28,3,13,0,65,0
HR,Bachelor,Female,other,5,51,3,1,0,51,0
Sales,Bachelor,Male,other,7,54,2,22,0,58,0
Finance,Bachelor,Female,other,6,46,3,13,0,86,0
HR,Master,Female,other,7,46,4,16,0,98,1
Tech,Bachelor,Female,other,5,48,5,13,0,74,1
Finance,Bachelor,Male,other,1,56,3,9,0,59,0
Tech,Bachelor,Female,other,5,39,4,23,0,60,0
Finance,Master,Male,other,2,51,3,18,0,92,0
Finance,Bachelor,Female,other,2,35,4,16,0,76,1
Tech,Bachelor,Male,other,4,56,1,20,0,54,0
Finance,Bachelor,Female,other,6,55,2,12,0,93,0
HR,PhD,Male,other,5,41,3,8,0,88,0
HR,PhD,Female,sourcing,7,36,5,1,0,55,0
Sales,Bachelor,Male,other,8,28,1,13,0,55,0
Sales,Master,Male,other,1,34,4,22,0,62,0
Finance,Bachelor,Female,sourcing,8,57,5,19,0,83,1
HR,Master,Female,sourcing,3,55,4,13,0,43,0
Tech,Bachelor,Male,other,2,34,3,3,0,68,0
Finance,Bachelor,Male,other,2,25,3,28,0,76,0
Tech,Bachelor,Male,other,5,34,4,1,0,63,0
Ops,Master,Female,other,2,34,3,14,0,47,0
Sales,Master,Male,other,4,44,4,24,0,83,1
Finance,Bachelor,Female,other,3,50,4,21,0,44,0
Finance,PhD,Male,other,8,54,4,1,0,82,1
Tech,Master,Male,referred,9,44,5,29,0,68,0
Sales,Master,Female,other,6,24,4,5,0,90,1
Tech,Master,Female,sourcing,4,53,4,5,0,49,0
Tech,Bachelor,Female,other,2,24,4,11,0,95,1
Sales,Bachelor,Male,other,8,33,4,25,0,89,1
Ops,PhD,Female,other,3,25,4,28,0,83,1
HR,Bachelor,Male,other,2,54,3,26,0,48,0
HR,Master,Male,other,4,53,4,19,0,61,0
Ops,Master,Male,other,2,38,2,12,0,49,0
Sales,Bachelor,Female,other,3,30,3,25,0,59,0
Finance,Master,Female,other,9,26,5,8,0,59,0
Sales,Bachelor,Male,sourcing,7,42,3,10,0,90,0
Tech,Master,Male,other,1,24,3,18,0,66,0
Sales,Bachelor,Male,other,5,24,2,9,0,92,0
HR,Bachelor,Female,other,5,56,3,11,0,77,0
Finance,Master,Male,sourcing,9,54,3,5,0,49,0
Ops,Bachelor,Male,other,1,24,3,24,0,58,0
Sales,Bachelor,Male,sourcing,1,39,4,13,0,80,1
Finance,Master,Female,referred,7,24,5,13,0,69,0
Finance,Bachelor,Female,other,7,50,2,24,0,55,0
HR,Bachelor,Male,referred,8,26,4,4,0,79,1
Tech,Master,Female,other,4,30,2,17,1,51,0
Finance,Bachelor,Male,sourcing,7,33,3,27,0,93,0
Finance,Master,Male,other,6,37,5,14,0,44,0
Sales,Bachelor,Male,referred,1,48,2,9,0,82,0
Ops,Bachelor,Female,sourcing,2,30,1,22,0,90,0
Sales,Bachelor,Female,other,8,43,3,2,0,42,0
HR,Master,Male,other,6,38,5,4,0,63,0
Finance,Bachelor,Male,other,7,22,1,11,0,93,0
Tech,Master,Male,referred,8,24,3,10,0,65,0
Finance,Bachelor,Female,other,5,26,4,5,0,70,0
Tech,Bachelor,Female,sourcing,5,43,3,16,0,86,0
Tech,Bachelor,Female,other,2,22,2,6,0,98,0
Tech,Master,Male,other,4,25,2,5,0,93,0
Ops,Master,Male,other,2,43,4,13,0,91,1
Sales,PhD,Male,referred,7,45,4,9,0,42,0
HR,Bachelor,Female,other,9,53,4,10,0,93,1
Ops,Bachelor,Female,other,2,23,2,27,0,40,0
Ops,Master,Male,other,4,57,3,2,0,50,0
Tech,Bachelor,Female,referred,8,26,4,15,0,84,1
Ops,Master,Male,other,9,28,3,27,0,44,0
HR,PhD,Female,sourcing,4,57,4,12,0,46,0
HR,Bachelor,Female,referred,8,29,4,12,0,72,1
Finance,Bachelor,Female,other,7,57,5,3,0,52,0
Ops,Master,Male,sourcing,5,33,4,26,0,81,1
Finance,Master,Male,sourcing,4,49,5,15,0,70,0
HR,Bachelor,Male,sourcing,6,23,4,27,0,99,1
Ops,Master,Male,referred,6,35,5,19,0,91,1
Tech,PhD,Male,sourcing,2,40,4,13,0,89,1
Tech,Bachelor,Female,other,3,42,3,3,0,52,0
Ops,Master,Male,other,6,51,3,13,1,40,0
Finance,Master,Male,sourcing,4,42,4,22,0,88,1
Finance,Bachelor,Female,other,3,49,4,24,1,83,1
Tech,Bachelor,Male,sourcing,4,54,3,5,0,94,0
Finance,Master,Female,other,6,28,4,11,0,77,1
Tech,Master,Male,other,3,37,5,22,0,78,1
Sales,Bachelor,Male,other,1,46,3,17,0,72,0
Tech,PhD,Female,other,6,51,4,26,0,81,1
Sales,Master,Male,other,2,38,4,19,0,99,1
Ops,Bachelor,Female,other,9,37,2,20,0,74,0
Sales,Bachelor,Male,other,6,25,2,27,0,78,0
HR,PhD,Male,other,1,51,5,23,0,81,1
Finance,Bachelor,Female,other,4,41,5,27,0,81,1
Sales,Master,Female,other,5,56,5,12,0,48,0
HR,Bachelor,Male,sourcing,8,26,3,29,0,45,0
HR,Bachelor,Male,sourcing,3,35,3,5,0,95,0
Finance,Master,Male,other,9,49,5,17,0,80,1
Tech,Bachelor,Male,sourcing,9,31,5,19,0,94,1
HR,Master,Female,sourcing,5,51,4,11,0,48,0
Sales,Bachelor,Female,sourcing,4,53,3,2,0,66,0
Finance,Master,Female,other,7,33,4,6,0,81,1
Sales,Bachelor,Female,other,9,37,4,21,1,68,1
Tech,Master,Male,referred,6,47,4,3,0,43,0
Finance,PhD,Male,other,7,56,4,15,0,64,0
HR,Master,Male,other,1,37,4,18,0,55,0
Sales,Bachelor,Female,sourcing,4,38,4,17,0,96,1
Sales,Bachelor,Female,other,2,44,3,15,0,73,0
HR,Bachelor,Male,other,1,43,3,2,0,50,0
HR,Master,Female,other,7,42,4,5,0,48,0
Tech,Bachelor,Female,other,4,55,3,5,0,74,0
Tech,Bachelor,Male,other,2,26,5,9,0,66,0
HR,Master,Male,other,5,52,4,6,0,78,1
Finance,Master,Male,referred,7,54,5,19,1,84,1
HR,Master,Female,other,2,24,3,10,0,98,0
HR,PhD,Male,other,7,40,2,27,0,84,0
Ops,Master,Female,other,3,39,2,19,0,99,0
Finance,Master,Female,other,8,49,4,19,1,90,1
Finance,Bachelor,Male,sourcing,7,36,3,16,0,67,0
Tech,Master,Female,other,1,54,3,12,0,82,0
Tech,Bachelor,Male,referred,9,49,3,24,0,44,0
Tech,Master,Male,other,6,29,4,9,0,55,0
Sales,Bachelor,Male,other,4,51,4,3,0,67,0
Finance,Bachelor,Male,other,6,22,3,17,0,41,0
Ops,Master,Male,other,2,28,2,27,0,81,0
Tech,Master,Male,sourcing,2,35,5,24,0,49,0
Tech,Bachelor,Female,sourcing,8,42,3,10,0,58,0
Tech,Bachelor,Female,other,5,27,2,18,0,97,0
Tech,Bachelor,Male,referred,7,38,1,7,0,59,0
Tech,Master,Male,sourcing,1,35,3,7,0,97,0
Sales,Master,Female,sourcing,6,28,3,9,0,99,0
Ops,Bachelor,Female,referred,7,36,4,16,0,99,1
Finance,Bachelor,Male,other,7,29,5,24,0,77,1
Ops,Master,Male,other,3,31,3,11,0,98,0
HR,PhD,Male,other,9,50,4,9,0,93,1
Finance,PhD,Female,referred,9,40,5,1,0,87,1
Tech,Bachelor,Male,other,5,23,3,12,1,84,1
HR,Bachelor,Female,other,9,29,3,3,0,90,0
HR,PhD,Male,sourcing,7,51,3,20,0,74,0
HR,Bachelor,Male,sourcing,7,57,5,19,1,80,1
HR,Bachelor,Male,other,9,39,1,8,0,49,0
Tech,Master,Male,sourcing,2,23,3,7,0,87,0
HR,Bachelor,Male,sourcing,5,26,4,5,0,89,1
Ops,Master,Male,sourcing,8,34,4,5,0,75,1
Tech,Master,Male,sourcing,8,32,3,20,0,92,0
HR,PhD,Male,other,3,29,4,5,0,95,1
HR,Bachelor,Male,referred,5,38,4,12,0,95,1
Ops,Bachelor,Female,sourcing,4,32,4,21,0,93,1
Sales,Master,Male,other,4,47,3,20,0,55,0
Sales,Bachelor,Male,sourcing,2,55,4,5,0,89,1
Ops,Master,Male,referred,6,24,3,23,0,65,0
Sales,Master,Female,other,1,46,5,25,0,70,0
Finance,Bachelor,Male,other,8,45,3,7,0,81,0
Finance,Bachelor,Male,sourcing,9,44,3,1,0,40,0
Finance,Bachelor,Male,other,5,51,3,25,0,62,0
Sales,Master,Male,sourcing,6,48,5,19,0,81,1
Finance,Master,Female,sourcing,1,31,4,2,0,88,1
Finance,Master,Female,other,6,30,3,12,0,66,0
Sales,Bachelor,Female,sourcing,1,23,5,10,0,58,0
Ops,Bachelor,Male,other,5,42,5,25,0,55,0
Tech,Bachelor,Female,other,9,32,3,28,0,96,0
Finance,Bachelor,Female,other,5,31,4,28,0,77,1
Sales,Bachelor,Male,sourcing,3,46,5,16,0,47,0
Tech,Bachelor,Male,sourcing,4,26,3,11,0,55,0
Tech,Bachelor,Male,other,3,43,3,18,0,51,0
HR,Master,Male,referred,4,26,4,26,0,48,0
Tech,PhD,Male,other,6,30,4,29,0,87,1
Finance,Bachelor,Male,other,3,32,1,12,0,46,0
Ops,Bachelor,Female,sourcing,5,26,2,9,0,79,0
Finance,PhD,Male,other,7,27,4,21,0,91,1
HR,PhD,Male,referred,1,54,1,22,0,76,0
Tech,Master,Male,sourcing,3,37,5,7,0,62,0
HR,Bachelor,Male,other,6,45,3,7,0,80,0
Finance,Bachelor,Male,sourcing,2,35,4,13,0,47,0
Finance,PhD,Male,other,8,45,4,20,1,62,1
Finance,PhD,Female,sourcing,7,33,3,13,0,59,0
Ops,Master,Female,other,2,44,1,20,0,87,0
Finance,PhD,Male,other,5,27,3,28,0,50,0
Finance,Bachelor,Female,sourcing,4,42,4,5,1,40,1
Tech,Bachelor,Male,sourcing,2,30,3,25,0,88,0
Ops,Bachelor,Male,other,4,57,3,14,0,83,0
Tech,Bachelor,Male,sourcing,9,26,2,16,0,44,0
HR,Master,Female,other,2,52,3,13,0,53,0
Sales,PhD,Female,other,6,56,4,26,1,46,1
Tech,Bachelor,Female,other,4,24,2,12,0,98,0
Ops,Bachelor,Female,sourcing,8,40,2,1,0,99,0
Tech,Bachelor,Female,sourcing,4,40,3,8,0,63,0
Sales,Bachelor,Female,other,9,22,4,8,0,78,1
Tech,Master,Male,sourcing,3,43,3,23,0,43,0
Sales,Bachelor,Female,other,7,40,3,22,0,86,0
Ops,Bachelor,Female,other,5,47,4,27,0,66,0
Tech,Bachelor,Female,other,1,36,5,15,0,46,0
Ops,Bachelor,Male,other,3,40,3,3,0,93,0
Ops,Master,Male,other,9,46,3,29,0,63,0
HR,Bachelor,Female,other,9,52,4,27,0,48,0
HR,Bachelor,Male,other,5,51,5,8,0,40,0
Tech,Bachelor,Female,sourcing,5,54,3,23,0,73,0
Tech,Master,Male,other,4,37,4,24,0,79,1
Ops,Bachelor,Female,other,4,33,3,18,0,70,0
HR,Bachelor,Female,other,4,49,3,24,0,78,0
Tech,Bachelor,Male,sourcing,2,51,4,29,0,62,0
Tech,PhD,Male,sourcing,7,27,3,7,0,42,0
Tech,Bachelor,Male,other,3,35,3,29,0,78,0
HR,Bachelor,Male,sourcing,1,26,2,22,0,59,0
Tech,Master,Female,other,3,57,5,25,0,97,1
Ops,Master,Female,other,9,44,5,12,0,87,1
Tech,Bachelor,Male,sourcing,9,53,2,15,0,65,0
Finance,Master,Male,other,7,52,4,8,0,73,1
Sales,Bachelor,Female,other,1,35,3,29,0,71,0
Ops,Bachelor,Female,other,6,53,4,16,0,72,1
Tech,Bachelor,Female,referred,1,48,5,5,0,79,1
Finance,Bachelor,Male,sourcing,2,22,3,5,0,44,0
HR,Bachelor,Female,other,3,30,3,9,0,49,0
Ops,Bachelor,Female,other,6,37,4,13,0,75,1
Ops,Master,Male,other,7,56,4,15,0,69,0
Tech,Bachelor,Male,other,8,31,3,8,0,48,0
HR,Bachelor,Male,sourcing,9,37,4,12,0,85,1
Tech,Master,Female,other,7,51,5,20,0,71,1
Finance,Bachelor,Male,other,6,54,3,29,0,60,0
Sales,Bachelor,Female,other,5,36,1,9,0,81,0
HR,Master,Female,other,2,29,4,27,0,89,1
Sales,Bachelor,Male,sourcing,8,25,4,15,0,96,1
Finance,Master,Male,other,5,23,3,15,0,65,0
Ops,Master,Female,other,2,28,2,13,0,62,0
Finance,Bachelor,Female,other,3,55,3,15,0,48,0
Sales,Bachelor,Female,other,7,46,1,22,0,44,0
HR,Bachelor,Male,other,8,28,4,5,0,94,1
Tech,Master,Male,sourcing,5,46,2,10,1,47,0
Sales,Bachelor,Female,other,8,23,4,23,0,83,1
HR,Bachelor,Male,other,6,47,3,25,0,91,0
Sales,Bachelor,Male,other,2,57,5,12,1,95,1
Ops,Bachelor,Male,other,2,24,4,17,1,94,1
Ops,Master,Female,sourcing,8,50,1,9,0,90,0
Tech,Bachelor,Female,sourcing,4,32,4,29,0,85,1
Ops,PhD,Male,sourcing,8,42,3,26,0,82,0
Finance,Bachelor,Male,other,9,25,4,5,0,50,0
Tech,Bachelor,Female,sourcing,6,26,5,9,0,95,1
Sales,Bachelor,Male,sourcing,9,27,4,5,0,75,1
Finance,Bachelor,Male,sourcing,6,43,4,23,0,57,0
HR,Master,Female,other,3,27,3,14,0,70,0
Sales,PhD,Male,other,8,35,4,7,0,80,1
Ops,PhD,Male,other,1,43,2,9,0,47,0
Sales,Bachelor,Female,other,6,37,5,12,1,75,1
Ops,Bachelor,Female,other,3,53,3,5,0,90,0
Finance,PhD,Male,other,3,57,3,7,0,58,0
Finance,Master,Female,other,9,28,5,5,0,61,0
Finance,Bachelor,Female,other,7,44,3,20,0,41,0
Tech,Master,Male,other,2,35,3,29,0,50,0
Ops,Master,Male,referred,6,27,4,17,0,42,0
Sales,Bachelor,Male,other,4,46,5,11,0,72,1
Sales,PhD,Male,other,7,24,4,5,0,49,0
Sales,Bachelor,Male,other,4,34,2,28,0,92,0
Tech,Bachelor,Male,other,7,24,4,4,0,84,1
Tech,Master,Male,sourcing,6,52,3,27,0,42,0
Ops,Bachelor,Male,other,8,24,5,1,0,98,1
Tech,Master,Male,other,7,38,4,26,0,78,1
Finance,Master,Male,other,9,23,4,1,0,96,1
Sales,Bachelor,Female,other,4,26,4,14,0,76,1
Finance,Bachelor,Female,other,9,30,4,21,0,73,1
Tech,Master,Male,other,5,50,4,28,0,89,1
Sales,PhD,Male,other,9,56,2,28,0,67,0
HR,Master,Male,other,4,57,2,9,0,53,0
Finance,Bachelor,Female,sourcing,3,56,3,1,0,91,0
HR,Master,Female,sourcing,7,51,3,8,0,97,0
Ops,Bachelor,Male,sourcing,4,36,3,13,0,67,0
Finance,Bachelor,Male,other,5,50,3,9,0,69,0
Sales,Bachelor,Female,sourcing,3,46,5,15,0,69,0
Sales,Bachelor,Female,other,6,32,1,27,0,96,0
HR,Master,Female,sourcing,4,25,5,11,0,66,0
Sales,Master,Male,other,1,33,5,26,0,41,0
Finance,Bachelor,Female,referred,2,53,4,4,1,76,1
Tech,Bachelor,Male,sourcing,8,26,1,29,0,52,0
Tech,Master,Male,other,4,46,3,8,0,78,0
Sales,Bachelor,Male,sourcing,2,25,5,13,0,81,1
Ops,Bachelor,Female,sourcing,4,45,5,17,0,67,0
Finance,Bachelor,Male,sourcing,7,57,5,4,0,59,0
Ops,Bachelor,Male,other,2,23,5,10,0,78,1
HR,PhD,Female,other,6,56,2,2,0,94,0
Sales,Bachelor,Male,other,1,57,4,26,0,89,1
HR,Bachelor,Female,other,3,29,4,15,0,57,0
Ops,Master,Male,other,9,30,3,20,0,73,0
Finance,Master,Male,sourcing,5,49,3,18,0,96,0
Ops,Master,Male,other,8,31,3,14,0,87,0
Tech,Bachelor,Male,other,1,26,1,3,0,84,0
Ops,Bachelor,Male,other,4,52,2,1,0,56,0
Ops,PhD,Male,other,3,50,1,26,0,77,0
Ops,Bachelor,Female,other,9,24,4,3,1,62,1
Ops,Master,Male,other,7,47,4,23,0,70,0
Finance,Master,Male,sourcing,3,52,3,27,0,48,0
Sales,Bachelor,Female,sourcing,1,23,4,13,0,74,1
Finance,Master,Female,other,5,36,5,8,0,64,0
HR,Bachelor,Male,other,3,34,2,22,0,78,0
Tech,Master,Male,other,2,49,2,17,0,69,0
Sales,Master,Female,sourcing,3,35,3,23,0,44,0
Tech,Bachelor,Male,other,5,33,4,29,0,67,0
Tech,Master,Male,sourcing,5,36,4,16,0,92,1
Sales,PhD,Female,other,8,42,3,16,0,46,0
Sales,Bachelor,Female,sourcing,4,50,3,12,0,81,0
HR,Master,Male,referred,2,56,3,19,0,93,0
Finance,Master,Male,other,8,41,5,16,0,95,1
Sales,Master,Male,other,8,39,3,15,0,81,0
HR,Bachelor,Male,sourcing,8,36,4,29,0,81,1
Ops,Master,Female,sourcing,1,33,2,9,0,96,0
Sales,Bachelor,Male,sourcing,9,55,2,16,0,77,0
Finance,Bachelor,Male,other,4,26,3,27,0,58,0
Ops,Bachelor,Male,other,4,38,4,2,0,99,1
Ops,PhD,Male,other,8,34,3,25,0,64,0
Ops,Bachelor,Male,other,8,34,3,10,0,57,0
Ops,Bachelor,Male,sourcing,6,57,4,12,0,92,1
Tech,Bachelor,Male,sourcing,4,37,2,18,0,86,0
Finance,Bachelor,Female,other,3,24,4,18,0,65,0
HR,Bachelor,Female,other,5,23,5,28,0,84,1
Sales,Bachelor,Male,other,8,46,3,4,0,59,0
HR,Master,Female,other,7,24,3,2,0,41,0
Tech,Bachelor,Female,referred,8,32,4,7,0,69,0
Ops,PhD,Male,sourcing,1,32,4,19,0,61,0
Sales,Bachelor,Female,referred,4,31,5,11,0,99,1
Finance,Master,Male,sourcing,9,49,4,13,0,81,1
Sales,Master,Female,other,6,32,3,29,0,94,0
Sales,Master,Female,other,8,28,4,20,0,73,1
HR,Bachelor,Male,sourcing,8,50,3,17,0,74,0
Ops,Master,Male,other,5,22,3,10,0,44,0
Finance,Bachelor,Female,other,8,36,4,16,0,96,1
Sales,Bachelor,Male,referred,4,28,4,20,0,54,0
Tech,Bachelor,Male,sourcing,6,25,4,16,0,78,1
Tech,Bachelor,Male,referred,7,24,4,20,0,54,0
Ops,Bachelor,Male,other,6,41,2,20,0,67,0
Sales,Master,Male,sourcing,6,24,2,16,0,51,0
Ops,PhD,Male,other,8,50,2,27,0,42,0
Sales,Bachelor,Male,sourcing,5,41,4,25,0,49,0
Finance,Bachelor,Male,other,8,31,2,19,0,75,0
Tech,Bachelor,Female,referred,9,56,3,13,0,46,0
HR,Master,Male,sourcing,4,47,3,23,0,82,0
Ops,PhD,Male,sourcing,3,51,4,20,0,56,0
Finance,Bachelor,Male,other,5,47,3,11,0,59,0
Tech,PhD,Male,other,5,41,3,12,0,86,0
Finance,Bachelor,Female,other,7,30,3,17,0,88,0
HR,Bachelor,Male,other,3,32,4,15,0,85,1
Sales,Bachelor,Male,sourcing,9,54,4,26,0,92,1
Sales,Bachelor,Female,other,6,51,2,3,0,67,0
Finance,Bachelor,Female,other,9,51,4,9,0,51,0
Finance,Bachelor,Male,other,1,44,1,10,0,57,0
Ops,Master,Male,other,2,57,4,12,0,96,1
Finance,Bachelor,Male,sourcing,2,45,4,22,0,84,1
Sales,Bachelor,Male,other,8,52,3,24,0,90,0
Finance,Bachelor,Female,other,4,44,2,9,0,76,0
Tech,Master,Female,sourcing,7,57,4,24,0,51,0
Tech,Bachelor,Female,other,4,55,2,5,0,47,0
Sales,Bachelor,Female,other,4,42,5,22,0,79,1
Finance,Bachelor,Female,sourcing,8,47,4,26,0,80,1
Finance,Bachelor,Female,other,4,28,4,2,0,99,1
Finance,Bachelor,Female,sourcing,3,46,4,28,0,90,1
Tech,Bachelor,Female,other,9,24,2,13,0,58,0
Sales,Bachelor,Female,other,3,39,5,11,0,75,1
Ops,Master,Male,other,5,27,5,9,1,45,1
Tech,PhD,Female,other,1,34,4,22,0,94,1
Sales,Master,Male,other,9,23,4,8,0,67,0
Sales,PhD,Female,sourcing,6,34,4,23,0,83,1
Ops,Master,Female,other,5,22,4,15,0,40,0
HR,PhD,Male,sourcing,4,23,3,28,0,89,0
Ops,Bachelor,Male,other,8,25,3,29,0,58,0
Ops,Master,Male,other,2,34,4,16,0,88,1
Sales,PhD,Male,sourcing,5,51,4,10,1,42,1
HR,Master,Male,referred,8,33,4,2,0,75,1
HR,PhD,Female,other,1,54,3,15,0,66,0
Finance,Bachelor,Male,other,3,55,5,18,0,85,1
Ops,Bachelor,Male,other,7,24,3,13,0,45,0
Ops,Bachelor,Male,sourcing,5,30,4,5,0,69,0
HR,Bachelor,Male,other,9,28,3,19,0,76,0
HR,Master,Male,sourcing,1,25,3,1,0,66,0
HR,Master,Male,sourcing,7,49,4,26,0,45,0
Sales,Master,Female,sourcing,6,53,4,27,0,84,1
Sales,Bachelor,Male,sourcing,4,22,5,29,0,80,1
Sales,Bachelor,Female,other,6,34,2,3,1,56,0
Ops,Master,Female,referred,9,57,5,23,0,86,1
HR,Bachelor,Male,other,9,47,4,10,0,69,0
Sales,Bachelor,Male,other,2,34,2,15,0,54,0
Finance,Bachelor,Male,other,9,43,4,25,0,58,0
HR,Master,Female,other,2,45,3,16,0,69,0
HR,Master,Female,other,6,32,5,27,0,79,1
HR,Bachelor,Male,sourcing,7,46,3,29,0,48,0
Sales,Bachelor,Male,sourcing,9,36,4,4,0,98,1
Tech,Master,Male,sourcing,6,57,3,24,0,73,0
Finance,Bachelor,Male,other,8,55,3,22,0,85,0
Finance,PhD,Female,referred,3,55,2,20,0,65,0
Tech,Bachelor,Female,other,6,53,3,3,0,85,0
Finance,Master,Female,other,2,46,3,5,0,76,0
Sales,Bachelor,Male,other,1,24,2,3,0,74,0
HR,Master,Female,other,6,50,3,8,0,81,0
Tech,Bachelor,Male,sourcing,3,42,3,27,0,41,0
HR,PhD,Male,other,5,30,4,28,0,52,0
Finance,Bachelor,Male,other,6,42,5,6,0,99,1
Ops,Bachelor,Female,sourcing,6,42,4,15,0,82,1
Finance,PhD,Female,other,7,28,3,27,0,82,0
Finance,Bachelor,Male,other,7,53,5,6,0,48,0
Tech,Master,Female,other,6,43,5,23,0,60,0
HR,PhD,Female,sourcing,1,32,3,28,0,80,0
Tech,Bachelor,Male,other,8,55,4,7,0,83,1
Sales,Bachelor,Female,other,4,35,4,8,0,40,0
HR,Master,Female,other,1,43,4,16,1,59,1
Sales,Master,Female,sourcing,2,46,4,21,0,88,1
Sales,Bachelor,Male,other,3,37,3,13,1,44,0
Tech,Bachelor,Male,other,6,54,3,5,0,51,0
Finance,Bachelor,Male,other,2,23,4,22,0,82,1
Ops,Master,Male,other,2,27,3,20,0,60,0
Finance,Bachelor,Female,sourcing,6,55,3,2,0,87,0
Finance,Bachelor,Female,referred,4,43,4,14,0,78,1
HR,Master,Male,other,5,37,4,18,0,62,0
Tech,Master,Male,sourcing,8,28,3,18,0,47,0
HR,Bachelor,Male,sourcing,3,34,4,18,0,61,0
Ops,Bachelor,Male,sourcing,5,38,3,15,0,65,0
Tech,Master,Male,sourcing,1,24,4,5,0,58,0
Finance,Master,Male,other,4,33,4,2,0,96,1
Sales,Master,Male,other,5,27,4,23,0,54,0
Finance,Bachelor,Female,sourcing,4,33,2,11,0,76,0
Finance,Bachelor,Male,referred,9,32,3,20,0,80,0
Tech,Bachelor,Male,other,8,40,2,10,0,60,0
Finance,PhD,Male,other,2,52,4,5,0,90,1
Ops,Master,Male,sourcing,9,23,3,2,0,52,0
Finance,Bachelor,Female,referred,2,53,4,12,0,46,0
Sales,Bachelor,Male,other,6,39,2,17,0,64,0
Tech,Bachelor,Female,other,2,25,4,25,0,72,1
Ops,Bachelor,Male,other,6,43,2,22,0,42,0
Tech,Master,Male,sourcing,6,35,4,29,0,78,1
Sales,PhD,Male,sourcing,7,35,4,5,0,71,1
HR,Master,Male,other,5,50,3,21,0,80,0
Ops,Master,Male,other,3,55,3,18,0,75,0
Sales,Master,Male,referred,2,27,1,16,0,92,0
HR,Bachelor,Male,other,4,33,4,8,0,79,1
Sales,Bachelor,Male,other,1,45,5,4,0,91,1
HR,Master,Male,other,2,50,4,4,0,89,1
HR,Bachelor,Male,sourcing,8,31,5,24,0,62,0
Tech,PhD,Female,other,5,57,5,4,0,41,0
Finance,Bachelor,Male,other,5,55,3,17,0,71,0
Finance,Master,Female,other,3,53,4,20,0,85,1
Sales,Bachelor,Male,other,1,53,3,29,0,45,0
HR,Bachelor,Female,other,6,36,5,10,0,46,0
Finance,PhD,Male,other,1,30,4,1,1,95,1
Sales,Master,Female,other,4,57,4,22,0,60,0
Sales,Bachelor,Male,other,4,43,1,18,0,72,0
Ops,Bachelor,Male,other,3,34,4,27,0,55,0
Tech,PhD,Male,other,4,35,4,15,0,42,0
Tech,Master,Female,sourcing,6,47,3,29,1,65,0
HR,Bachelor,Male,sourcing,6,46,1,25,1,64,0
Finance,Bachelor,Male,sourcing,6,43,4,29,0,54,0
HR,Bachelor,Male,sourcing,6,51,3,10,0,61,0
Finance,Bachelor,Male,other,4,34,3,16,0,82,0
Finance,Bachelor,Female,referred,7,53,4,4,0,76,1
Finance,Master,Female,other,7,40,2,27,0,88,0
Finance,Bachelor,Female,other,2,56,2,29,0,87,0
Finance,Bachelor,Female,other,6,50,5,24,0,59,0
Ops,Bachelor,Female,other,5,28,3,27,0,92,0
Ops,Bachelor,Female,sourcing,1,56,3,18,1,89,1
Finance,Bachelor,Male,sourcing,3,27,1,21,0,68,0
Sales,Bachelor,Male,referred,9,35,3,28,0,76,0
Sales,Bachelor,Female,other,9,49,3,11,0,58,0
Tech,Bachelor,Male,sourcing,9,22,3,8,1,79,1
Finance,Bachelor,Female,other,5,42,3,1,0,70,0
Sales,Master,Female,other,6,48,4,22,0,97,1
Tech,Master,Female,other,9,43,4,2,0,53,0
Sales,Master,Male,sourcing,4,32,3,21,0,82,0
Tech,Bachelor,Male,other,4,30,4,17,0,54,0
HR,Bachelor,Female,other,9,31,5,28,0,40,0
Sales,Master,Male,other,7,52,4,20,0,91,1
Finance,Master,Female,other,6,53,2,19,0,51,0
Finance,Master,Female,other,6,52,3,10,0,50,0
Ops,Bachelor,Female,referred,5,29,4,21,0,86,1
HR,Bachelor,Male,other,4,26,2,8,0,48,0
HR,Bachelor,Male,other,3,52,1,25,1,83,1
Sales,Bachelor,Female,other,7,28,5,21,0,72,1
Tech,Bachelor,Male,other,5,35,4,9,0,93,1
Ops,Bachelor,Female,referred,2,46,3,10,0,93,0
HR,Master,Male,other,3,42,3,20,0,66,0
HR,Master,Male,sourcing,5,50,3,28,0,73,0
Finance,Bachelor,Female,sourcing,9,52,1,5,0,88,0
Finance,Bachelor,Male,other,6,25,3,29,0,40,0
Tech,Bachelor,Male,sourcing,2,50,4,27,0,49,0
Sales,Master,Male,other,8,22,5,9,0,52,0
Tech,Master,Male,sourcing,6,53,4,11,0,68,0
Sales,PhD,Male,referred,6,22,3,25,0,86,0
Ops,Master,Female,other,8,25,3,18,0,44,0
HR,Bachelor,Female,other,7,41,4,21,0,50,0
Tech,Bachelor,Male,sourcing,5,35,3,24,0,92,0
Sales,Master,Female,other,9,35,4,1,0,66,0
Ops,PhD,Male,other,1,23,3,16,1,97,1
Tech,Bachelor,Male,sourcing,4,42,3,20,0,78,0
HR,Bachelor,Female,referred,9,50,4,24,0,96,1
Ops,Bachelor,Female,sourcing,2,33,2,10,0,75,0
Finance,Master,Female,sourcing,3,39,4,28,0,91,1
HR,Master,Female,other,3,53,5,18,0,66,0
Finance,Bachelor,Female,other,6,43,4,1,0,82,1
Ops,Master,Male,referred,3,57,4,28,0,78,1
Ops,PhD,Male,other,3,33,3,6,0,85,0
Finance,Bachelor,Male,sourcing,5,42,3,22,0,64,0
Sales,Bachelor,Female,referred,3,29,3,1,0,78,0
Ops,Master,Female,other,5,49,4,3,0,63,0
Tech,Bachelor,Female,sourcing,3,43,4,26,0,81,1
Tech,Master,Male,referred,2,37,3,13,0,87,0
Ops,Bachelor,Female,other,8,33,2,12,0,70,0
Finance,Bachelor,Male,sourcing,3,38,4,24,0,46,0
Finance,Bachelor,Female,other,6,42,4,14,0,64,0
HR,Bachelor,Male,referred,2,28,3,25,0,61,0
Finance,PhD,Male,other,1,41,4,28,0,50,0
Sales,Master,Male,sourcing,8,57,5,24,0,64,0
Sales,Master,Female,sourcing,3,34,3,17,0,58,0
Tech,Bachelor,Male,other,2,50,3,16,0,43,0
Ops,Master,Male,other,2,29,5,27,0,64,0
Tech,Master,Male,other,5,41,3,13,0,73,0
Ops,Master,Female,other,6,31,4,4,0,67,0
Tech,PhD,Male,sourcing,2,36,3,15,0,55,0
Ops,Bachelor,Male,other,6,33,2,28,0,41,0
Ops,Bachelor,Male,referred,1,37,2,9,0,65,0
Tech,Master,Female,other,9,29,5,17,0,47,0
HR,Master,Female,other,4,41,3,28,0,82,0
Sales,Master,Female,other,5,35,5,11,0,65,0
Finance,Bachelor,Male,sourcing,3,47,3,20,0,77,0
Sales,Bachelor,Female,other,6,50,1,26,0,60,0
Finance,Master,Female,sourcing,1,34,3,7,0,89,0
Ops,Bachelor,Male,sourcing,7,55,4,7,0,56,0
Tech,Bachelor,Male,other,8,43,2,23,0,69,0
Tech,Bachelor,Female,sourcing,3,47,5,26,0,90,1
Finance,Bachelor,Male,other,2,55,5,4,0,82,1
Tech,Bachelor,Female,other,4,45,2,8,0,77,0
Tech,Bachelor,Male,sourcing,8,42,4,19,0,98,1
Tech,Bachelor,Female,other,8,52,3,14,0,98,0
Sales,Bachelor,Male,other,8,33,5,25,0,83,1
Tech,Master,Female,other,2,45,2,22,0,51,0
HR,Bachelor,Female,sourcing,4,42,3,23,0,70,0
Finance,Bachelor,Male,sourcing,1,25,3,25,0,83,0
Sales,PhD,Male,sourcing,7,46,4,4,0,76,1
Sales,Master,Male,sourcing,6,29,2,21,0,77,0
Ops,Bachelor,Female,other,7,57,4,17,0,86,1
Ops,Bachelor,Female,referred,5,55,5,26,0,98,1
Tech,Bachelor,Male,other,6,48,3,24,0,46,0
Sales,Master,Male,sourcing,6,49,3,18,0,46,0
Sales,Bachelor,Female,referred,6,50,3,21,0,74,0
Tech,Bachelor,Male,other,9,50,3,15,0,66,0
Finance,Bachelor,Female,other,4,31,3,5,0,65,0
Sales,Bachelor,Male,other,2,53,3,15,0,95,0
Ops,Master,Male,referred,9,29,5,26,0,79,1
Tech,Bachelor,Male,other,7,38,2,4,0,82,0
Sales,Bachelor,Female,other,5,33,3,4,0,58,0
Ops,Master,Male,other,6,47,3,12,0,61,0
HR,Bachelor,Male,other,7,24,4,18,0,96,1
Sales,Bachelor,Male,sourcing,5,32,1,29,0,40,0
Tech,Bachelor,Male,referred,5,35,5,19,0,98,1
Ops,Bachelor,Female,sourcing,6,28,4,26,0,73,1
Sales,Master,Male,other,8,47,5,18,1,89,1
Ops,Bachelor,Male,other,2,54,3,1,0,71,0
Tech,Bachelor,Male,sourcing,9,53,2,4,0,92,0
Sales,Bachelor,Female,referred,5,41,3,25,0,68,0
Tech,Master,Male,other,4,31,3,15,0,61,0
Finance,Bachelor,Female,other,8,36,1,6,0,90,0
Sales,Bachelor,Female,other,4,36,4,24,0,59,0
Sales,Bachelor,Female,other,2,27,4,2,0,97,1
Ops,Master,Female,sourcing,5,46,4,2,0,67,0
Sales,Master,Male,sourcing,5,22,5,2,0,84,1
Finance,Bachelor,Female,referred,4,27,4,11,0,89,1
Ops,PhD,Male,other,3,34,3,8,0,99,0
Ops,Bachelor,Female,other,5,32,4,17,0,90,1
HR,Bachelor,Male,other,9,45,3,21,0,67,0
Sales,Bachelor,Male,sourcing,9,41,4,12,0,47,0
HR,Master,Female,referred,9,47,4,4,0,86,1
Finance,Bachelor,Male,referred,6,46,4,27,0,60,0
Sales,Bachelor,Female,other,8,33,3,1,0,57,0
HR,Bachelor,Female,referred,1,30,2,28,0,81,0
HR,Bachelor,Female,other,1,57,4,10,0,54,0
Ops,PhD,Male,other,7,30,4,7,0,49,0
HR,Master,Male,other,5,54,5,16,0,66,0
HR,Bachelor,Female,referred,2,55,2,17,0,57,0
Sales,Master,Male,referred,4,45,4,6,0,59,0
Sales,Bachelor,Male,other,4,54,4,28,0,96,1
Ops,Master,Male,other,6,54,1,1,0,77,0
Sales,Bachelor,Female,other,8,50,4,11,0,72,1
Finance,Bachelor,Male,other,3,34,1,13,0,85,0
Ops,Bachelor,Male,other,7,39,4,13,0,98,1
Finance,Bachelor,Male,other,2,56,4,9,0,91,1
Sales,PhD,Male,other,9,23,4,3,0,69,0
Sales,Master,Male,other,7,46,2,28,0,42,0
Ops,Master,Female,sourcing,1,27,5,2,0,40,0
HR,Master,Male,sourcing,4,46,5,23,0,93,1
Tech,Bachelor,Male,sourcing,2,41,5,1,0,49,0
Tech,Bachelor,Female,sourcing,5,35,3,7,0,88,0
Sales,PhD,Male,other,9,25,3,25,0,40,0
Finance,Bachelor,Male,other,3,29,2,20,0,87,0
Ops,Bachelor,Female,sourcing,5,55,2,10,0,94,0
HR,Master,Male,sourcing,2,49,2,2,0,72,0
Sales,Bachelor,Male,other,4,23,4,4,0,98,1
Finance,Bachelor,Female,other,2,38,3,25,0,68,0
Sales,Bachelor,Male,sourcing,8,25,4,16,1,74,1
Tech,Bachelor,Male,other,7,55,4,8,0,76,1
Sales,Bachelor,Male,sourcing,7,48,5,12,0,90,1
Finance,Bachelor,Male,other,7,40,5,5,0,70,0
Tech,Bachelor,Female,sourcing,9,49,4,24,0,93,1
Sales,Bachelor,Female,sourcing,2,55,4,23,0,85,1
Tech,PhD,Male,sourcing,6,53,1,20,0,85,0
Ops,Master,Male,other,4,52,1,3,0,96,0
Finance,Master,Female,other,6,27,3,1,0,89,0
Finance,Bachelor,Female,sourcing,9,27,4,14,0,46,0
Ops,Bachelor,Male,other,1,49,4,19,1,59,1
Finance,Master,Female,other,2,29,3,24,0,82,0
Finance,Bachelor,Female,sourcing,6,22,5,25,0,61,0
Sales,Bachelor,Female,other,7,37,4,16,0,81,1
HR,Master,Male,other,3,40,2,9,0,51,0
Sales,Master,Female,sourcing,1,39,3,5,0,49,0
Ops,Master,Female,other,7,51,5,4,0,77,1
Ops,Master,Male,other,2,37,3,6,0,70,0
HR,Master,Male,other,6,54,3,12,0,79,0
Sales,Bachelor,Male,other,4,49,3,14,0,78,0
Sales,Bachelor,Female,other,4,37,3,23,0,84,0
Sales,Master,Male,other,9,32,4,14,0,60,0
Tech,Bachelor,Female,other,7,27,1,6,0,62,0
Tech,Bachelor,Male,other,1,35,4,5,0,70,0
Sales,Bachelor,Male,other,4,57,5,29,0,83,1
Tech,Master,Female,other,6,43,4,2,0,83,1
Sales,Master,Male,other,2,44,5,3,0,69,0
Ops,Bachelor,Male,other,4,52,2,9,0,61,0
Sales,Master,Female,other,2,49,3,7,0,84,0
Tech,Bachelor,Female,other,1,40,2,26,0,60,0
HR,PhD,Male,other,1,43,4,12,0,80,1
Ops,PhD,Female,other,9,22,5,18,0,59,0
Finance,Master,Male,referred,9,24,3,28,0,67,0
HR,Bachelor,Male,referred,4,29,4,13,0,78,1
HR,Bachelor,Male,referred,8,34,3,1,0,55,0
Finance,Bachelor,Male,sourcing,7,22,3,1,0,94,0
Ops,Bachelor,Female,sourcing,5,50,3,1,0,58,0
Finance,Master,Female,other,2,34,4,22,0,63,0
Ops,PhD,Female,other,9,50,2,21,0,96,0
Ops,PhD,Female,other,7,51,3,7,0,82,0
Ops,Bachelor,Male,other,4,37,3,28,0,70,0
HR,Bachelor,Female,other,2,55,2,21,0,44,0
Ops,Bachelor,Male,other,2,24,4,9,0,56,0
Finance,Bachelor,Male,other,3,50,3,1,0,40,0
HR,Bachelor,Male,sourcing,6,51,3,15,0,76,0
Ops,Bachelor,Female,referred,1,55,4,25,0,69,0
Tech,Bachelor,Male,other,5,25,3,12,0,71,0
Tech,Bachelor,Female,sourcing,3,29,5,4,0,71,1
Ops,Master,Female,other,7,39,4,10,0,41,0
Tech,Master,Male,other,7,43,3,23,0,73,0
Sales,Bachelor,Male,other,5,31,2,18,0,83,0
HR,Bachelor,Female,other,9,35,5,19,0,68,0
Sales,Bachelor,Female,sourcing,8,52,3,20,1,93,1
HR,PhD,Female,other,9,56,3,5,0,44,0
Finance,Bachelor,Male,other,6,23,4,28,0,69,0
Tech,Master,Male,sourcing,8,23,1,2,0,82,0
Tech,Bachelor,Female,other,2,56,3,7,0,84,0
Tech,PhD,Male,other,5,55,4,6,0,57,0
Ops,PhD,Female,referred,8,50,4,16,0,53,0
HR,Bachelor,Male,other,2,27,5,15,0,76,1
Ops,PhD,Female,other,2,25,3,9,0,50,0
Tech,Master,Male,other,3,22,4,7,0,43,0
Finance,Master,Female,other,2,56,1,10,0,61,0
Tech,Bachelor,Female,other,4,47,3,26,0,88,0
Ops,Bachelor,Male,sourcing,4,50,1,2,0,85,0
Tech,Master,Male,sourcing,1,32,3,3,0,99,0
Sales,Bachelor,Female,other,6,25,4,19,0,42,0
Sales,PhD,Female,other,7,43,1,24,0,92,0
Ops,Bachelor,Male,other,7,54,4,24,0,63,0
Sales,Bachelor,Male,other,5,55,3,3,0,73,0
HR,Bachelor,Male,referred,4,52,2,8,0,47,0
HR,Bachelor,Female,sourcing,2,31,4,5,0,63,0
Ops,PhD,Male,other,5,56,4,27,0,55,0
