school,sex,age,address,famsize,Pstatus,Medu,Fedu,studytime,failures,internet,absences,G1,G2,grade
MS,F,20,R,GT3,T,4,0,2,0,yes,12,2,14,C
GP,F,16,U,GT3,T,4,1,4,0,yes,40,14,3,F
GP,M,17,U,GT3,T,0,2,1,0,yes,16,3,1,F
MS,M,19,U,GT3,T,2,4,2,0,yes,31,16,2,C
GP,F,18,U,GT3,T,0,4,2,3,yes,4,10,9,F
MS,F,18,U,GT3,A,0,1,3,0,yes,8,5,0,F
GP,M,20,U,LE3,T,1,2,4,0,yes,33,16,17,B
MS,F,20,U,GT3,T,2,3,2,1,yes,0,9,4,F
GP,M,21,U,GT3,T,1,4,3,0,yes,39,0,8,F
MS,M,21,R,GT3,T,4,1,3,1,yes,53,17,19,B
MS,M,18,U,GT3,T,1,1,3,0,yes,31,13,5,F
MS,F,18,U,LE3,T,4,0,4,0,yes,49,18,18,B
GP,F,18,R,GT3,T,0,0,4,0,yes,58,17,8,C
MS,F,15,U,GT3,T,1,3,2,0,yes,61,0,17,C
MS,M,21,R,GT3,T,2,3,4,0,yes,10,0,14,F
MS,F,20,R,LE3,T,1,3,4,3,yes,22,8,14,F
MS,F,17,R,GT3,T,4,3,1,0,yes,25,13,13,C
GP,M,19,U,GT3,T,3,1,4,2,yes,62,2,2,F
GP,F,19,U,GT3,T,2,1,1,0,yes,45,11,7,C
GP,F,16,U,GT3,T,4,1,2,2,yes,68,16,18,B
MS,M,17,U,LE3,T,3,2,3,0,yes,5,16,10,C
GP,M,20,U,LE3,T,2,3,1,0,yes,50,1,3,F
GP,M,15,U,GT3,T,3,2,2,0,yes,42,5,14,C
GP,F,15,U,GT3,T,0,4,1,0,yes,41,0,9,F
GP,F,17,U,LE3,A,0,4,4,0,yes,12,11,19,B
GP,F,18,U,GT3,T,1,1,2,1,yes,24,3,10,F
GP,M,18,U,GT3,T,1,4,3,0,yes,1,15,8,B
MS,F,17,R,GT3,T,1,1,1,0,yes,13,19,16,A
MS,F,20,U,LE3,T,1,3,4,0,yes,16,10,8,F
GP,F,19,U,GT3,T,3,2,2,0,no,39,19,8,C
MS,M,18,U,GT3,T,2,1,4,3,yes,38,19,8,C
MS,F,16,R,GT3,T,2,0,2,0,yes,24,9,1,F
MS,M,20,R,GT3,T,1,0,1,0,yes,47,7,12,F
MS,F,20,R,GT3,A,0,3,2,0,yes,48,1,0,F
MS,M,15,R,GT3,T,4,2,1,0,yes,32,7,5,C
GP,M,21,U,LE3,T,1,1,2,0,yes,26,0,5,F
GP,F,18,U,GT3,T,1,3,4,0,yes,44,6,15,C
MS,F,19,U,LE3,T,0,2,4,1,yes,30,13,11,F
GP,M,20,U,GT3,A,4,0,1,2,yes,62,3,14,F
GP,M,18,U,GT3,T,3,1,3,2,yes,37,16,6,F
GP,F,18,R,GT3,T,3,2,1,3,yes,39,1,1,F
GP,M,15,U,LE3,T,4,4,4,0,yes,57,1,11,C
GP,M,16,U,LE3,T,4,1,2,0,yes,64,7,19,C
GP,M,20,U,GT3,T,3,4,3,0,yes,10,6,1,F
GP,F,21,U,GT3,T,1,3,4,0,yes,14,7,3,F
MS,M,16,U,LE3,T,1,2,3,0,yes,56,19,2,F
MS,F,19,U,GT3,T,0,2,1,1,no,24,16,1,F
MS,F,21,U,LE3,T,4,2,4,0,yes,38,16,17,B
GP,F,17,U,LE3,T,1,2,1,0,yes,32,6,2,F
MS,M,17,R,LE3,T,1,1,4,0,yes,28,4,9,F
GP,M,21,U,GT3,T,0,4,4,0,yes,57,14,11,B
MS,M,17,U,LE3,A,4,4,1,1,yes,71,1,3,F
MS,F,19,U,LE3,T,0,3,4,2,yes,10,10,19,F
GP,F,20,U,LE3,T,0,3,3,0,yes,12,16,6,C
MS,F,18,U,LE3,A,3,2,3,1,yes,68,12,19,C
GP,F,16,U,GT3,A,0,0,1,0,yes,20,3,18,F
MS,F,16,U,LE3,T,4,0,2,0,no,2,17,7,C
MS,F,18,R,GT3,T,1,2,3,0,yes,25,13,2,F
GP,F,20,U,LE3,T,1,4,4,0,yes,32,18,14,C
MS,F,21,U,GT3,T,3,3,1,0,yes,21,2,7,C
MS,M,16,U,LE3,T,4,1,2,0,yes,61,3,17,C
MS,M,20,U,LE3,T,1,0,1,1,yes,4,8,13,F
MS,M,21,U,LE3,T,0,3,3,3,yes,18,13,18,F
MS,M,21,R,LE3,T,2,0,4,0,yes,8,16,3,C
GP,F,21,U,GT3,T,2,4,3,0,yes,57,1,2,F
GP,M,16,R,GT3,T,2,4,1,1,yes,23,13,8,F
GP,F,17,U,GT3,T,2,2,4,1,yes,38,15,9,C
GP,M,17,U,LE3,T,0,2,2,0,yes,60,18,7,C
GP,F,15,R,GT3,T,1,0,3,0,yes,47,15,19,B
GP,M,15,U,LE3,T,3,0,1,2,yes,49,10,1,F
MS,M,16,U,GT3,T,0,3,4,0,yes,61,13,0,F
GP,M,17,U,GT3,T,1,2,1,0,yes,52,6,3,F
GP,F,20,U,GT3,T,4,4,2,3,no,20,4,15,F
MS,M,15,U,LE3,T,1,3,2,0,yes,37,7,4,F
MS,M,15,R,LE3,T,1,3,3,0,yes,58,16,17,C
GP,M,17,U,LE3,T,1,1,2,0,yes,42,13,13,C
MS,M,20,U,LE3,A,0,4,2,0,no,16,9,12,C
MS,M,15,R,LE3,T,1,3,3,3,yes,68,11,15,F
MS,F,18,U,LE3,T,1,1,1,0,yes,43,4,14,F
MS,F,21,U,LE3,T,4,2,3,1,yes,62,7,18,F
GP,M,20,R,GT3,T,4,4,3,0,yes,22,11,3,F
GP,F,18,U,GT3,T,2,2,4,0,yes,67,3,18,C
MS,M,17,U,GT3,T,0,1,2,0,yes,25,12,12,C
MS,M,17,R,LE3,T,1,4,2,2,yes,47,16,10,C
MS,M,15,U,LE3,T,2,0,1,0,yes,46,4,17,C
GP,M,16,U,GT3,T,2,0,2,0,yes,45,5,10,F
MS,F,19,U,GT3,T,0,0,1,0,no,28,8,0,F
GP,M,18,U,LE3,T,2,3,4,1,no,33,4,14,F
GP,M,18,U,GT3,T,2,0,1,2,yes,9,1,9,F
MS,F,20,U,LE3,T,0,3,1,0,no,19,2,3,F
MS,M,20,U,GT3,T,3,3,4,1,yes,33,10,5,C
MS,M,17,U,GT3,A,2,1,3,0,yes,12,9,1,F
MS,F,21,U,LE3,T,4,0,4,0,yes,9,2,16,C
MS,F,16,U,GT3,T,2,4,2,0,no,44,8,11,F
MS,M,17,U,GT3,T,0,3,2,0,yes,7,7,4,F
MS,M,15,U,LE3,T,0,1,4,1,yes,4,15,18,A
GP,M,16,U,GT3,T,3,3,1,0,no,19,1,5,F
GP,F,15,U,LE3,T,3,4,4,0,yes,43,9,16,C
GP,M,18,U,GT3,T,4,4,2,2,yes,57,13,18,B
MS,M,17,U,GT3,T,4,0,4,3,yes,19,4,19,F
GP,M,20,U,GT3,T,2,3,1,0,yes,70,0,2,F
GP,M,17,U,LE3,T,3,4,2,0,yes,73,12,7,C
MS,F,19,U,GT3,T,4,2,3,0,yes,39,3,4,F
GP,F,16,U,GT3,T,2,4,4,0,yes,15,8,4,F
MS,M,21,R,LE3,T,1,4,4,0,yes,3,15,16,B
GP,F,18,U,LE3,T,2,3,4,3,yes,9,18,18,B
MS,M,19,U,GT3,T,4,4,4,0,yes,50,13,18,B
MS,F,19,U,GT3,T,2,1,2,1,yes,47,19,9,C
MS,F,17,U,GT3,T,1,4,1,0,yes,19,7,2,F
GP,F,16,U,GT3,T,4,2,3,0,yes,31,9,12,F
MS,M,17,R,GT3,T,2,4,4,0,yes,65,19,15,B
GP,M,16,U,LE3,T,4,0,2,2,no,59,0,11,F
GP,F,19,R,GT3,A,2,3,4,0,no,10,19,16,B
MS,M,15,U,GT3,T,0,2,3,0,yes,19,4,1,F
GP,F,18,U,GT3,T,4,1,4,0,no,22,14,15,B
GP,M,19,U,LE3,T,4,4,1,0,yes,34,7,10,F
GP,F,17,U,GT3,T,4,4,4,0,yes,16,9,0,F
MS,F,21,U,GT3,T,4,1,4,0,yes,9,5,11,C
GP,M,21,U,GT3,T,2,4,4,0,yes,37,14,5,C
GP,M,18,U,GT3,T,3,0,1,0,yes,31,14,18,B
GP,F,19,U,GT3,T,2,2,2,0,yes,53,9,4,F
GP,M,16,U,GT3,T,1,4,1,3,yes,56,18,2,F
GP,F,21,U,GT3,T,0,1,2,0,yes,24,3,17,C
GP,F,17,U,LE3,T,2,1,1,2,yes,13,5,17,F
MS,M,21,U,GT3,T,2,2,1,0,yes,44,14,11,C
MS,M,19,U,GT3,T,4,0,4,0,yes,43,5,17,F
MS,M,16,U,LE3,T,1,2,1,0,yes,37,17,9,B
MS,M,16,U,GT3,T,4,4,2,0,yes,35,10,3,C
GP,F,16,U,LE3,T,4,0,2,0,yes,38,11,19,B
GP,F,21,U,LE3,T,3,0,2,0,yes,38,7,18,B
GP,F,18,U,GT3,T,0,1,2,0,yes,12,13,3,F
GP,M,17,U,GT3,T,3,0,1,1,no,65,3,10,F
MS,M,16,U,GT3,A,4,4,4,1,yes,33,17,2,C
MS,F,19,U,GT3,T,0,4,3,0,yes,14,5,14,C
GP,M,16,R,LE3,T,2,4,2,0,yes,57,5,15,C
GP,M,17,U,LE3,T,1,3,1,0,yes,58,18,11,C
GP,M,20,U,GT3,T,3,0,4,0,no,65,1,17,C
MS,F,20,R,GT3,T,1,0,1,0,yes,51,3,5,F
MS,F,18,R,LE3,T,4,4,2,0,no,68,4,14,C
MS,M,16,U,GT3,T,0,1,2,0,yes,4,14,1,F
GP,F,19,U,GT3,T,2,0,4,0,yes,42,2,11,F
GP,F,17,U,GT3,T,0,3,1,0,yes,7,15,9,C
GP,F,21,U,GT3,T,1,0,2,0,yes,62,12,3,F
MS,F,16,U,LE3,T,1,2,2,1,yes,67,11,7,C
MS,F,21,U,LE3,T,2,3,3,0,yes,34,8,14,B
MS,M,18,U,GT3,T,2,1,3,0,yes,70,10,18,B
GP,F,15,U,GT3,T,0,3,2,1,yes,31,7,15,C
MS,M,20,U,LE3,T,3,3,3,3,yes,23,6,12,F
GP,M,19,U,GT3,T,0,0,3,2,yes,49,3,14,F
GP,F,20,U,GT3,T,1,3,2,0,yes,58,1,13,C
GP,F,16,U,LE3,T,0,4,1,1,yes,64,18,14,C
MS,F,16,U,GT3,T,4,3,1,0,no,37,11,11,F
MS,F,15,U,LE3,T,0,0,1,0,yes,37,2,10,F
MS,M,17,U,LE3,T,0,4,4,0,yes,20,18,2,C
MS,M,21,U,GT3,T,4,1,1,0,yes,22,2,13,F
MS,M,21,U,LE3,T,1,2,4,0,yes,45,18,1,F
MS,F,21,U,LE3,T,2,3,4,1,yes,68,18,17,B
GP,M,15,U,GT3,T,0,4,3,2,yes,29,6,2,F
MS,M,21,U,GT3,T,3,4,4,0,yes,39,13,8,C
MS,F,17,U,GT3,A,2,1,4,1,yes,69,3,10,F
GP,F,16,U,LE3,T,3,1,4,0,yes,68,5,2,C
MS,F,15,U,GT3,T,0,2,4,0,yes,41,13,4,F
MS,M,20,U,GT3,A,3,2,3,0,no,17,7,8,F
GP,F,21,R,LE3,T,2,0,2,2,yes,58,17,9,F
MS,M,20,U,GT3,T,3,2,4,0,yes,12,14,5,C
GP,F,21,U,GT3,T,3,2,2,1,yes,20,18,5,F
GP,M,16,U,GT3,T,2,4,1,0,no,67,17,10,C
GP,M,15,R,LE3,T,2,3,1,1,yes,60,14,16,C
MS,F,16,U,LE3,T,2,3,2,1,yes,37,11,1,F
GP,M,20,U,GT3,T,2,2,2,1,yes,39,17,8,F
MS,F,20,U,GT3,T,4,0,1,3,yes,26,4,17,F
GP,F,16,U,GT3,T,0,0,3,0,no,57,14,4,C
MS,F,21,U,GT3,T,2,3,3,0,no,65,8,5,F
GP,M,16,R,GT3,T,1,1,4,0,yes,42,7,3,F
MS,M,18,U,LE3,T,3,4,3,0,yes,19,7,8,F
MS,M,15,R,LE3,T,2,2,3,1,yes,34,2,4,F
MS,F,18,U,LE3,T,2,4,4,0,yes,54,12,3,C
MS,M,16,R,GT3,T,0,2,4,1,yes,73,12,8,C
MS,M,19,U,GT3,T,2,2,3,1,yes,71,11,17,B
MS,F,20,U,GT3,T,4,3,2,0,yes,39,14,10,C
MS,F,17,U,GT3,T,1,4,4,0,yes,45,13,15,B
MS,F,15,U,GT3,T,1,4,2,0,yes,41,0,1,F
MS,F,15,U,GT3,T,2,1,1,1,no,17,1,15,F
GP,F,20,U,GT3,T,0,1,4,0,yes,14,3,18,B
GP,F,17,U,GT3,T,2,4,2,0,yes,65,12,9,C
GP,F,18,U,LE3,T,3,1,4,0,yes,12,9,3,F
GP,M,17,U,GT3,T,1,1,4,0,yes,56,12,11,B
GP,F,19,R,GT3,T,3,2,4,0,yes,8,0,8,F
MS,F,16,U,GT3,T,4,3,4,2,yes,65,10,12,F
GP,F,17,U,GT3,T,1,2,2,0,yes,15,17,4,C
GP,F,21,U,GT3,T,1,1,2,0,yes,1,8,1,F
GP,F,17,R,GT3,T,4,2,2,0,yes,15,5,2,F
GP,M,16,U,GT3,T,3,2,1,0,yes,71,12,7,C
MS,F,20,U,GT3,T,2,0,4,0,yes,0,4,5,F
MS,M,15,U,LE3,T,0,2,4,0,yes,25,9,4,C
GP,M,20,U,LE3,A,3,2,2,1,yes,43,4,3,F
GP,F,21,U,GT3,T,4,3,2,0,yes,4,9,19,C
GP,F,19,U,GT3,T,4,4,4,0,yes,20,4,15,F
GP,F,20,U,GT3,T,4,0,4,0,yes,34,19,7,C
MS,M,17,U,GT3,T,1,0,1,0,yes,53,10,11,F
MS,F,17,R,GT3,T,2,0,4,2,yes,49,4,4,F
MS,M,15,U,GT3,T,1,0,2,0,yes,43,4,4,F
GP,M,19,U,GT3,T,1,3,1,0,yes,3,16,12,C
MS,F,16,U,LE3,T,1,4,3,3,no,41,4,10,F
GP,F,16,U,LE3,T,4,3,3,0,yes,40,0,10,F
MS,M,18,U,GT3,T,3,0,4,0,no,35,12,18,B
MS,M,19,U,LE3,T,0,4,2,0,yes,23,3,6,F
GP,F,19,U,LE3,T,0,3,4,0,yes,4,7,16,C
MS,F,17,U,GT3,T,2,4,2,0,yes,56,19,4,F
MS,M,18,U,LE3,T,2,3,2,1,yes,66,5,5,F
GP,M,16,U,GT3,T,4,4,2,0,no,10,14,17,B
MS,F,21,U,LE3,T,0,3,3,0,yes,44,14,17,B
MS,M,19,U,GT3,T,3,0,4,0,yes,21,15,8,C
GP,F,19,R,GT3,T,4,0,4,1,yes,10,8,17,C
MS,F,15,U,GT3,T,2,0,3,1,yes,37,4,18,F
GP,F,16,U,GT3,T,4,3,2,3,yes,58,15,16,F
GP,M,15,R,GT3,T,2,4,1,0,yes,3,6,8,F
GP,M,18,R,GT3,T,0,4,1,0,yes,66,2,0,F
GP,M,19,U,LE3,T,4,1,3,0,yes,9,9,19,B
GP,F,18,U,GT3,T,1,2,1,1,yes,18,15,17,B
GP,F,20,R,GT3,T,2,0,2,0,yes,27,11,12,C
GP,F,15,U,GT3,T,1,0,2,1,no,16,8,7,F
GP,M,16,U,GT3,T,2,0,4,0,yes,23,15,13,B
GP,F,19,U,LE3,T,1,1,2,2,no,0,8,2,F
GP,F,20,U,LE3,T,0,1,2,1,no,4,6,3,F
GP,F,20,U,LE3,T,0,1,2,0,yes,31,10,10,C
GP,M,16,R,GT3,T,3,0,1,2,yes,52,16,6,F
GP,M,18,U,GT3,A,3,4,1,2,yes,56,9,4,F
MS,M,20,R,GT3,T,3,0,3,0,yes,42,14,1,F
GP,M,17,U,LE3,T,4,1,3,2,no,38,9,5,F
GP,M,16,U,LE3,T,2,1,1,0,yes,33,1,19,F
GP,M,20,U,LE3,T,4,2,4,1,yes,4,15,4,C
MS,M,16,U,GT3,T,3,3,4,0,yes,17,6,14,B
GP,F,16,U,GT3,T,2,2,1,0,yes,3,14,10,C
MS,F,19,R,GT3,T,4,2,3,1,yes,69,16,4,F
GP,F,18,U,GT3,T,0,0,4,0,yes,10,12,17,B
MS,F,18,U,GT3,T,2,3,2,0,no,46,18,7,B
MS,M,19,R,GT3,T,3,3,4,0,yes,30,7,10,C
MS,M,16,U,GT3,T,0,0,4,2,yes,12,8,16,F
MS,F,16,U,GT3,T,2,4,4,0,no,22,18,13,B
MS,F,17,R,GT3,T,4,0,3,0,yes,64,16,1,F
GP,M,20,U,LE3,A,3,4,3,0,yes,67,9,6,F
GP,M,16,R,GT3,T,4,4,1,0,yes,29,13,17,C
GP,M,20,U,GT3,T,0,3,4,0,yes,30,11,0,F
MS,F,15,R,GT3,T,0,0,3,0,yes,46,19,14,B
MS,M,20,U,GT3,T,0,0,3,0,yes,15,6,0,F
MS,F,16,U,LE3,T,2,3,1,3,yes,42,8,16,F
MS,M,17,U,GT3,T,3,2,2,2,yes,2,17,6,F
GP,M,15,U,GT3,A,0,0,2,2,yes,11,6,15,F
MS,F,17,U,GT3,T,4,1,4,1,yes,10,3,1,F
GP,M,20,R,GT3,T,3,1,2,0,no,15,7,14,F
MS,F,17,U,GT3,T,4,0,1,0,yes,28,17,19,B
MS,M,20,R,LE3,A,4,4,3,1,yes,20,14,10,C
MS,M,18,U,LE3,T,0,3,2,0,yes,57,6,1,F
MS,F,20,U,GT3,T,3,4,4,0,yes,42,7,10,C
MS,M,19,U,GT3,T,1,1,4,0,yes,4,0,15,F
GP,M,17,R,LE3,T,2,1,3,0,yes,51,10,1,F
MS,M,16,U,GT3,T,1,3,4,0,yes,12,9,18,B
GP,M,18,U,GT3,T,2,1,1,0,yes,11,4,15,F
GP,M,21,U,LE3,T,3,2,2,2,no,0,1,7,F
MS,M,15,U,LE3,T,0,1,4,0,yes,7,1,19,C
MS,M,20,R,GT3,T,3,4,2,0,yes,15,18,4,F
MS,M,19,U,LE3,T,1,4,3,0,yes,14,15,7,C
MS,M,18,R,LE3,T,4,2,2,2,yes,18,10,13,F
MS,F,17,U,LE3,T,2,4,1,0,yes,24,13,13,B
MS,M,21,R,LE3,T,2,4,3,0,yes,30,4,17,F
GP,M,21,U,GT3,T,1,4,4,0,yes,1,3,4,F
GP,M,18,U,GT3,T,0,0,3,0,yes,58,18,9,C
MS,F,16,U,GT3,T,3,2,2,0,no,30,9,14,B
MS,F,16,U,GT3,T,1,2,2,0,no,67,8,12,C
GP,F,16,U,GT3,T,3,1,2,0,no,67,17,8,C
GP,F,19,U,GT3,T,0,2,2,0,yes,11,4,8,F
GP,F,21,U,GT3,T,4,3,3,0,yes,16,16,18,B
MS,F,18,U,GT3,T,3,2,3,0,yes,28,17,8,C
GP,M,18,U,GT3,T,0,3,2,0,yes,35,0,4,F
MS,F,21,U,GT3,T,1,4,4,1,yes,62,13,5,F
MS,M,17,U,GT3,T,4,3,3,3,yes,14,13,9,F
GP,M,15,R,LE3,T,4,0,1,0,yes,29,13,9,C
GP,M,16,U,GT3,T,4,4,3,0,yes,50,0,5,F
GP,F,15,U,LE3,T,2,3,1,3,yes,10,3,0,F
MS,M,21,U,LE3,T,0,4,4,1,yes,56,6,19,C
MS,M,21,U,GT3,T,3,0,1,2,no,12,11,12,F
GP,F,15,U,GT3,T,1,4,1,0,no,54,12,7,C
MS,F,16,U,GT3,T,4,4,4,0,yes,62,14,12,B
GP,M,16,U,GT3,T,4,2,2,2,no,1,19,5,F
MS,F,17,U,GT3,T,4,1,3,0,yes,71,1,18,C
GP,F,19,R,LE3,A,0,3,4,1,yes,55,13,11,C
MS,M,16,U,GT3,T,1,1,1,1,no,6,11,14,F
GP,M,15,R,GT3,T,0,0,2,1,yes,42,12,7,F
MS,M,21,R,GT3,T,1,0,3,3,no,30,13,10,F
MS,M,17,U,GT3,T,3,4,4,0,yes,60,2,8,F
MS,M,18,U,GT3,T,2,1,3,0,yes,21,12,18,B
GP,M,21,U,GT3,A,1,3,2,0,yes,61,7,10,F
MS,M,17,U,GT3,T,0,3,3,2,yes,27,15,5,F
MS,M,16,U,GT3,T,0,4,2,0,yes,24,5,14,C
GP,F,21,U,LE3,T,0,3,4,0,yes,64,10,16,B
GP,F,20,U,GT3,T,2,2,2,2,yes,31,14,11,F
MS,F,16,U,GT3,T,1,1,4,0,yes,47,18,1,B
MS,F,19,R,GT3,T,1,0,2,1,yes,23,1,3,F
GP,F,17,R,GT3,T,1,3,3,0,yes,41,10,2,F
MS,M,16,U,LE3,T,1,3,2,0,yes,69,19,1,C
MS,F,15,U,GT3,T,4,3,2,0,yes,35,19,18,B
GP,F,15,U,GT3,T,4,4,3,0,yes,30,8,4,F
GP,M,17,R,GT3,A,0,0,1,0,yes,26,3,16,F
GP,F,21,R,LE3,A,4,1,2,0,yes,65,16,15,B
MS,M,19,U,LE3,T,1,3,4,0,no,44,7,15,C
MS,F,20,U,GT3,T,1,2,2,0,yes,43,15,11,B
GP,F,17,U,GT3,T,4,4,1,0,yes,56,0,3,F
GP,M,19,U,GT3,T,3,1,4,1,yes,20,9,16,C
MS,F,15,U,GT3,A,0,3,3,3,yes,54,6,18,F
GP,F,16,U,GT3,T,2,1,3,0,yes,14,14,1,C
MS,F,18,R,LE3,T,0,4,3,0,yes,33,0,4,F
GP,M,16,U,GT3,T,0,2,4,1,yes,2,15,0,F
GP,M,15,R,LE3,T,0,3,2,1,yes,0,1,13,F
MS,M,20,U,GT3,T,4,2,4,3,yes,23,2,8,F
MS,M,21,U,GT3,T,0,4,4,0,yes,42,14,16,B
GP,M,15,U,GT3,T,1,2,1,0,yes,26,17,11,B
MS,F,16,R,GT3,T,0,4,4,3,yes,8,14,19,F
MS,F,16,U,GT3,T,1,2,3,0,yes,16,3,11,F
GP,M,20,U,GT3,T,4,1,4,0,no,38,2,14,B
MS,M,20,U,LE3,T,4,1,1,0,yes,54,6,15,C
MS,F,15,U,GT3,T,0,4,4,0,no,67,19,17,A
MS,M,16,U,LE3,T,1,1,4,1,yes,44,18,13,B
MS,F,21,R,GT3,T,1,2,3,0,yes,27,7,11,C
GP,M,18,U,LE3,T,1,2,4,0,no,55,6,10,C
GP,M,18,U,LE3,T,1,3,2,1,yes,28,3,14,F
GP,F,17,U,GT3,T,2,4,3,0,yes,28,9,7,F
GP,F,18,R,LE3,T,4,1,1,0,yes,68,9,16,F
GP,M,15,U,LE3,T,1,4,1,0,yes,10,14,7,F
MS,M,15,R,GT3,A,2,1,1,1,yes,1,17,3,F
MS,F,17,R,GT3,T,2,3,4,0,no,67,9,9,F
MS,F,21,U,LE3,T,4,2,2,1,yes,9,8,5,F
GP,M,19,U,GT3,A,3,2,3,0,yes,71,8,5,F
GP,F,21,U,GT3,T,0,0,2,0,yes,26,15,16,B
GP,M,17,U,GT3,T,4,4,2,1,yes,34,16,7,C
MS,M,19,U,GT3,T,3,1,1,0,no,49,15,12,C
MS,M,19,R,LE3,T,0,0,1,0,yes,73,5,14,F
MS,M,16,U,GT3,T,0,4,2,2,yes,1,4,3,F
GP,M,20,R,LE3,T,0,1,2,0,yes,16,6,14,C
GP,M,18,U,LE3,T,2,3,3,1,yes,23,12,13,C
MS,M,21,R,GT3,T,1,4,1,1,no,56,7,10,F
MS,F,19,R,GT3,T,0,1,1,0,yes,70,0,19,C
MS,F,16,R,GT3,T,1,2,4,0,yes,15,9,16,B
GP,M,17,U,GT3,T,0,4,1,2,yes,35,19,9,F
GP,F,17,R,GT3,T,2,1,3,0,yes,44,19,5,C
MS,M,21,U,LE3,T,0,2,4,0,yes,9,0,5,C
MS,M,21,U,LE3,T,4,2,3,0,yes,62,19,0,C
GP,F,19,U,GT3,T,3,0,1,1,yes,42,13,4,F
MS,F,21,U,LE3,T,0,1,1,2,yes,50,14,3,F
MS,M,16,U,GT3,A,3,0,2,1,no,2,5,10,F
GP,F,15,U,GT3,T,3,0,2,1,yes,65,19,16,A
MS,M,21,R,GT3,T,2,3,3,0,yes,34,1,6,F
MS,F,20,U,GT3,T,3,0,4,1,yes,68,6,19,C
MS,M,20,R,GT3,T,2,0,1,0,yes,35,19,2,C
GP,M,18,U,GT3,T,0,3,2,1,yes,48,18,1,C
MS,M,19,U,LE3,T,1,3,2,0,yes,0,4,7,F
MS,F,15,U,LE3,T,2,4,1,0,yes,41,7,4,F
GP,M,18,U,GT3,T,3,0,1,1,no,40,2,4,F
MS,M,15,U,LE3,T,3,2,4,1,yes,72,12,9,C
MS,F,20,U,GT3,T,0,3,2,2,yes,56,5,11,F
GP,F,16,U,LE3,T,2,1,4,0,yes,19,13,16,B
MS,M,21,U,LE3,T,0,4,4,0,no,13,6,13,C
MS,F,19,U,LE3,T,2,4,1,3,yes,51,10,4,F
MS,M,15,U,GT3,T,1,0,4,0,yes,53,8,4,F
GP,M,15,U,LE3,T,4,2,1,0,yes,48,9,5,F
MS,M,15,U,LE3,T,0,3,3,3,yes,29,19,14,C
GP,F,20,R,LE3,T,3,1,4,2,no,2,16,4,F
GP,F,19,U,LE3,A,0,0,2,0,yes,11,7,7,F
GP,F,16,R,GT3,T,2,2,2,0,yes,30,5,0,F
GP,M,16,R,GT3,T,0,0,3,0,yes,36,10,2,F
GP,M,15,U,LE3,T,1,0,3,0,yes,26,2,18,F
GP,M,16,U,LE3,T,2,4,4,0,yes,23,5,14,C
GP,F,18,U,GT3,T,3,1,2,1,yes,40,16,3,F
MS,F,16,U,GT3,T,3,1,2,0,yes,63,6,1,F
MS,M,15,U,GT3,T,2,1,1,0,no,10,5,16,C
GP,F,18,R,LE3,T,1,1,1,0,yes,72,12,11,F
MS,F,19,U,GT3,T,0,3,2,0,yes,15,13,19,B
MS,F,17,R,GT3,T,4,3,1,0,no,13,18,7,C
MS,F,20,R,GT3,T,3,1,1,1,yes,46,7,4,F
GP,M,16,R,LE3,T,1,2,1,0,yes,29,12,9,F
MS,M,21,U,GT3,T,1,3,3,1,yes,23,19,18,B
GP,M,18,U,LE3,T,1,3,2,0,yes,12,8,8,F
GP,F,17,R,LE3,T,0,2,2,0,yes,8,4,15,C
MS,F,19,R,GT3,A,1,1,2,0,no,48,10,0,F
GP,F,17,U,LE3,T,1,0,1,0,yes,25,6,14,F
GP,M,19,U,GT3,T,2,3,4,0,yes,48,5,1,F
GP,F,15,U,GT3,T,2,0,4,1,no,41,11,13,F
MS,M,15,U,GT3,A,1,0,1,0,yes,44,11,15,B
MS,M,20,U,GT3,T,1,2,3,0,yes,20,5,9,C
MS,M,20,R,LE3,T,2,1,3,0,no,28,3,11,F
GP,F,19,U,LE3,T,0,0,2,1,yes,23,12,12,C
MS,M,17,R,GT3,T,2,1,4,0,yes,41,11,19,B
MS,M,20,U,GT3,T,2,4,3,0,yes,70,14,8,C
MS,F,16,U,GT3,T,2,1,4,1,yes,40,7,1,C
GP,M,17,R,GT3,T,2,2,4,0,yes,47,12,18,B
GP,F,20,U,GT3,T,4,2,3,0,yes,42,10,14,B
MS,M,17,U,LE3,T,3,4,1,1,no,7,10,14,F
GP,F,21,U,GT3,T,0,2,2,0,yes,62,10,0,C
MS,M,16,R,GT3,T,0,1,2,0,yes,62,18,17,A
MS,M,17,U,GT3,T,1,1,3,1,yes,5,16,6,C
GP,M,17,U,GT3,T,4,1,1,0,yes,73,0,9,F
GP,F,18,U,LE3,A,1,2,3,0,yes,51,12,8,F
GP,F,19,U,GT3,T,0,1,3,2,yes,20,19,18,C
GP,F,15,U,GT3,T,0,3,4,0,yes,13,8,10,C
GP,M,20,R,LE3,A,1,4,4,0,no,57,10,3,C
GP,F,21,U,GT3,T,3,3,2,1,yes,24,8,0,F
MS,F,20,U,LE3,T,1,1,4,0,yes,55,16,11,A
MS,F,20,R,GT3,T,3,2,4,0,yes,8,6,0,F
GP,F,19,U,GT3,T,3,4,1,0,no,35,7,16,C
GP,M,17,U,GT3,T,2,3,3,1,no,56,1,19,F
MS,M,16,U,GT3,A,0,1,3,0,yes,4,13,8,C
MS,M,16,U,LE3,T,2,2,1,1,yes,6,9,7,F
GP,M,15,U,LE3,T,0,1,4,0,yes,5,8,3,F
GP,M,15,U,GT3,T,2,3,4,0,yes,51,0,7,F
MS,M,15,U,GT3,T,3,3,3,0,yes,73,11,9,C
MS,F,16,U,GT3,T,2,4,2,0,no,69,13,17,B
MS,M,17,R,GT3,A,4,2,3,1,yes,54,18,14,B
MS,F,15,U,GT3,A,2,0,2,0,yes,13,10,18,C
MS,M,15,R,GT3,A,2,1,4,0,yes,0,8,19,C
GP,F,21,U,GT3,T,2,2,2,0,yes,72,16,10,B
MS,M,16,R,GT3,T,4,0,2,1,yes,36,19,3,F
GP,M,20,R,GT3,T,0,2,2,0,yes,48,5,8,F
MS,M,17,R,GT3,T,2,1,2,1,yes,11,5,7,F
GP,M,15,U,GT3,T,0,1,2,1,no,4,19,15,B
MS,F,17,U,GT3,T,1,4,3,0,yes,69,9,12,B
GP,F,18,U,GT3,A,3,3,1,0,yes,10,9,4,F
MS,M,20,R,GT3,T,1,3,4,1,yes,52,16,12,C
GP,M,20,R,LE3,T,4,3,3,0,yes,54,13,18,B
MS,F,15,U,GT3,T,4,4,1,1,no,73,4,1,F
GP,M,15,R,GT3,T,0,3,3,0,no,49,2,11,F
GP,M,21,R,GT3,T,0,2,1,0,yes,52,10,8,C
GP,F,16,U,GT3,T,2,3,3,0,no,54,18,0,C
GP,F,20,U,GT3,T,1,3,4,0,yes,2,19,13,B
MS,F,21,R,GT3,A,0,1,4,0,yes,15,18,6,B
MS,F,18,U,GT3,T,0,4,2,0,yes,44,13,16,B
GP,M,18,R,LE3,T,0,4,1,0,no,35,14,13,B
MS,M,18,R,GT3,T,3,3,3,0,yes,18,2,16,B
GP,M,19,U,LE3,T,0,0,2,0,yes,3,2,1,F
MS,M,16,U,LE3,T,3,1,3,0,yes,58,8,8,F
MS,F,16,U,LE3,T,4,3,4,0,yes,11,10,14,C
GP,M,15,R,LE3,T,2,0,4,0,no,62,14,15,B
MS,M,16,U,LE3,T,1,2,1,1,yes,55,16,8,C
GP,F,15,U,GT3,T,0,1,3,0,yes,26,11,3,F
MS,M,21,R,LE3,T,3,4,3,3,yes,67,16,14,F
MS,F,15,U,GT3,T,0,0,2,0,yes,23,8,9,F
MS,F,19,U,LE3,T,0,3,4,0,yes,25,12,6,F
GP,F,21,U,LE3,T,3,0,2,0,yes,21,7,5,F
MS,F,16,U,GT3,T,0,4,2,0,yes,69,5,14,C
GP,F,16,U,GT3,T,1,2,1,3,yes,18,6,1,F
GP,M,19,U,LE3,T,4,0,2,0,yes,33,0,14,F
MS,M,19,R,GT3,T,2,3,1,0,yes,10,9,17,C
GP,M,21,U,LE3,T,0,0,4,0,yes,44,14,13,B
MS,F,21,U,GT3,T,3,2,2,2,yes,36,13,17,C
GP,F,16,U,LE3,T,1,0,2,1,yes,22,3,2,F
MS,M,16,U,GT3,T,0,2,2,0,yes,39,3,19,C
GP,F,21,U,GT3,T,4,2,2,2,yes,42,8,13,F
GP,F,15,U,GT3,A,4,1,4,2,yes,3,14,5,F
GP,F,17,R,GT3,T,3,1,1,0,yes,14,11,13,F
GP,M,20,U,LE3,T,0,3,4,0,yes,22,8,1,F
MS,F,15,U,GT3,T,0,3,1,0,yes,11,2,15,C
MS,F,18,U,GT3,T,0,3,1,0,yes,67,14,15,C
GP,F,18,U,LE3,A,4,2,2,0,no,67,10,16,F
GP,M,17,U,LE3,T,0,2,2,1,yes,51,5,15,C
GP,F,20,U,GT3,T,0,1,2,0,no,40,14,15,C
GP,M,19,U,LE3,A,0,2,1,1,yes,58,6,7,F
MS,F,18,U,GT3,A,0,1,3,0,yes,57,18,5,B
MS,F,19,U,GT3,T,3,0,3,1,yes,58,13,17,B
MS,M,19,U,GT3,T,4,3,3,0,yes,71,3,13,C
GP,M,15,U,LE3,T,2,3,4,3,no,22,0,15,F
MS,M,19,U,GT3,T,3,4,1,0,yes,0,12,7,F
MS,F,17,R,LE3,T,0,1,3,0,yes,55,10,17,C
GP,M,15,R,LE3,A,2,4,1,0,no,74,17,13,B
MS,M,17,R,GT3,T,1,3,1,2,yes,3,8,16,F
GP,M,19,U,GT3,T,2,4,4,0,yes,28,10,7,F
GP,F,18,U,LE3,T,3,0,2,1,yes,16,5,15,F
GP,M,20,U,LE3,T,4,4,2,0,yes,48,15,9,C
GP,F,19,R,GT3,T,3,0,4,1,yes,50,4,9,F
GP,F,17,U,GT3,T,4,3,4,2,yes,48,0,17,F
GP,F,16,U,GT3,T,4,2,1,0,yes,23,13,17,C
GP,M,16,U,GT3,T,4,1,3,0,yes,43,18,8,B
MS,M,18,U,GT3,T,1,4,1,0,yes,40,5,0,F
MS,M,21,U,GT3,T,2,0,1,0,yes,56,11,15,C
GP,M,20,U,GT3,T,3,3,3,0,yes,55,6,9,F
MS,F,17,U,GT3,T,3,3,2,0,yes,31,9,14,B
MS,M,18,R,LE3,T,4,2,1,0,yes,30,9,4,F
MS,M,15,R,GT3,T,1,3,2,0,yes,15,12,16,C
GP,F,19,U,GT3,T,1,3,2,0,yes,31,6,8,F
MS,M,21,U,LE3,T,0,2,2,0,yes,41,18,5,C
GP,F,15,U,GT3,A,1,3,1,0,yes,33,0,1,F
GP,F,16,U,GT3,T,4,0,3,1,yes,36,14,12,F
GP,M,19,U,GT3,T,4,4,3,0,yes,15,13,17,C
GP,F,15,U,GT3,T,2,4,2,0,yes,12,12,19,B
GP,F,16,U,GT3,T,4,0,2,0,yes,65,6,3,F
GP,F,20,U,GT3,T,2,4,3,0,yes,32,11,9,C
GP,M,15,U,LE3,T,1,3,4,0,yes,34,7,10,C
MS,M,19,U,LE3,T,0,4,4,0,yes,36,14,12,C
MS,M,15,U,LE3,T,3,4,2,0,yes,39,16,16,B
GP,F,21,U,GT3,T,4,3,3,0,yes,7,11,10,B
MS,M,21,U,LE3,T,1,4,4,0,yes,53,12,3,C
MS,M,19,U,LE3,T,4,3,3,0,yes,6,7,13,C
GP,F,15,U,GT3,T,2,2,1,1,yes,1,9,2,F
MS,M,18,U,GT3,T,1,2,2,0,yes,55,6,11,F
GP,M,20,U,GT3,T,3,4,4,0,yes,56,1,3,F
MS,F,15,U,GT3,A,2,2,2,0,yes,48,15,15,B
GP,M,15,U,GT3,T,1,4,1,1,yes,68,3,6,F
GP,F,21,U,GT3,T,3,2,3,0,yes,7,5,19,B
MS,M,21,U,GT3,T,2,4,2,0,yes,62,6,18,C
GP,M,18,U,GT3,T,3,1,4,0,yes,70,18,17,B
MS,M,21,U,GT3,T,1,0,1,3,yes,45,3,8,F
GP,F,16,R,LE3,T,2,2,4,0,yes,66,9,10,C
GP,M,19,U,GT3,T,0,3,3,0,yes,45,3,18,C
MS,M,17,R,GT3,T,4,0,4,0,yes,66,19,16,B
MS,F,16,U,GT3,T,0,4,4,0,yes,41,4,17,F
MS,M,19,U,GT3,T,3,0,4,0,no,63,13,5,B
GP,F,15,U,GT3,A,1,3,1,0,yes,72,10,2,F
MS,M,16,R,GT3,T,4,3,4,1,yes,52,1,13,C
GP,M,15,U,LE3,T,1,4,4,0,yes,70,8,8,F
MS,M,16,U,GT3,T,3,2,1,2,yes,6,11,2,F
MS,M,16,U,LE3,T,1,2,1,0,yes,6,0,1,F
MS,M,17,R,GT3,T,2,1,1,0,no,35,14,18,B
MS,M,18,U,GT3,T,2,3,3,0,yes,12,5,5,F
MS,F,16,R,GT3,A,3,1,1,0,yes,66,16,2,F
GP,M,21,U,GT3,T,1,3,3,2,no,19,14,8,F
GP,F,15,U,LE3,T,3,1,1,0,no,72,13,17,C
MS,M,17,U,GT3,T,4,2,1,2,no,52,18,6,F
MS,F,16,U,LE3,T,1,3,2,0,yes,51,8,1,F
MS,F,21,R,GT3,T,2,2,2,0,yes,60,2,0,F
GP,F,18,U,GT3,T,0,0,2,0,no,60,14,4,F
GP,M,15,R,GT3,A,2,2,2,1,no,55,16,2,F
MS,M,17,U,LE3,T,1,3,1,0,yes,39,1,6,F
GP,F,19,U,GT3,T,1,0,1,3,yes,62,3,5,F
GP,F,20,U,GT3,T,1,1,3,1,yes,56,13,0,F
MS,F,18,U,GT3,T,1,4,1,0,yes,3,10,18,F
GP,F,21,U,GT3,T,4,3,3,2,yes,25,11,19,B
GP,F,19,U,GT3,T,0,4,4,0,yes,61,15,13,C
GP,F,19,U,GT3,T,2,4,4,3,yes,53,11,9,F
GP,M,17,R,GT3,T,4,0,1,1,yes,61,1,1,F
MS,M,17,R,GT3,T,3,1,4,0,yes,17,6,10,F
GP,F,17,U,GT3,T,1,2,1,0,yes,9,2,15,C
GP,M,21,U,GT3,T,2,0,3,1,no,35,2,16,F
GP,F,21,U,LE3,T,3,1,2,0,yes,1,12,4,F
MS,F,19,U,LE3,T,0,2,4,0,yes,59,6,17,C
MS,M,20,R,LE3,T,2,2,1,0,yes,46,4,15,F
MS,F,15,U,LE3,A,4,1,2,0,yes,72,4,9,F
MS,M,17,U,GT3,T,3,2,3,2,no,31,19,5,C
MS,F,18,U,GT3,T,2,3,1,0,yes,68,5,7,F
MS,F,17,U,LE3,T,4,3,4,3,yes,50,12,5,F
MS,M,20,U,GT3,T,1,0,3,0,yes,66,6,3,F
GP,M,17,R,GT3,T,2,2,1,0,yes,66,1,4,F
GP,M,20,U,GT3,T,1,2,4,0,no,67,8,5,F
GP,F,17,R,GT3,T,3,1,3,2,yes,55,18,14,C
GP,M,19,U,LE3,T,3,3,3,0,yes,13,1,5,F
MS,F,20,U,LE3,T,3,4,2,0,yes,15,12,18,B
GP,F,15,U,LE3,T,1,0,2,1,no,74,7,19,F
GP,M,17,U,LE3,T,1,3,2,1,yes,65,15,7,F
MS,F,19,U,GT3,T,4,1,1,1,yes,32,0,12,F
GP,M,18,U,GT3,T,2,0,3,2,yes,12,10,3,F
MS,M,15,U,GT3,T,4,4,2,2,no,29,7,16,F
MS,F,19,U,GT3,T,1,0,4,1,yes,25,19,13,A
GP,F,20,U,GT3,T,2,3,1,0,yes,12,0,17,F
GP,M,16,U,GT3,T,3,4,2,0,yes,67,6,14,C
MS,M,18,U,GT3,T,4,1,1,0,yes,32,8,18,C
GP,F,18,U,GT3,T,4,0,3,1,yes,14,1,10,F
MS,M,16,U,LE3,T,4,3,4,0,yes,16,18,6,B
GP,F,19,U,LE3,T,1,1,3,1,yes,5,5,0,F
GP,F,19,U,GT3,T,2,4,4,0,yes,4,4,2,F
GP,M,21,U,GT3,T,3,0,3,3,yes,32,12,18,C
MS,F,20,U,GT3,T,1,2,1,0,yes,53,9,0,F
MS,M,18,R,GT3,T,3,3,3,1,yes,15,0,3,F
GP,M,21,U,GT3,T,0,3,4,0,yes,45,17,10,A
GP,F,19,U,LE3,T,0,2,1,2,yes,23,13,6,F
MS,F,16,U,GT3,T,3,1,1,0,yes,4,11,6,F
MS,F,21,R,GT3,A,0,3,4,0,yes,66,5,13,F
MS,M,19,R,GT3,T,2,1,4,0,yes,49,13,14,C
MS,M,18,U,GT3,A,2,4,1,0,yes,40,16,4,C
GP,M,19,R,GT3,T,1,2,4,0,no,54,6,13,C
MS,M,15,U,GT3,T,3,1,3,3,yes,19,2,12,F
MS,M,16,U,GT3,T,1,4,3,0,no,49,16,19,C
MS,M,16,U,GT3,T,2,0,3,0,yes,34,9,17,B
MS,F,17,U,GT3,T,2,3,1,0,yes,49,2,0,F
GP,F,19,U,LE3,T,2,2,3,0,yes,32,15,12,C
GP,F,20,U,GT3,T,4,0,1,3,yes,66,5,19,F
GP,M,16,U,LE3,T,0,0,4,0,yes,70,3,6,F
MS,F,19,U,GT3,T,1,0,3,2,yes,9,19,5,F
MS,M,15,U,LE3,T,1,1,1,1,yes,40,8,8,F
GP,F,21,U,GT3,T,2,3,2,1,yes,39,6,9,F
GP,F,18,U,GT3,T,4,2,3,0,yes,5,15,2,F
MS,F,18,U,GT3,T,1,3,3,2,yes,32,5,6,F
MS,F,17,U,GT3,T,1,3,1,0,yes,15,11,10,F
GP,M,17,U,GT3,A,4,3,1,0,yes,23,2,11,F
MS,M,20,U,LE3,T,2,4,4,0,yes,59,11,11,C
GP,F,16,U,GT3,A,4,4,1,0,yes,73,19,12,C
MS,F,20,R,GT3,T,0,4,4,3,yes,10,13,7,F
GP,M,16,U,GT3,A,1,4,2,0,yes,43,13,3,C
MS,M,16,U,GT3,T,0,3,4,1,no,2,8,19,C
MS,F,15,U,LE3,T,1,3,3,0,yes,37,3,0,F
MS,F,17,R,GT3,T,0,2,1,3,yes,39,19,5,F
GP,F,17,U,GT3,T,1,2,2,0,yes,18,14,1,F
MS,F,18,U,LE3,T,2,2,2,2,yes,39,6,13,F
MS,F,17,U,GT3,T,3,2,1,2,yes,52,19,17,B
MS,F,17,U,GT3,T,4,2,3,0,yes,35,18,9,A
GP,M,15,U,LE3,T,1,4,1,0,yes,66,5,0,F
MS,M,20,U,GT3,A,4,3,1,1,yes,19,18,2,C
GP,M,16,U,GT3,T,1,2,1,0,yes,27,6,19,C
MS,M,20,U,GT3,T,3,1,4,0,yes,56,0,3,F
GP,F,21,U,GT3,T,2,2,2,1,yes,2,6,17,F
GP,M,21,U,GT3,T,2,2,2,0,yes,36,2,7,F
MS,M,15,U,GT3,T,4,3,3,0,yes,17,5,8,F
GP,M,19,R,GT3,T,3,4,2,0,yes,45,5,18,C
MS,F,18,U,GT3,T,4,0,1,0,yes,4,10,1,F
MS,F,18,U,LE3,T,2,3,2,0,yes,72,1,8,F
MS,F,18,U,GT3,T,0,4,3,1,yes,56,5,2,F
MS,M,20,U,GT3,T,4,1,4,1,yes,25,17,1,F
GP,M,16,U,LE3,T,1,0,4,0,no,32,13,6,C
GP,F,16,R,GT3,T,2,4,1,0,yes,35,11,16,C
GP,F,16,U,GT3,T,1,4,1,0,yes,21,8,16,C
GP,M,18,R,GT3,T,3,3,2,3,yes,16,12,8,F
GP,F,18,U,GT3,T,2,4,2,0,yes,43,19,0,C
MS,F,20,U,GT3,T,2,2,3,3,yes,51,0,0,F
MS,M,20,R,GT3,T,4,4,1,0,yes,21,7,7,C
GP,M,21,U,LE3,T,4,0,3,0,yes,68,8,16,B
GP,M,18,U,GT3,T,1,4,4,0,no,0,16,7,A
MS,F,19,U,GT3,T,4,1,2,0,yes,29,12,18,C
GP,M,19,U,GT3,T,0,2,1,0,yes,38,3,3,F
GP,M,21,R,GT3,T,2,0,2,1,yes,34,5,17,F
GP,F,20,U,LE3,A,3,0,1,3,yes,68,12,12,F
GP,F,18,U,LE3,T,2,3,4,3,yes,69,16,6,F
MS,F,16,R,GT3,T,1,3,3,0,no,10,18,2,C
MS,M,16,R,GT3,T,4,2,1,0,yes,50,7,13,F
GP,M,19,U,GT3,A,2,0,2,0,yes,62,16,8,C
MS,F,19,U,GT3,T,4,1,1,0,yes,33,16,2,F
GP,M,18,U,LE3,T,1,4,3,0,yes,54,14,6,F
MS,M,18,U,LE3,T,4,4,4,0,yes,72,0,14,F
GP,M,16,U,LE3,T,3,4,2,2,yes,19,1,3,F
MS,M,20,U,GT3,T,1,3,4,0,yes,57,19,4,F
MS,F,17,U,LE3,T,2,0,4,2,yes,16,9,8,F
MS,M,20,U,GT3,T,2,0,3,3,yes,33,15,2,F
GP,M,21,U,GT3,T,3,1,1,0,yes,74,3,15,C
MS,M,16,U,GT3,T,0,3,1,1,yes,61,7,15,F
MS,F,20,U,GT3,T,4,1,1,0,yes,33,15,18,B
GP,M,16,U,GT3,A,2,0,1,0,yes,71,6,8,F
GP,M,18,U,GT3,T,3,4,2,0,yes,18,4,19,C
GP,M,17,U,GT3,T,4,3,4,0,yes,65,7,0,F
GP,F,17,U,GT3,T,1,3,1,0,no,71,2,16,F
GP,M,21,U,GT3,T,3,3,4,0,yes,41,2,11,F
MS,F,18,U,GT3,T,1,4,2,1,yes,50,17,8,F
GP,M,15,U,GT3,T,1,3,2,2,yes,70,3,4,F
GP,F,18,U,GT3,A,1,2,2,0,yes,48,3,14,C
MS,F,19,U,GT3,T,4,3,4,0,yes,28,14,12,C
