tenure_months,monthly_spend,num_products,num_complaints,last_login_days,payment_method,device,preferred_cat,satisfaction,promo_used,churned
52,570.4,7,1,25,debit,desktop,electronics,1,8,No
15,575.83,3,0,34,ewallet,mobile,sports,3,9,No
61,993.92,3,4,67,ewallet,desktop,electronics,4,5,Yes
21,197.87,1,0,152,cod,mobile,electronics,5,16,No
24,302.83,4,0,118,cod,mobile,sports,2,5,Yes
3,218.79,5,1,73,debit,mobile,food,1,3,Yes
22,0.93,2,1,26,credit,desktop,fashion,5,19,No
53,1029.41,2,0,148,debit,mobile,food,2,2,Yes
2,127.55,3,1,104,ewallet,mobile,home,4,18,No
30,255.11,4,0,10,cod,tablet,home,4,17,No
38,894.73,7,1,67,debit,desktop,home,5,3,No
2,25.93,7,1,152,debit,tablet,sports,2,7,Yes
64,726.91,6,2,5,cod,mobile,electronics,4,16,No
60,76.09,1,1,27,cod,mobile,food,5,4,No
21,874.01,4,0,113,cod,desktop,fashion,4,12,No
33,150.96,4,0,15,ewallet,mobile,home,4,0,No
58,26.04,1,3,163,cod,desktop,food,4,12,Yes
22,336.52,7,0,105,credit,mobile,home,3,3,No
49,791.55,7,2,44,debit,mobile,home,2,13,Yes
59,490.71,7,0,26,cod,mobile,fashion,5,2,No
42,399.29,3,1,175,cod,mobile,sports,5,4,Yes
60,903.81,4,1,162,ewallet,mobile,electronics,2,6,Yes
15,1146.57,2,2,95,ewallet,mobile,sports,2,0,Yes
62,701.68,1,0,178,debit,tablet,food,2,11,Yes
62,313.14,7,1,84,credit,mobile,sports,2,10,Yes
47,374.56,6,0,140,debit,desktop,food,1,7,Yes
62,113.47,7,0,132,cod,desktop,food,5,5,No
51,530.25,7,1,87,credit,mobile,electronics,1,1,Yes
55,11.12,5,1,176,credit,mobile,fashion,4,18,Yes
64,665.56,3,2,112,credit,desktop,electronics,4,19,Yes
3,1101.67,1,0,129,credit,desktop,sports,5,19,No
51,715.28,5,0,89,debit,desktop,food,4,13,No
7,359.26,5,0,66,ewallet,desktop,home,2,0,Yes
21,658.08,6,0,158,ewallet,tablet,home,1,9,Yes
39,986.16,4,0,131,cod,mobile,food,2,15,Yes
18,971.15,6,1,122,ewallet,mobile,electronics,4,3,Yes
4,198.87,4,0,149,ewallet,desktop,fashion,1,10,Yes
60,653.09,4,2,84,ewallet,mobile,electronics,2,15,Yes
14,452.57,1,3,177,ewallet,desktop,food,5,19,Yes
9,741.98,7,1,116,cod,mobile,food,2,0,Yes
53,615.08,1,2,116,debit,mobile,fashion,4,15,Yes
2,210.92,3,1,38,credit,desktop,sports,1,18,Yes
60,395.6,4,0,143,ewallet,mobile,sports,5,8,No
71,559.57,5,0,110,debit,mobile,fashion,1,8,Yes
44,69.69,7,0,46,ewallet,mobile,sports,5,8,No
8,674.31,2,0,25,ewallet,desktop,home,1,16,No
47,42.8,3,2,21,credit,mobile,sports,4,11,No
35,260.47,1,0,121,credit,desktop,sports,5,12,No
36,902.39,6,2,122,credit,mobile,sports,3,7,Yes
50,234.87,3,1,133,ewallet,desktop,home,1,15,Yes
4,672.19,3,0,70,ewallet,desktop,sports,1,17,Yes
2,26.07,7,4,113,ewallet,mobile,home,2,0,Yes
6,1124.39,3,0,107,credit,mobile,fashion,5,0,No
54,408.63,3,0,112,cod,mobile,electronics,3,11,No
4,528.6,2,1,108,debit,desktop,fashion,4,5,No
54,553.71,6,0,47,cod,mobile,electronics,2,8,No
63,682.27,6,1,91,ewallet,desktop,fashion,3,4,No
18,44.25,6,0,18,ewallet,mobile,electronics,5,15,No
44,498.4,4,0,149,cod,mobile,electronics,3,17,No
34,302.37,5,3,104,ewallet,mobile,food,1,16,Yes
62,6.87,6,0,151,debit,mobile,electronics,1,17,Yes
14,796.14,3,0,40,ewallet,mobile,electronics,2,0,No
48,394.35,3,0,138,debit,desktop,food,5,18,No
15,572.76,6,2,89,cod,desktop,sports,5,7,No
62,553.95,7,0,61,cod,mobile,sports,3,2,No
40,399.54,6,0,5,ewallet,tablet,food,2,4,No
53,1092.51,3,0,122,debit,desktop,home,5,7,No
24,485.82,4,0,55,ewallet,tablet,electronics,1,18,No
26,32.61,1,1,37,credit,mobile,electronics,3,17,No
60,379.89,1,1,56,credit,mobile,food,4,17,No
41,649.92,6,0,102,credit,mobile,food,1,0,Yes
29,659.78,2,1,93,credit,desktop,home,2,14,Yes
15,173.67,6,0,73,ewallet,mobile,sports,5,17,No
45,778.84,7,3,59,credit,mobile,fashion,1,6,Yes
65,28.86,6,3,2,debit,mobile,sports,4,15,No
71,843.24,1,0,104,cod,mobile,electronics,4,15,No
9,104.2,3,2,51,cod,desktop,food,2,14,Yes
1,432.13,6,1,30,credit,mobile,home,1,5,No
8,819.37,3,0,11,credit,mobile,sports,3,8,No
63,535.88,3,0,108,credit,desktop,home,1,6,Yes
11,745.01,2,0,76,ewallet,tablet,sports,4,13,No
8,685.6,3,1,167,cod,desktop,electronics,2,10,Yes
35,885.88,1,3,90,credit,tablet,fashion,2,15,Yes
35,818.66,4,1,123,debit,desktop,home,3,5,Yes
33,363.88,4,2,125,credit,mobile,home,2,15,Yes
5,689.88,5,1,122,cod,mobile,fashion,2,19,Yes
41,42.03,7,1,94,credit,desktop,home,2,15,Yes
28,482.63,6,1,103,cod,desktop,home,2,11,Yes
7,745.55,7,0,162,credit,desktop,sports,2,16,Yes
12,540.15,1,0,31,debit,mobile,sports,4,4,No
34,633.99,3,1,52,credit,mobile,fashion,1,12,Yes
33,436.02,4,0,89,debit,mobile,electronics,5,7,No
48,838.72,7,1,76,debit,mobile,home,2,4,Yes
23,475.88,1,0,129,credit,mobile,electronics,5,11,No
62,360.36,4,0,22,debit,desktop,fashion,5,8,No
37,765.96,3,1,40,ewallet,mobile,fashion,4,2,No
44,78.45,7,0,101,credit,mobile,sports,2,2,Yes
35,650.31,4,0,111,credit,mobile,home,5,0,No
65,187.25,6,0,129,debit,desktop,food,2,17,Yes
47,883.38,6,2,65,debit,mobile,fashion,3,11,No
3,421.69,5,0,170,credit,mobile,home,3,8,Yes
1,540.5,5,2,149,ewallet,mobile,electronics,3,8,Yes
5,623.77,4,0,79,debit,mobile,sports,5,17,No
14,78.91,1,4,22,debit,tablet,electronics,3,17,No
27,304.82,6,3,166,cod,tablet,fashion,4,6,Yes
9,813.06,1,0,99,ewallet,mobile,fashion,4,3,No
15,760.33,1,0,8,ewallet,mobile,electronics,5,12,No
42,584.91,4,0,175,credit,desktop,fashion,2,16,Yes
51,95.16,1,1,17,ewallet,mobile,home,1,1,No
63,675.65,6,0,17,credit,mobile,fashion,2,13,No
52,714.02,3,0,90,cod,mobile,sports,2,2,Yes
4,514.11,5,0,141,ewallet,tablet,home,2,4,Yes
23,866.95,3,0,145,debit,mobile,food,2,13,Yes
15,294.97,1,0,166,cod,mobile,fashion,1,2,Yes
43,347.04,3,1,81,credit,desktop,fashion,3,6,No
29,245.38,6,4,78,cod,mobile,sports,2,17,Yes
36,775.95,6,0,173,credit,mobile,sports,4,12,Yes
13,594.16,1,0,6,cod,tablet,electronics,5,9,No
32,4.55,4,0,163,credit,mobile,electronics,5,12,No
71,27.58,3,1,110,ewallet,desktop,electronics,4,15,Yes
59,238.21,4,2,14,debit,mobile,sports,2,8,Yes
28,738.1,4,2,72,credit,mobile,electronics,1,1,Yes
66,409.89,2,3,143,cod,mobile,electronics,3,4,Yes
42,258.56,1,0,54,credit,mobile,food,5,16,No
45,198.17,5,1,27,credit,mobile,electronics,3,3,No
62,184.73,6,1,13,credit,desktop,fashion,1,16,No
57,80.1,6,0,159,cod,mobile,sports,5,8,No
6,137.78,1,3,163,debit,mobile,home,3,19,Yes
28,178.83,7,0,60,ewallet,mobile,food,1,1,No
28,704.79,7,1,6,debit,desktop,sports,3,17,No
44,450.28,7,0,58,credit,mobile,sports,2,10,Yes
30,252.32,5,0,49,cod,mobile,fashion,1,12,No
62,1192.92,6,1,151,debit,mobile,electronics,3,7,Yes
62,300.83,1,0,162,credit,mobile,fashion,2,0,Yes
1,850.13,6,0,26,ewallet,mobile,electronics,2,16,No
27,986.33,4,0,47,ewallet,desktop,electronics,1,11,No
62,29.01,3,1,5,ewallet,mobile,sports,4,3,No
3,522.19,3,0,20,credit,mobile,electronics,5,12,No
70,344.74,6,0,134,cod,mobile,food,1,8,Yes
27,320.32,2,2,59,debit,desktop,food,2,6,Yes
9,666.61,5,1,146,ewallet,mobile,food,2,4,Yes
62,313.14,7,0,132,credit,mobile,sports,1,4,Yes
37,351.21,5,1,17,credit,mobile,fashion,4,16,No
51,449.57,5,1,14,debit,mobile,home,5,8,No
44,387.98,4,2,13,ewallet,mobile,electronics,3,5,No
24,147.93,5,0,135,credit,mobile,home,1,18,Yes
59,738.77,3,0,128,debit,mobile,fashion,5,15,No
32,814.56,4,0,44,cod,mobile,fashion,5,1,No
52,603.09,1,0,119,cod,mobile,sports,2,9,Yes
62,387.03,5,0,143,cod,mobile,food,3,15,No
58,288.44,5,0,19,ewallet,mobile,food,1,4,No
52,288.91,1,1,63,debit,desktop,fashion,2,14,Yes
12,1207.21,5,0,163,debit,tablet,sports,2,12,Yes
39,781.35,1,0,81,credit,tablet,sports,4,12,No
2,247.97,4,2,163,credit,desktop,electronics,5,12,Yes
3,549.41,3,0,147,credit,desktop,food,1,14,Yes
56,391.24,1,0,148,debit,desktop,fashion,1,13,Yes
59,675.14,2,1,100,credit,mobile,home,1,7,Yes
2,663.05,1,0,163,debit,desktop,food,2,10,Yes
2,825.08,5,1,160,debit,mobile,electronics,4,17,Yes
54,244.83,7,1,122,cod,mobile,sports,3,3,No
1,531.42,7,0,176,credit,desktop,fashion,2,9,Yes
19,24.56,4,1,44,cod,mobile,food,3,0,No
2,122.8,6,0,104,ewallet,mobile,home,4,4,No
53,765.23,4,0,152,ewallet,tablet,electronics,5,12,Yes
44,214.79,6,0,61,ewallet,mobile,electronics,1,0,Yes
32,247.73,7,0,125,debit,mobile,food,3,7,No
70,497.52,7,2,145,debit,tablet,home,2,2,Yes
32,708.43,1,0,71,debit,desktop,electronics,3,2,No
68,181.75,3,0,107,credit,mobile,fashion,5,6,No
55,544.24,2,0,50,cod,mobile,electronics,1,3,No
56,238.93,4,0,65,debit,mobile,home,3,2,No
17,861.69,5,0,99,cod,desktop,sports,5,14,No
38,602.94,6,0,32,cod,mobile,sports,2,7,No
24,897.16,5,1,164,cod,mobile,food,4,2,Yes
69,160.46,3,0,141,credit,mobile,home,2,6,Yes
70,8.18,6,0,58,credit,mobile,electronics,1,17,Yes
11,638.76,4,0,128,ewallet,tablet,electronics,2,10,Yes
16,572.01,1,0,142,ewallet,mobile,sports,2,10,Yes
59,591.67,5,2,165,cod,desktop,sports,2,16,Yes
70,779.9,3,0,112,ewallet,mobile,fashion,2,5,Yes
3,626.51,4,0,68,cod,desktop,sports,1,7,No
20,621.69,7,0,40,credit,tablet,fashion,5,0,No
59,714.5,7,1,144,credit,mobile,electronics,3,9,Yes
36,650.72,4,1,132,credit,mobile,fashion,4,18,Yes
19,757.23,4,0,173,debit,mobile,fashion,3,2,Yes
67,802.56,4,1,90,cod,desktop,food,3,3,No
19,959.51,6,1,28,credit,mobile,sports,4,10,No
20,305.24,4,2,96,cod,desktop,fashion,1,14,Yes
71,644.17,5,1,31,ewallet,desktop,electronics,4,0,No
52,388.9,3,0,3,ewallet,desktop,home,1,8,No
33,249.93,6,0,136,credit,desktop,fashion,3,10,No
40,293.14,4,0,24,cod,mobile,sports,1,18,No
39,648.49,2,0,15,credit,mobile,food,5,12,No
1,625.48,2,4,171,ewallet,mobile,electronics,4,15,Yes
11,620.12,3,0,159,credit,tablet,food,5,3,Yes
57,432.29,7,0,45,cod,desktop,home,3,0,No
50,501.02,1,1,8,ewallet,desktop,fashion,4,19,No
23,745.33,1,0,71,debit,mobile,fashion,3,12,No
31,53.18,7,0,108,ewallet,mobile,sports,5,0,No
42,507.39,6,0,115,debit,desktop,fashion,3,4,No
7,526.99,6,0,103,credit,mobile,electronics,4,4,No
16,725.99,6,1,125,credit,mobile,home,4,13,Yes
60,94.93,1,0,57,cod,desktop,food,3,13,No
2,948.54,2,0,30,debit,mobile,home,4,7,No
1,564.09,1,0,146,credit,mobile,fashion,4,3,No
48,579.97,5,0,114,debit,mobile,food,3,6,No
12,379.59,4,1,117,credit,mobile,sports,5,19,No
69,661.41,6,0,167,ewallet,tablet,home,4,18,Yes
37,514.39,2,0,60,credit,mobile,food,4,14,No
32,862.69,3,2,98,cod,mobile,food,4,3,No
9,67.55,3,1,171,ewallet,mobile,food,4,18,Yes
19,552.66,4,0,126,cod,desktop,electronics,3,8,No
48,622.55,2,0,173,ewallet,mobile,home,5,12,Yes
3,444.09,1,1,151,debit,mobile,food,5,13,Yes
20,378.6,1,1,94,cod,mobile,home,1,13,Yes
24,391.11,5,0,134,credit,mobile,food,4,9,No
54,552.39,5,3,122,debit,mobile,sports,4,15,Yes
33,42.99,1,0,108,credit,desktop,sports,1,4,Yes
24,789.5,3,0,4,ewallet,desktop,sports,5,5,No
36,355.96,6,0,93,ewallet,mobile,fashion,2,1,Yes
38,538.34,3,0,151,credit,mobile,food,2,12,Yes
25,610.13,5,1,6,credit,tablet,fashion,5,12,No
18,342.26,4,0,32,debit,mobile,home,4,18,No
66,460.69,1,0,106,credit,desktop,fashion,2,17,Yes
54,110.57,5,2,146,cod,mobile,home,3,18,Yes
35,719.64,5,0,15,cod,tablet,home,3,0,No
61,824.02,6,0,168,credit,desktop,home,1,7,Yes
41,10.3,1,0,122,cod,tablet,fashion,5,15,No
33,378.05,6,0,96,credit,desktop,food,5,1,No
68,131.04,1,0,6,debit,mobile,fashion,2,7,No
33,446.68,6,1,112,cod,tablet,food,4,5,No
14,694.59,3,0,120,cod,mobile,food,5,15,No
21,796.19,4,0,123,credit,mobile,home,2,10,Yes
48,836.56,4,1,67,cod,desktop,fashion,2,16,Yes
20,893.16,1,1,106,ewallet,desktop,food,5,18,No
8,433.28,2,0,139,debit,tablet,sports,2,10,Yes
7,155.91,7,0,43,debit,mobile,food,1,7,No
67,465.62,5,0,145,cod,desktop,sports,1,3,Yes
17,689.98,5,0,96,cod,desktop,fashion,5,10,No
33,131.82,1,0,132,ewallet,mobile,fashion,4,7,No
48,998.04,6,0,81,ewallet,mobile,fashion,1,8,Yes
59,769.37,2,2,41,cod,mobile,food,1,1,Yes
22,438.03,3,0,133,cod,mobile,electronics,5,15,No
30,286.74,6,1,160,ewallet,tablet,food,3,5,Yes
38,299.26,6,0,35,credit,desktop,food,2,18,No
51,522.26,1,1,22,ewallet,desktop,home,1,7,Yes
54,431.18,1,1,150,credit,tablet,home,3,13,Yes
8,785.15,5,1,112,debit,mobile,food,4,15,Yes
27,397.11,1,0,11,debit,desktop,sports,3,11,No
27,651.65,1,0,3,ewallet,mobile,home,5,4,No
21,491.32,1,0,137,credit,desktop,food,4,18,No
30,580.9,5,1,60,ewallet,mobile,electronics,4,17,No
28,430.98,3,0,76,ewallet,tablet,sports,3,8,No
64,712.31,3,0,87,credit,mobile,fashion,5,1,No
69,716.76,7,0,14,ewallet,mobile,food,1,19,No
61,637.98,7,0,18,debit,desktop,food,3,11,No
48,682.25,1,0,113,cod,mobile,sports,1,1,Yes
19,216.69,7,0,73,cod,desktop,home,3,9,No
4,596.97,5,3,23,ewallet,mobile,home,1,0,Yes
35,874.76,3,1,83,credit,desktop,home,3,3,No
64,647.42,6,3,125,credit,mobile,fashion,4,11,Yes
49,190.78,3,0,175,debit,mobile,sports,2,8,Yes
17,485.07,3,2,69,credit,mobile,sports,4,3,No
44,612.49,5,1,47,credit,mobile,home,1,8,Yes
30,272.78,7,1,116,debit,mobile,home,5,5,No
46,92.52,6,1,30,ewallet,mobile,electronics,4,0,No
6,405.17,5,0,25,cod,mobile,electronics,2,9,No
37,277.75,1,1,156,debit,mobile,food,1,13,Yes
24,495.71,4,0,112,ewallet,mobile,food,4,17,No
46,22.58,3,0,25,debit,desktop,sports,3,5,No
53,669.41,4,0,74,ewallet,mobile,sports,5,17,No
60,309.62,5,2,58,debit,mobile,fashion,1,19,Yes
63,798.73,5,2,94,ewallet,desktop,fashion,4,15,Yes
32,416.93,5,3,119,debit,mobile,electronics,1,14,Yes
33,492.38,4,1,127,ewallet,desktop,food,3,15,Yes
67,448.09,5,0,169,debit,mobile,electronics,2,7,Yes
18,293.55,1,0,25,cod,mobile,electronics,4,12,No
25,1241.68,5,0,78,cod,mobile,food,1,10,Yes
54,351.24,2,0,99,credit,desktop,fashion,1,6,Yes
58,807.06,7,0,116,ewallet,desktop,food,1,16,Yes
67,171.91,4,0,48,debit,mobile,home,2,17,No
46,611.64,2,0,10,ewallet,mobile,home,1,18,No
24,643.66,5,2,99,cod,tablet,home,5,12,Yes
32,492.75,1,0,11,ewallet,mobile,sports,5,14,No
47,328.7,3,2,85,debit,mobile,fashion,1,0,Yes
23,421.0,6,1,149,ewallet,tablet,fashion,5,15,Yes
66,379.01,7,0,173,debit,desktop,sports,4,4,Yes
27,1220.61,6,0,135,cod,mobile,electronics,5,2,No
2,493.22,5,0,126,cod,desktop,home,1,9,Yes
17,657.47,7,0,64,cod,desktop,home,3,18,No
33,1034.49,7,1,2,credit,mobile,electronics,4,4,No
9,237.1,1,0,76,cod,mobile,food,2,6,Yes
43,511.3,7,0,121,ewallet,mobile,food,1,13,Yes
48,419.24,4,0,42,credit,tablet,fashion,2,2,No
39,474.16,2,3,54,cod,desktop,sports,3,12,No
42,446.3,2,1,75,ewallet,mobile,fashion,2,12,Yes
26,280.44,2,1,16,ewallet,desktop,food,1,9,No
50,558.62,4,0,18,ewallet,mobile,electronics,1,1,No
25,181.21,6,1,90,debit,mobile,fashion,3,5,No
24,796.66,1,1,144,credit,mobile,home,1,7,Yes
13,686.99,7,1,6,ewallet,mobile,home,3,3,No
60,351.96,4,4,108,debit,desktop,electronics,3,11,Yes
7,366.51,2,0,175,cod,mobile,food,1,14,Yes
57,582.65,5,2,48,ewallet,desktop,home,5,7,No
36,260.44,3,2,42,debit,mobile,home,3,6,No
45,1043.59,7,0,76,ewallet,mobile,sports,1,13,Yes
20,607.38,4,0,77,credit,tablet,fashion,5,18,No
65,617.98,4,3,132,credit,mobile,food,3,13,Yes
8,704.43,1,0,130,cod,mobile,fashion,5,12,No
16,326.16,1,0,59,ewallet,mobile,food,4,0,No
14,826.7,4,3,155,debit,desktop,home,4,18,Yes
15,534.36,2,0,27,cod,mobile,sports,5,0,No
66,785.04,3,0,79,ewallet,mobile,fashion,3,3,No
32,440.61,7,0,72,cod,mobile,home,1,9,Yes
63,895.18,1,0,7,debit,mobile,food,2,2,No
51,620.4,7,0,111,cod,desktop,fashion,1,19,Yes
25,1154.75,2,0,119,cod,mobile,fashion,2,8,Yes
58,389.14,7,1,174,cod,mobile,home,2,2,Yes
63,561.36,5,0,63,ewallet,mobile,fashion,3,5,No
62,190.53,1,1,124,debit,mobile,sports,5,5,Yes
22,341.21,2,1,12,credit,tablet,sports,1,11,No
58,685.61,2,0,141,ewallet,mobile,home,5,0,No
58,838.8,3,1,43,credit,tablet,food,4,15,No
49,1389.5,3,0,17,credit,mobile,home,3,4,No
52,471.01,5,0,63,ewallet,mobile,sports,3,8,No
42,220.04,2,0,120,ewallet,desktop,electronics,4,9,No
70,726.0,6,2,36,debit,mobile,electronics,1,12,Yes
15,161.65,2,0,8,debit,desktop,fashion,4,14,No
54,669.28,3,0,69,cod,tablet,fashion,1,11,No
60,349.32,6,1,90,credit,mobile,electronics,2,4,Yes
8,563.48,1,0,36,debit,mobile,sports,3,4,No
53,827.31,1,0,28,cod,desktop,fashion,1,17,No
60,466.78,7,0,118,debit,mobile,home,5,11,No
5,779.86,4,1,93,ewallet,mobile,home,5,2,No
68,761.95,3,1,175,debit,mobile,sports,3,6,Yes
6,59.3,4,0,76,credit,mobile,fashion,4,16,No
47,229.52,6,0,101,debit,desktop,home,4,18,No
55,31.46,3,0,158,credit,mobile,fashion,1,17,Yes
40,1100.52,5,1,151,ewallet,mobile,fashion,4,0,Yes
52,468.38,2,0,144,credit,desktop,home,3,4,No
16,1034.25,5,0,14,debit,mobile,electronics,1,1,No
13,10.11,6,0,71,cod,mobile,home,2,0,Yes
30,328.17,3,0,124,ewallet,desktop,sports,4,6,No
19,740.15,6,0,125,debit,mobile,food,4,10,No
17,553.78,2,0,37,ewallet,desktop,home,1,10,No
63,659.86,1,0,29,ewallet,desktop,fashion,5,17,No
19,123.86,1,1,143,debit,mobile,fashion,4,16,Yes
58,913.04,6,0,175,debit,mobile,home,3,1,Yes
55,733.1,4,2,174,cod,mobile,food,4,6,Yes
62,620.49,3,0,19,ewallet,mobile,home,2,6,No
23,294.32,3,1,106,ewallet,desktop,food,4,9,No
9,597.14,1,1,21,debit,desktop,food,5,2,No
12,412.55,7,0,64,credit,mobile,sports,4,11,No
1,4.85,5,0,165,debit,desktop,fashion,1,2,Yes
58,484.87,7,1,27,ewallet,tablet,fashion,4,10,No
1,452.98,2,0,55,debit,tablet,food,5,11,No
34,818.72,5,2,29,cod,mobile,fashion,1,3,Yes
48,170.33,5,0,148,credit,mobile,electronics,3,15,Yes
1,570.56,6,2,25,debit,mobile,food,1,19,Yes
16,153.33,1,0,70,cod,tablet,fashion,2,17,No
61,595.77,7,1,63,ewallet,mobile,electronics,1,3,Yes
64,612.28,7,1,164,debit,mobile,sports,3,5,Yes
63,473.95,1,1,130,ewallet,mobile,fashion,4,14,Yes
69,742.19,7,0,150,cod,mobile,electronics,1,0,Yes
22,126.27,1,1,16,ewallet,mobile,home,1,2,No
67,832.32,6,0,146,cod,tablet,home,1,4,Yes
26,287.58,4,1,100,cod,mobile,electronics,1,16,Yes
16,33.23,5,0,30,cod,mobile,food,3,13,No
51,418.28,6,2,45,debit,mobile,food,5,8,No
57,128.55,3,0,19,ewallet,mobile,fashion,5,2,No
29,576.25,2,1,34,ewallet,mobile,home,1,12,No
69,422.22,4,2,141,credit,mobile,food,3,2,Yes
47,870.11,3,1,171,credit,mobile,food,3,10,Yes
62,694.68,5,0,62,credit,mobile,home,1,1,No
69,82.4,7,0,118,credit,mobile,sports,2,14,Yes
16,248.48,1,4,100,ewallet,mobile,food,1,12,Yes
48,656.2,5,0,22,cod,tablet,electronics,2,18,No
39,754.12,6,0,111,cod,tablet,fashion,1,15,Yes
33,866.75,2,1,164,debit,mobile,food,2,17,Yes
23,864.35,6,1,73,cod,mobile,food,2,6,Yes
10,473.14,4,0,147,ewallet,tablet,sports,1,12,Yes
69,608.8,4,1,38,ewallet,mobile,electronics,2,3,Yes
34,889.62,2,1,70,ewallet,desktop,fashion,4,8,No
52,409.01,3,0,116,debit,tablet,food,5,9,No
10,613.92,3,2,79,credit,mobile,fashion,3,8,No
19,401.94,4,0,148,cod,mobile,home,2,6,Yes
58,334.72,4,0,9,ewallet,tablet,food,2,14,No
1,514.52,7,0,32,ewallet,mobile,food,3,7,No
69,293.74,1,0,132,credit,mobile,home,2,18,Yes
4,460.73,7,2,50,ewallet,mobile,sports,3,10,No
16,189.51,7,0,82,cod,mobile,food,1,4,Yes
24,443.0,3,0,5,debit,desktop,fashion,4,1,No
2,634.52,2,0,148,ewallet,desktop,electronics,4,9,No
32,323.37,3,0,87,cod,tablet,fashion,5,15,No
24,502.79,1,0,126,ewallet,mobile,sports,2,12,Yes
12,541.8,6,0,75,credit,mobile,electronics,5,7,No
50,635.76,4,0,165,ewallet,mobile,fashion,1,8,Yes
35,459.93,4,2,22,ewallet,mobile,fashion,4,10,No
33,825.76,1,0,68,debit,mobile,home,1,10,Yes
33,130.28,7,0,44,credit,tablet,sports,1,15,No
61,1381.33,2,0,34,credit,desktop,home,2,9,No
51,238.66,4,1,77,debit,mobile,electronics,1,11,Yes
43,621.02,5,0,42,ewallet,desktop,home,4,5,No
12,218.46,7,0,137,cod,mobile,sports,5,11,No
67,693.28,4,0,106,credit,mobile,food,4,9,No
65,582.97,5,3,95,credit,desktop,food,2,17,Yes
33,304.79,1,0,135,ewallet,mobile,electronics,4,17,No
40,821.93,1,1,68,ewallet,tablet,food,3,3,No
43,450.81,7,0,147,credit,desktop,home,5,8,No
44,664.16,4,0,159,ewallet,mobile,electronics,3,6,No
29,224.85,3,1,128,cod,desktop,sports,3,17,Yes
13,490.73,5,0,163,credit,mobile,electronics,2,7,Yes
12,1101.02,2,2,85,cod,mobile,electronics,1,10,Yes
46,788.89,4,2,159,cod,mobile,fashion,3,6,Yes
2,592.29,2,2,83,ewallet,mobile,fashion,4,8,Yes
35,365.32,4,0,95,cod,desktop,electronics,1,7,Yes
8,520.25,3,1,32,ewallet,mobile,food,4,2,No
26,559.27,3,0,66,debit,desktop,fashion,4,16,No
34,634.77,7,2,116,ewallet,mobile,sports,1,1,Yes
7,177.0,7,1,138,cod,mobile,home,1,14,Yes
68,700.52,3,1,130,debit,desktop,fashion,4,13,Yes
58,173.12,6,0,60,ewallet,mobile,electronics,2,17,No
29,989.34,3,0,17,cod,mobile,food,5,15,No
36,268.51,1,0,96,credit,mobile,home,5,19,No
21,588.99,1,1,144,credit,mobile,fashion,2,3,Yes
36,801.54,6,0,16,ewallet,mobile,food,1,19,No
10,424.29,5,0,46,ewallet,desktop,food,4,5,No
24,602.18,2,1,167,credit,mobile,food,5,5,Yes
64,930.55,4,0,159,cod,mobile,electronics,4,10,No
49,669.32,4,0,107,cod,tablet,sports,2,16,Yes
36,606.67,6,0,88,cod,mobile,food,4,2,No
24,5.44,1,0,129,ewallet,desktop,home,2,12,Yes
23,219.88,7,0,139,debit,mobile,fashion,1,2,Yes
62,814.08,4,0,119,debit,mobile,home,2,15,Yes
37,670.99,1,0,85,debit,desktop,electronics,2,14,Yes
12,716.44,5,0,4,debit,mobile,electronics,5,10,No
55,690.62,2,1,71,debit,desktop,home,4,17,No
13,886.93,5,0,154,ewallet,mobile,sports,5,14,No
23,421.58,6,0,111,ewallet,mobile,electronics,3,4,No
30,536.15,3,2,50,debit,mobile,electronics,2,15,Yes
17,191.4,3,0,140,ewallet,mobile,home,3,15,No
62,116.59,3,0,95,ewallet,desktop,electronics,5,16,No
13,6.88,5,1,92,debit,mobile,sports,4,8,No
59,234.45,4,2,65,cod,tablet,sports,5,2,No
19,965.77,2,1,47,ewallet,tablet,sports,4,19,No
49,34.18,3,1,106,cod,mobile,fashion,4,12,No
12,408.94,6,1,130,ewallet,mobile,sports,1,2,Yes
61,112.06,6,0,106,ewallet,desktop,sports,2,6,Yes
19,319.71,3,1,24,debit,tablet,fashion,5,5,No
9,550.91,3,0,4,ewallet,mobile,food,4,8,No
71,289.97,2,2,108,credit,mobile,electronics,5,11,Yes
28,826.9,3,0,19,credit,mobile,sports,5,14,No
52,960.19,2,0,154,debit,desktop,electronics,4,19,Yes
16,174.73,6,0,40,cod,mobile,home,3,2,No
69,295.1,3,1,50,cod,desktop,electronics,2,9,Yes
12,517.74,5,0,171,cod,mobile,fashion,2,0,Yes
25,837.84,7,2,75,credit,mobile,electronics,1,18,Yes
52,363.73,5,1,12,cod,mobile,electronics,1,18,Yes
53,494.02,6,0,27,cod,mobile,electronics,1,12,No
23,152.98,2,1,113,debit,mobile,food,2,11,Yes
16,40.16,5,1,49,cod,mobile,food,3,0,No
57,933.62,2,1,144,credit,mobile,home,2,18,Yes
39,47.22,5,0,130,credit,mobile,fashion,2,15,Yes
53,1198.59,5,0,60,credit,mobile,electronics,2,14,No
42,717.55,2,0,30,debit,tablet,electronics,2,15,No
58,703.99,4,0,84,debit,mobile,electronics,3,10,No
39,672.64,5,2,166,ewallet,mobile,electronics,1,5,Yes
14,424.19,3,0,28,cod,mobile,food,5,10,No
5,617.63,7,1,25,debit,tablet,home,1,2,Yes
35,443.33,6,0,96,credit,mobile,sports,1,14,Yes
18,665.92,4,0,125,credit,desktop,fashion,5,0,No
9,489.89,2,1,10,debit,desktop,electronics,2,6,No
58,214.9,4,2,42,debit,desktop,home,3,0,No
17,238.83,1,0,40,debit,mobile,sports,3,16,No
7,204.72,1,0,77,ewallet,desktop,home,1,8,Yes
46,791.27,5,0,105,credit,mobile,food,5,12,No
13,314.77,5,0,118,ewallet,mobile,sports,4,10,No
40,73.63,3,0,42,ewallet,desktop,home,2,19,No
42,619.05,7,0,47,cod,mobile,food,1,5,No
9,954.36,6,0,165,credit,desktop,home,3,0,Yes
50,731.92,4,1,22,credit,mobile,home,5,6,No
27,319.0,1,0,107,debit,desktop,sports,5,11,No
66,23.96,5,0,27,debit,mobile,food,1,19,No
5,459.72,6,0,41,cod,mobile,electronics,4,18,No
29,452.23,4,1,80,ewallet,mobile,fashion,3,16,No
37,209.24,5,2,162,debit,tablet,sports,1,3,Yes
38,665.31,5,0,160,debit,mobile,food,4,2,Yes
8,1053.99,1,1,89,credit,mobile,home,5,0,No
65,566.68,1,0,66,credit,mobile,food,2,17,No
17,548.14,5,0,12,debit,desktop,fashion,3,14,No
71,218.83,2,0,168,credit,mobile,fashion,3,7,Yes
45,919.22,5,0,73,cod,mobile,electronics,4,0,No
4,477.46,6,1,76,debit,mobile,electronics,1,19,Yes
36,326.31,5,2,90,credit,mobile,fashion,5,13,No
70,519.11,3,0,10,cod,mobile,sports,4,3,No
31,641.59,7,1,96,credit,mobile,sports,2,4,Yes
19,541.76,3,0,176,credit,desktop,home,2,12,Yes
61,861.85,3,0,20,credit,mobile,electronics,2,14,No
54,615.19,2,0,39,debit,mobile,home,4,5,No
39,414.82,2,0,60,ewallet,mobile,electronics,5,0,No
19,620.36,5,0,66,credit,tablet,fashion,3,18,No
39,649.89,3,0,65,cod,tablet,sports,1,12,Yes
67,111.09,2,0,179,debit,desktop,sports,3,5,Yes
45,844.83,1,0,124,debit,mobile,fashion,5,14,No
13,409.73,5,1,164,cod,mobile,home,3,15,Yes
58,417.4,6,0,152,credit,mobile,home,4,15,No
20,725.41,7,3,155,ewallet,mobile,food,2,9,Yes
61,724.15,4,0,130,credit,mobile,electronics,5,8,No
39,289.75,5,1,159,cod,desktop,home,5,8,Yes
1,740.87,4,2,57,debit,desktop,fashion,3,16,No
3,331.87,3,1,78,ewallet,desktop,home,4,16,No
62,1045.87,7,0,29,debit,mobile,sports,3,16,No
63,251.54,4,1,15,cod,desktop,electronics,3,11,No
25,571.84,3,0,12,credit,mobile,food,5,12,No
56,265.39,1,0,101,ewallet,mobile,electronics,3,11,No
33,1166.81,4,0,156,debit,desktop,sports,2,13,Yes
38,128.65,7,0,84,debit,mobile,sports,3,9,No
6,657.31,5,0,125,debit,mobile,sports,2,18,Yes
58,279.53,3,2,103,credit,mobile,sports,5,1,No
44,393.77,5,1,24,ewallet,desktop,fashion,4,3,No
45,636.06,7,0,149,credit,desktop,food,2,18,Yes
32,867.38,2,2,138,credit,mobile,sports,4,6,Yes
45,987.02,3,0,110,credit,desktop,sports,4,14,No
61,38.92,4,3,78,cod,mobile,home,2,14,Yes
47,580.33,3,0,101,cod,mobile,food,5,5,No
21,937.85,5,0,146,cod,desktop,electronics,1,2,Yes
36,5.59,1,1,142,ewallet,desktop,food,4,5,Yes
19,594.32,3,1,162,credit,tablet,food,4,15,Yes
20,499.37,4,1,128,credit,mobile,food,5,1,Yes
57,624.36,2,3,58,cod,desktop,sports,5,6,Yes
18,268.31,6,1,76,credit,desktop,sports,3,10,No
47,69.31,1,1,150,credit,tablet,fashion,5,6,Yes
49,73.93,2,2,36,debit,mobile,electronics,4,3,No
14,792.92,3,1,173,credit,desktop,home,2,19,Yes
15,831.21,5,0,164,debit,mobile,food,1,6,Yes
31,590.81,7,2,22,credit,mobile,electronics,3,3,No
1,339.76,5,0,127,ewallet,mobile,electronics,2,11,Yes
54,13.09,4,1,80,cod,mobile,fashion,1,4,Yes
3,669.0,5,2,100,debit,mobile,home,1,18,Yes
16,169.77,1,1,96,cod,desktop,food,1,4,Yes
57,286.61,5,1,161,debit,mobile,home,2,18,Yes
12,324.03,4,1,173,debit,desktop,fashion,3,2,Yes
16,440.74,6,0,164,debit,mobile,sports,3,10,Yes
24,272.29,3,2,148,ewallet,mobile,electronics,1,6,Yes
28,510.04,7,0,18,credit,mobile,food,2,16,No
8,313.45,3,0,38,debit,mobile,sports,1,8,No
36,710.41,5,0,151,ewallet,mobile,fashion,5,8,Yes
8,809.32,2,0,109,debit,mobile,home,3,9,No
58,532.56,3,0,123,credit,mobile,electronics,4,12,No
60,638.79,6,1,144,debit,mobile,food,1,14,Yes
50,1135.36,5,0,149,ewallet,mobile,sports,5,4,No
28,148.22,7,0,104,credit,mobile,sports,3,2,No
41,129.96,4,0,140,ewallet,mobile,electronics,2,7,Yes
64,708.5,6,0,144,credit,tablet,home,3,19,Yes
27,1083.96,5,1,81,credit,desktop,fashion,2,9,Yes
63,421.85,6,0,87,cod,desktop,home,2,12,Yes
17,1018.05,3,0,142,cod,mobile,home,1,2,Yes
33,528.93,7,0,61,cod,desktop,home,1,7,No
29,295.73,4,0,46,credit,desktop,electronics,3,8,No
13,202.79,5,0,32,debit,desktop,electronics,5,11,No
46,688.82,1,0,15,ewallet,mobile,fashion,3,10,No
35,225.51,4,1,44,ewallet,desktop,home,4,1,No
6,524.38,1,1,145,ewallet,desktop,electronics,2,17,Yes
69,975.04,6,0,169,cod,mobile,fashion,2,8,Yes
47,407.97,2,3,54,credit,desktop,fashion,1,1,Yes
25,894.2,4,0,44,cod,mobile,home,5,1,No
66,135.64,6,0,98,debit,mobile,food,1,2,Yes
10,339.83,1,3,5,credit,mobile,home,4,15,No
56,77.86,3,0,109,ewallet,desktop,food,3,18,No
30,521.9,3,2,27,cod,mobile,fashion,3,3,No
5,734.02,2,0,116,cod,mobile,electronics,5,17,No
33,522.56,4,0,87,debit,mobile,sports,1,19,Yes
65,868.12,4,0,104,debit,mobile,fashion,1,17,Yes
18,275.25,4,1,123,cod,mobile,electronics,4,9,Yes
49,567.6,6,1,79,debit,desktop,fashion,3,10,No
11,341.76,7,1,43,ewallet,desktop,home,1,16,Yes
26,608.5,7,0,97,debit,mobile,food,5,19,No
63,651.12,2,0,31,debit,mobile,fashion,3,15,No
59,674.72,4,0,99,cod,mobile,electronics,4,19,No
27,178.82,6,0,17,cod,desktop,home,5,12,No
49,233.08,3,2,83,credit,mobile,sports,2,1,Yes
33,288.71,1,0,110,credit,mobile,home,4,1,No
1,428.34,6,1,32,cod,mobile,food,5,13,No
21,526.16,7,1,168,debit,desktop,home,1,3,Yes
55,712.43,7,0,141,debit,desktop,sports,2,16,Yes
6,245.57,3,1,35,credit,desktop,electronics,4,12,No
69,19.69,3,0,133,credit,desktop,fashion,1,3,Yes
5,1146.72,1,0,29,credit,mobile,food,2,2,No
3,160.56,3,0,70,ewallet,mobile,sports,3,11,No
53,750.9,2,0,153,ewallet,mobile,food,1,7,Yes
23,509.38,1,0,95,credit,mobile,home,5,1,No
53,575.39,3,0,22,debit,mobile,food,4,5,No
37,499.53,5,0,173,credit,mobile,sports,2,9,Yes
17,384.55,6,0,69,ewallet,mobile,fashion,1,11,Yes
1,639.19,3,1,89,debit,tablet,fashion,3,9,No
51,368.42,2,1,72,ewallet,desktop,food,4,9,No
45,849.89,4,0,129,debit,desktop,electronics,4,2,No
4,670.53,3,0,172,ewallet,desktop,food,1,19,Yes
62,679.88,7,1,87,debit,mobile,home,3,9,No
65,347.86,7,0,96,debit,desktop,fashion,2,8,Yes
32,429.09,7,1,75,debit,mobile,fashion,1,19,Yes
34,143.63,4,0,167,debit,desktop,fashion,2,18,Yes
39,394.1,7,0,54,cod,mobile,electronics,4,13,No
26,189.03,5,0,88,ewallet,tablet,electronics,2,1,Yes
34,893.92,3,0,157,ewallet,mobile,sports,3,4,Yes
54,515.16,7,1,54,cod,mobile,food,5,19,No
3,551.15,1,0,16,debit,tablet,food,3,7,No
50,432.46,4,1,99,debit,mobile,home,2,6,Yes
12,559.27,5,2,20,ewallet,desktop,fashion,1,5,Yes
65,1239.46,1,0,46,cod,desktop,electronics,4,10,No
54,409.96,1,1,127,debit,desktop,home,5,11,Yes
5,304.88,1,0,58,debit,tablet,home,1,17,No
57,658.91,1,0,111,debit,tablet,electronics,1,18,Yes
17,257.72,3,1,129,credit,mobile,food,3,9,Yes
47,519.19,7,0,81,cod,desktop,fashion,2,13,Yes
23,388.49,6,0,157,debit,desktop,food,3,2,No
14,202.31,3,0,84,credit,desktop,home,2,17,Yes
66,652.33,3,0,70,cod,mobile,fashion,3,14,No
51,516.2,5,2,8,debit,desktop,sports,1,5,Yes
38,40.72,5,2,29,ewallet,tablet,home,4,9,No
64,306.04,7,1,112,credit,tablet,food,2,11,Yes
38,366.48,6,1,179,credit,mobile,food,5,6,Yes
50,587.98,5,0,161,debit,mobile,food,5,16,No
30,584.99,7,0,131,debit,mobile,electronics,1,0,Yes
51,262.02,7,0,163,credit,desktop,home,3,17,Yes
63,662.03,2,0,108,ewallet,desktop,fashion,3,14,No
52,115.25,6,0,109,ewallet,mobile,food,1,18,Yes
38,210.04,5,3,20,cod,mobile,food,5,0,No
30,625.16,6,0,73,debit,mobile,electronics,5,4,No
51,293.4,3,0,167,ewallet,mobile,fashion,3,14,Yes
5,481.2,3,0,4,cod,tablet,home,2,2,No
29,330.91,6,1,19,ewallet,desktop,sports,4,0,No
4,376.72,2,1,102,debit,mobile,electronics,2,7,Yes
10,389.83,2,0,173,cod,mobile,home,5,11,Yes
56,287.97,6,0,171,cod,mobile,sports,2,18,Yes
17,590.73,5,1,141,cod,tablet,food,4,11,Yes
17,311.62,4,0,141,ewallet,mobile,food,2,12,Yes
69,504.71,2,0,86,debit,mobile,fashion,2,0,Yes
34,281.38,1,1,52,cod,mobile,sports,2,18,Yes
6,39.71,3,1,111,credit,desktop,food,2,5,Yes
53,773.73,6,0,109,debit,desktop,food,1,7,Yes
66,649.86,1,1,86,credit,desktop,fashion,5,3,No
43,1186.6,6,1,43,credit,mobile,home,4,4,No
23,186.81,7,0,42,cod,mobile,food,5,6,No
55,437.31,3,3,90,cod,mobile,electronics,1,3,Yes
16,461.45,3,1,115,ewallet,desktop,electronics,1,19,Yes
8,796.81,2,1,26,ewallet,mobile,home,1,3,No
4,347.87,2,1,151,ewallet,mobile,sports,1,14,Yes
4,148.69,1,0,43,debit,desktop,fashion,2,4,No
56,862.34,7,0,77,ewallet,desktop,electronics,5,8,No
25,405.0,6,0,156,credit,mobile,electronics,3,1,No
67,763.59,7,0,137,ewallet,mobile,home,4,6,No
67,728.66,3,0,20,cod,mobile,sports,1,16,No
27,491.03,1,2,39,ewallet,desktop,sports,5,15,No
32,447.71,4,1,179,debit,desktop,home,1,16,Yes
50,382.53,1,1,12,debit,mobile,electronics,1,19,No
61,495.44,5,2,11,credit,mobile,fashion,1,1,Yes
51,758.93,1,1,154,debit,desktop,electronics,1,10,Yes
19,261.07,7,0,42,ewallet,desktop,sports,1,1,No
21,532.65,5,0,155,cod,mobile,electronics,4,0,No
5,164.41,5,0,11,debit,mobile,fashion,5,1,No
42,201.77,5,1,38,credit,mobile,food,1,8,No
61,490.72,4,0,98,ewallet,mobile,electronics,1,1,Yes
22,88.05,1,1,171,credit,tablet,home,1,14,Yes
21,1118.17,7,0,19,debit,desktop,food,1,9,No
70,142.08,1,1,134,debit,desktop,home,2,14,Yes
1,487.97,4,1,174,credit,mobile,home,2,9,Yes
5,850.47,3,1,116,ewallet,desktop,home,3,16,Yes
12,241.13,2,3,113,debit,mobile,electronics,1,8,Yes
46,190.81,7,1,170,cod,mobile,sports,3,17,Yes
34,366.52,7,2,65,debit,mobile,food,4,3,No
49,237.55,1,2,99,ewallet,mobile,fashion,3,8,Yes
45,182.91,2,1,72,debit,desktop,sports,5,15,No
27,585.47,6,1,52,credit,mobile,electronics,2,3,Yes
26,562.13,6,0,118,debit,mobile,home,2,15,Yes
47,842.7,4,0,175,debit,mobile,fashion,1,18,Yes
56,163.75,6,0,120,ewallet,mobile,food,1,0,Yes
63,20.26,7,0,7,credit,mobile,sports,4,5,No
48,377.98,6,0,11,ewallet,mobile,sports,4,9,No
61,473.5,3,3,103,debit,desktop,fashion,5,15,Yes
26,776.4,3,2,61,cod,mobile,electronics,1,3,Yes
36,923.17,3,1,68,debit,mobile,food,1,12,Yes
1,864.34,6,0,153,ewallet,mobile,fashion,4,15,No
8,582.96,4,0,140,cod,desktop,home,4,19,No
52,739.85,5,0,154,ewallet,mobile,food,4,5,Yes
47,307.85,5,0,102,ewallet,mobile,sports,2,10,Yes
56,550.52,2,0,110,credit,mobile,fashion,3,2,No
14,142.61,5,0,140,cod,mobile,sports,3,19,No
28,518.81,5,2,171,debit,mobile,sports,1,9,Yes
2,526.59,3,1,51,ewallet,desktop,sports,2,0,Yes
26,1016.64,3,0,117,debit,desktop,electronics,4,19,No
14,431.31,6,0,165,credit,mobile,sports,1,10,Yes
59,527.01,2,0,46,credit,desktop,home,2,11,No
56,571.09,1,0,53,cod,desktop,home,5,13,No
7,363.55,7,2,88,credit,mobile,food,2,7,Yes
3,259.25,2,0,121,credit,mobile,sports,1,10,Yes
23,889.64,2,0,13,debit,mobile,sports,3,3,No
18,205.72,4,0,89,credit,mobile,fashion,4,6,No
38,101.62,6,0,125,credit,desktop,electronics,5,9,No
15,704.08,4,1,118,ewallet,desktop,food,2,18,Yes
64,847.34,2,1,54,credit,tablet,sports,1,3,Yes
28,364.58,2,1,116,ewallet,desktop,fashion,1,1,Yes
39,369.18,2,0,118,credit,mobile,electronics,4,17,No
57,584.76,5,0,4,credit,mobile,food,1,13,No
17,287.64,7,0,75,cod,desktop,food,1,15,No
44,265.49,7,2,49,cod,mobile,sports,4,10,No
25,763.88,4,0,7,ewallet,desktop,food,5,9,No
17,682.14,2,0,110,credit,desktop,fashion,3,16,No
13,893.35,7,1,122,debit,desktop,food,3,13,No
25,124.22,3,1,11,cod,desktop,home,2,3,No
68,349.26,7,0,92,debit,mobile,fashion,5,18,No
10,584.35,6,0,173,cod,desktop,electronics,2,1,Yes
67,222.31,6,0,23,cod,desktop,electronics,3,6,No
18,692.51,7,2,28,credit,mobile,sports,4,8,No
34,867.39,3,0,111,cod,desktop,sports,1,18,Yes
8,324.99,6,2,57,debit,mobile,home,3,15,No
40,511.58,5,0,26,cod,tablet,electronics,5,15,No
42,936.69,7,2,153,ewallet,mobile,electronics,3,17,Yes
41,1039.78,5,1,54,credit,mobile,electronics,5,10,No
6,723.74,7,0,29,credit,mobile,electronics,5,6,No
52,678.03,1,2,97,ewallet,desktop,food,5,8,No
26,243.88,1,0,164,ewallet,mobile,fashion,2,3,Yes
64,607.76,1,2,14,ewallet,mobile,fashion,4,12,No
59,667.05,6,1,78,cod,mobile,home,3,3,No
56,436.89,5,0,35,credit,tablet,food,4,18,No
59,321.57,5,1,30,ewallet,mobile,electronics,1,1,Yes
70,115.61,5,3,92,cod,mobile,electronics,3,8,Yes
33,21.32,3,0,17,ewallet,desktop,sports,4,11,No
53,84.37,5,0,158,debit,mobile,sports,4,1,No
22,673.83,3,1,93,debit,tablet,home,1,5,Yes
21,544.31,1,1,173,credit,mobile,electronics,5,4,Yes
70,354.86,1,0,79,cod,desktop,home,3,4,No
70,400.56,6,0,110,debit,mobile,food,3,19,No
4,563.14,7,0,179,debit,mobile,fashion,1,4,Yes
62,450.63,1,0,102,cod,desktop,electronics,5,3,No
62,97.83,7,0,106,ewallet,mobile,food,3,8,No
24,773.9,7,2,47,cod,desktop,electronics,3,9,No
55,591.24,6,0,64,ewallet,mobile,sports,3,15,No
9,579.77,2,1,166,debit,mobile,home,5,9,Yes
3,751.27,2,0,64,debit,mobile,sports,1,9,Yes
31,255.91,4,0,87,debit,tablet,fashion,3,18,No
40,864.12,6,0,7,credit,mobile,sports,4,9,No
36,457.99,4,0,22,credit,mobile,electronics,5,5,No
24,766.58,4,1,81,credit,mobile,sports,2,16,Yes
6,720.33,2,2,169,cod,mobile,electronics,1,4,Yes
66,188.36,6,1,74,debit,mobile,fashion,4,5,No
4,650.87,2,3,138,debit,tablet,sports,3,14,Yes
6,597.88,4,2,135,cod,mobile,home,2,18,Yes
51,509.09,6,0,125,credit,desktop,home,1,17,Yes
62,471.69,4,1,50,cod,mobile,home,5,3,No
57,474.23,5,1,52,credit,desktop,sports,2,7,Yes
66,743.81,7,0,161,debit,tablet,sports,2,15,Yes
8,673.37,6,1,1,ewallet,mobile,sports,4,18,No
26,509.14,6,0,162,credit,tablet,electronics,1,19,Yes
51,52.42,7,0,4,debit,mobile,fashion,4,2,No
45,648.33,4,1,145,debit,tablet,home,4,9,Yes
44,717.08,5,0,132,ewallet,desktop,electronics,3,1,No
5,1190.12,3,0,171,debit,mobile,home,5,3,Yes
70,822.63,7,2,4,debit,mobile,electronics,2,5,Yes
26,69.75,2,1,1,credit,mobile,sports,1,10,No
68,523.53,4,0,71,credit,mobile,home,5,13,No
19,1043.41,7,1,178,ewallet,mobile,sports,5,15,Yes
20,687.06,7,0,35,ewallet,mobile,home,1,18,No
12,598.6,6,0,8,debit,mobile,food,5,1,No
47,770.07,2,3,152,credit,desktop,electronics,3,16,Yes
1,313.29,2,1,36,ewallet,mobile,food,5,8,No
14,643.43,2,0,178,ewallet,mobile,electronics,3,16,Yes
64,424.86,7,1,123,cod,desktop,fashion,2,14,Yes
38,494.11,3,2,43,ewallet,mobile,home,2,6,Yes
37,748.54,1,0,27,debit,mobile,fashion,4,18,No
11,221.99,4,0,32,credit,mobile,fashion,3,2,No
3,886.39,1,0,78,ewallet,tablet,electronics,2,0,Yes
33,373.16,7,1,121,cod,desktop,food,5,3,Yes
6,578.2,1,1,146,credit,mobile,sports,1,17,Yes
50,79.85,7,1,156,ewallet,desktop,electronics,1,7,Yes
10,715.95,1,2,157,cod,mobile,sports,3,18,Yes
5,933.95,2,1,16,ewallet,desktop,fashion,4,5,No
23,345.61,5,0,99,credit,desktop,sports,5,0,No
10,166.93,2,0,47,credit,desktop,food,3,7,No
44,583.39,2,0,31,credit,mobile,electronics,1,0,No
2,936.44,6,0,4,debit,mobile,food,3,18,No
13,65.04,6,1,165,ewallet,mobile,food,5,10,Yes
40,168.11,1,2,17,debit,desktop,electronics,2,14,Yes
2,363.74,7,0,39,credit,mobile,food,5,10,No
65,253.9,2,0,48,cod,desktop,home,2,18,No
63,254.84,1,1,174,ewallet,tablet,home,2,9,Yes
17,128.24,6,0,176,debit,mobile,home,2,11,Yes
9,676.72,5,0,39,ewallet,desktop,sports,3,0,No
15,601.62,4,0,132,cod,desktop,food,1,6,Yes
24,9.65,1,0,30,debit,tablet,electronics,3,16,No
38,937.16,5,2,158,credit,tablet,electronics,1,9,Yes
35,1004.33,4,0,22,debit,desktop,sports,5,5,No
49,274.73,3,0,66,ewallet,mobile,electronics,4,16,No
69,849.96,1,0,108,ewallet,desktop,home,5,17,No
62,328.1,1,3,12,ewallet,mobile,food,3,4,No
60,554.33,3,0,36,ewallet,desktop,electronics,3,17,No
50,249.27,3,0,18,credit,tablet,electronics,1,16,No
9,1164.28,1,0,90,debit,mobile,fashion,3,15,No
34,411.19,3,0,1,credit,desktop,fashion,2,7,No
35,537.93,2,0,127,credit,mobile,fashion,3,12,No
1,293.62,4,1,90,credit,mobile,food,1,15,Yes
40,1058.39,4,0,87,ewallet,mobile,home,1,10,Yes
64,1065.98,4,0,90,ewallet,desktop,home,2,5,Yes
22,989.28,2,1,134,ewallet,tablet,home,1,2,Yes
60,786.93,7,0,70,debit,tablet,food,4,0,No
64,312.56,3,0,44,cod,mobile,food,5,17,No
11,748.36,5,0,152,ewallet,desktop,fashion,3,4,No
14,497.89,3,3,86,debit,desktop,electronics,4,12,Yes
60,893.72,1,0,19,ewallet,mobile,sports,3,9,No
30,834.77,6,2,101,ewallet,mobile,sports,4,4,No
35,305.22,4,1,146,credit,mobile,electronics,3,13,Yes
37,784.35,3,0,95,credit,tablet,fashion,2,16,Yes
5,704.61,5,3,101,credit,desktop,electronics,1,0,Yes
26,332.07,1,0,30,debit,desktop,electronics,1,1,No
62,740.28,2,0,170,cod,mobile,sports,2,6,Yes
4,370.46,7,1,33,cod,desktop,fashion,4,9,No
42,234.19,2,1,12,debit,mobile,food,5,19,No
18,247.02,5,1,118,ewallet,mobile,sports,4,6,No
40,459.43,1,0,94,debit,desktop,food,1,15,Yes
39,644.02,4,0,155,ewallet,mobile,fashion,5,4,Yes
14,90.36,3,1,167,debit,desktop,electronics,3,11,Yes
32,556.95,1,0,137,debit,mobile,home,5,16,No
51,673.03,7,0,149,debit,desktop,home,4,15,Yes
38,1058.54,2,0,76,cod,mobile,fashion,2,19,No
23,176.99,7,0,29,credit,mobile,home,3,15,No
63,395.12,7,2,161,debit,mobile,food,4,18,Yes
15,578.5,5,0,117,cod,mobile,home,3,14,No
25,844.22,5,3,15,credit,tablet,fashion,5,11,No
17,408.73,3,0,2,credit,mobile,fashion,1,9,No
66,859.59,5,1,117,debit,desktop,food,4,1,Yes
53,81.21,5,0,172,ewallet,tablet,home,2,6,Yes
51,124.0,1,0,18,ewallet,mobile,home,5,12,No
39,604.59,4,0,3,ewallet,mobile,electronics,4,2,No
51,76.75,3,0,135,debit,desktop,sports,2,14,Yes
70,147.66,1,0,171,ewallet,tablet,fashion,4,0,Yes
6,341.67,4,4,166,cod,tablet,electronics,5,2,Yes
67,731.43,7,1,165,cod,mobile,fashion,4,9,Yes
7,68.79,1,0,161,cod,desktop,electronics,3,14,Yes
51,551.09,6,0,108,cod,mobile,sports,5,5,No
42,809.89,1,0,95,credit,tablet,electronics,4,19,No
64,441.52,5,0,122,cod,tablet,fashion,1,14,Yes
15,389.35,4,1,11,ewallet,mobile,home,4,6,No
29,620.53,3,2,68,debit,mobile,fashion,3,4,No
33,442.37,3,0,123,ewallet,mobile,food,2,3,Yes
27,917.15,4,0,113,cod,mobile,food,2,17,Yes
36,166.58,5,0,98,credit,desktop,food,2,2,Yes
29,484.51,2,1,93,cod,mobile,food,1,16,Yes
38,561.71,1,0,22,debit,mobile,sports,3,17,No
57,386.46,5,1,172,ewallet,mobile,home,5,17,Yes
27,361.38,6,1,127,debit,tablet,home,2,1,Yes
55,451.73,7,0,134,debit,desktop,fashion,3,12,No
33,770.05,4,1,170,debit,mobile,electronics,4,14,Yes
68,733.43,1,0,25,ewallet,mobile,fashion,1,4,No
66,606.43,3,1,85,cod,tablet,fashion,3,2,No
10,170.64,7,0,55,debit,desktop,fashion,3,4,No
5,618.59,2,0,144,ewallet,mobile,fashion,5,4,No
38,327.97,6,2,95,credit,mobile,home,3,4,No
13,606.04,3,2,142,ewallet,mobile,electronics,5,2,Yes
31,536.45,4,1,167,credit,mobile,fashion,1,2,Yes
47,207.09,1,0,156,ewallet,mobile,home,1,19,Yes
52,232.26,4,1,179,cod,tablet,fashion,4,17,Yes
56,606.51,7,0,119,debit,mobile,food,5,19,No
15,433.67,1,2,177,cod,desktop,fashion,5,3,Yes
29,247.92,5,0,9,ewallet,mobile,fashion,2,0,No
8,223.15,2,3,173,debit,desktop,sports,2,15,Yes
5,408.85,5,2,150,credit,desktop,food,4,7,Yes
29,970.43,5,1,160,ewallet,mobile,electronics,1,16,Yes
47,342.18,4,0,42,debit,mobile,fashion,2,7,No
68,495.79,7,0,53,credit,desktop,electronics,3,6,No
45,530.49,2,2,74,credit,mobile,food,1,7,Yes
2,160.69,1,0,39,cod,mobile,fashion,3,11,No
27,28.85,1,2,122,ewallet,mobile,sports,5,15,Yes
36,192.01,6,0,15,credit,tablet,home,1,11,No
36,574.12,3,0,157,debit,mobile,sports,4,18,No
26,526.2,6,2,123,credit,desktop,sports,5,9,Yes
43,710.72,6,1,111,credit,mobile,home,5,6,No
27,529.02,1,0,131,cod,desktop,home,3,11,No
69,467.14,4,0,83,cod,mobile,home,5,19,No
20,318.8,5,0,10,debit,desktop,fashion,2,4,No
11,765.38,7,1,92,cod,mobile,electronics,1,15,Yes
38,224.25,5,0,29,credit,desktop,electronics,2,8,No
6,166.88,5,2,35,credit,desktop,home,3,6,No
23,670.12,2,2,6,cod,mobile,sports,3,19,No
47,100.05,1,0,140,credit,mobile,food,1,13,Yes
46,1224.44,7,1,111,credit,mobile,home,5,10,No
12,524.0,4,0,38,debit,mobile,sports,4,6,No
13,604.37,2,0,77,cod,desktop,sports,3,9,No
62,257.47,3,3,93,credit,mobile,fashion,1,8,Yes
60,405.42,4,0,147,cod,mobile,fashion,4,3,No
43,371.97,6,0,67,debit,desktop,electronics,5,15,No
68,337.45,4,0,136,cod,mobile,electronics,3,9,No
5,689.89,4,0,8,credit,mobile,food,1,18,No
37,365.13,5,0,122,cod,mobile,food,1,16,Yes
31,805.25,4,1,84,credit,tablet,food,1,8,Yes
9,1298.95,6,1,175,credit,desktop,food,3,12,Yes
51,411.34,6,1,132,credit,desktop,sports,4,0,No
29,545.69,1,0,179,debit,mobile,sports,1,1,Yes
40,613.84,4,0,85,cod,desktop,electronics,5,12,No
41,1043.45,5,0,45,debit,mobile,fashion,1,8,No
11,475.21,4,0,136,cod,mobile,fashion,4,6,No
23,251.29,3,0,87,debit,mobile,home,3,15,No
1,120.1,3,0,16,ewallet,mobile,sports,1,18,No
46,482.6,5,0,77,credit,mobile,food,1,6,Yes
21,365.49,1,0,9,credit,mobile,food,5,5,No
36,1103.0,1,2,60,debit,mobile,home,5,17,No
54,1030.96,6,2,78,ewallet,mobile,fashion,1,18,Yes
57,189.69,6,1,77,credit,desktop,food,1,10,Yes
1,286.77,2,2,71,cod,mobile,fashion,5,11,No
63,522.13,5,1,15,debit,desktop,home,4,9,No
54,919.17,4,0,71,credit,mobile,fashion,2,12,No
55,517.1,7,0,102,credit,desktop,fashion,2,11,Yes
40,305.83,5,1,169,debit,mobile,fashion,1,9,Yes
15,482.34,2,1,22,debit,mobile,food,5,19,No
21,311.45,6,1,152,cod,mobile,electronics,3,17,Yes
47,680.74,5,1,113,cod,desktop,sports,3,3,No
53,287.29,5,0,172,credit,desktop,fashion,2,4,Yes
9,346.87,6,1,1,credit,mobile,fashion,4,4,No
52,848.58,2,2,10,debit,mobile,fashion,2,11,Yes
57,269.49,6,0,110,credit,desktop,electronics,1,2,Yes
26,66.16,1,1,113,credit,desktop,home,4,7,No
41,528.5,4,0,50,debit,mobile,food,3,1,No
35,391.86,6,1,12,credit,mobile,electronics,5,17,No
63,653.42,2,1,89,credit,mobile,fashion,5,8,No
25,595.24,3,0,154,ewallet,desktop,electronics,1,12,Yes
38,490.42,1,1,112,cod,mobile,electronics,2,6,Yes
2,481.69,3,0,78,debit,tablet,electronics,1,9,No
7,279.24,7,1,169,ewallet,mobile,home,5,8,Yes
34,525.0,6,0,164,cod,mobile,sports,3,14,Yes
17,764.39,1,1,121,cod,mobile,food,5,4,No
43,207.97,4,0,23,cod,tablet,home,4,11,No
59,498.38,6,1,171,ewallet,desktop,home,5,0,Yes
51,811.52,4,0,134,ewallet,mobile,sports,5,11,No
54,651.63,5,2,171,cod,desktop,home,4,5,Yes
24,892.84,3,2,25,credit,mobile,electronics,2,18,Yes
25,329.56,1,4,18,credit,mobile,electronics,5,18,Yes
71,49.23,4,1,141,ewallet,mobile,fashion,1,15,Yes
52,560.2,2,1,43,ewallet,mobile,home,5,18,No
70,608.77,4,0,78,ewallet,mobile,fashion,1,2,Yes
33,910.53,2,0,28,cod,tablet,food,4,9,No
49,856.44,6,0,146,credit,mobile,electronics,5,17,No
29,661.02,1,1,59,ewallet,tablet,food,4,12,No
63,729.62,4,2,63,ewallet,mobile,sports,4,17,No
22,442.45,7,0,92,debit,desktop,electronics,2,2,Yes
26,134.27,4,2,179,cod,mobile,food,5,2,Yes
28,535.32,7,1,56,debit,mobile,sports,1,11,Yes
49,794.77,1,1,155,credit,mobile,food,1,19,Yes
71,696.91,4,0,160,debit,mobile,sports,5,6,No
49,750.14,2,0,111,debit,desktop,sports,2,7,Yes
20,371.67,4,0,137,debit,mobile,electronics,2,8,Yes
63,420.34,3,1,68,cod,desktop,fashion,2,13,Yes
61,645.03,6,0,46,credit,mobile,sports,1,4,No
49,336.05,5,0,67,debit,mobile,sports,4,18,No
71,345.28,2,2,154,cod,mobile,electronics,2,15,Yes
1,589.39,3,1,136,credit,tablet,fashion,1,11,Yes
13,728.27,7,2,6,ewallet,desktop,home,1,3,Yes
51,440.14,6,0,24,debit,mobile,home,4,7,No
56,151.04,1,0,176,credit,mobile,fashion,5,6,Yes
62,279.26,2,1,94,debit,mobile,food,5,14,No
32,561.1,5,0,173,ewallet,tablet,electronics,2,5,Yes
30,557.46,6,0,13,credit,desktop,fashion,2,4,No
29,572.37,7,0,25,cod,mobile,home,4,13,No
49,656.39,5,0,148,credit,mobile,sports,2,12,Yes
45,501.74,1,0,118,cod,mobile,home,4,9,No
30,579.52,1,0,82,credit,tablet,sports,1,17,Yes
16,486.49,7,0,111,cod,mobile,electronics,2,3,Yes
40,844.62,2,0,82,ewallet,desktop,sports,1,7,Yes
19,929.7,7,1,66,ewallet,mobile,fashion,3,10,No
18,143.3,4,0,45,ewallet,desktop,sports,4,16,No
1,423.42,1,1,114,credit,desktop,food,3,17,No
47,509.82,6,0,175,ewallet,desktop,fashion,2,10,Yes
66,419.93,4,0,63,debit,desktop,electronics,1,15,No
38,1037.88,3,1,76,ewallet,desktop,fashion,2,11,Yes
51,567.19,5,0,114,cod,mobile,food,3,12,No
63,258.39,4,0,111,cod,mobile,electronics,2,15,Yes
4,678.93,5,0,147,cod,mobile,home,5,0,No
1,581.29,7,2,35,credit,tablet,food,3,15,No
8,591.26,4,0,53,debit,mobile,electronics,2,14,No
29,1042.36,7,0,26,ewallet,desktop,sports,1,5,No
55,605.24,3,1,14,debit,desktop,fashion,2,11,No
3,408.9,1,0,118,debit,mobile,electronics,1,7,Yes
32,86.58,3,0,45,cod,mobile,fashion,5,6,No
10,450.38,1,0,172,cod,mobile,sports,2,1,Yes
34,891.79,7,1,51,cod,mobile,electronics,5,11,No
55,472.65,1,0,171,credit,mobile,home,3,13,Yes
32,172.01,5,0,119,debit,mobile,food,1,15,Yes
50,350.49,6,0,151,debit,desktop,electronics,3,10,Yes
7,797.81,3,1,19,credit,tablet,sports,1,19,No
8,663.75,4,0,82,credit,mobile,electronics,5,8,No
65,248.04,3,4,76,credit,mobile,fashion,4,9,Yes
57,330.41,5,0,92,debit,mobile,electronics,2,16,Yes
67,376.79,1,3,33,debit,desktop,home,5,11,No
59,301.19,5,2,147,cod,desktop,electronics,1,5,Yes
54,108.9,2,0,28,cod,mobile,food,1,18,No
67,729.08,2,0,123,debit,mobile,electronics,1,10,Yes
51,877.12,4,0,126,cod,desktop,fashion,1,8,Yes
8,44.47,5,0,177,credit,desktop,electronics,2,5,Yes
34,873.16,7,1,37,ewallet,mobile,home,3,15,No
35,469.09,4,0,154,cod,desktop,sports,4,19,Yes
32,867.54,7,0,99,debit,mobile,electronics,2,15,Yes
