cap_shape,cap_surface,cap_color,bruises,gill_color,stalk_shape,ring_type,spore_color,habitat,odor,poisonous
sunken,fibrous,white,yes,red,enlarging,none,black,paths,pungent,p
sunken,smooth,yellow,no,gray,enlarging,none,white,woods,anise,e
conical,fibrous,gray,no,brown,tapering,none,green,urban,none,e
sunken,scaly,gray,yes,brown,enlarging,flaring,buff,woods,fishy,p
bell,smooth,brown,no,pink,enlarging,evanescent,black,meadows,foul,p
knobbed,grooves,pink,no,gray,tapering,none,buff,woods,fishy,p
knobbed,grooves,white,no,gray,enlarging,large,buff,waste,foul,p
flat,grooves,yellow,no,white,enlarging,pendant,orange,urban,none,e
flat,fibrous,green,yes,pink,enlarging,none,brown,paths,creosote,p
knobbed,scaly,brown,no,orange,enlarging,none,green,grasses,none,e
bell,fibrous,brown,no,gray,enlarging,pendant,brown,grasses,creosote,p
bell,fibrous,green,no,black,enlarging,pendant,orange,paths,fishy,p
conical,grooves,white,no,pink,tapering,flaring,chocolate,grasses,none,e
knobbed,fibrous,white,no,brown,enlarging,pendant,chocolate,urban,anise,e
knobbed,smooth,red,no,brown,tapering,evanescent,purple,paths,none,e
flat,smooth,green,yes,pink,tapering,large,purple,leaves,creosote,p
conical,fibrous,green,no,buff,tapering,none,brown,meadows,foul,p
knobbed,smooth,green,no,brown,enlarging,flaring,chocolate,leaves,musty,p
flat,scaly,green,no,white,tapering,none,chocolate,woods,foul,p
flat,grooves,white,yes,black,tapering,evanescent,orange,urban,musty,p
flat,fibrous,white,yes,brown,tapering,none,brown,paths,fishy,p
flat,scaly,pink,no,pink,tapering,large,orange,woods,fishy,p
bell,fibrous,pink,no,red,tapering,evanescent,brown,woods,pungent,p
sunken,scaly,brown,yes,brown,tapering,none,brown,woods,none,e
flat,grooves,brown,no,white,tapering,pendant,chocolate,meadows,anise,e
bell,scaly,red,yes,white,tapering,pendant,white,woods,pungent,p
sunken,fibrous,green,yes,buff,tapering,large,white,leaves,anise,e
bell,scaly,red,no,brown,tapering,evanescent,green,urban,fishy,p
sunken,fibrous,red,yes,white,enlarging,flaring,orange,waste,almond,e
bell,fibrous,white,yes,black,enlarging,pendant,buff,urban,pungent,p
conical,smooth,yellow,yes,gray,enlarging,pendant,buff,woods,almond,e
bell,smooth,red,no,red,tapering,none,green,grasses,none,e
conical,scaly,red,yes,gray,tapering,evanescent,brown,woods,foul,p
sunken,smooth,pink,no,white,enlarging,pendant,black,meadows,anise,e
knobbed,smooth,green,yes,brown,enlarging,none,black,meadows,almond,e
knobbed,fibrous,brown,yes,pink,tapering,flaring,brown,leaves,pungent,p
flat,grooves,gray,no,gray,enlarging,flaring,buff,meadows,anise,e
sunken,smooth,pink,no,orange,tapering,pendant,white,leaves,pungent,p
bell,scaly,red,no,orange,enlarging,pendant,black,paths,foul,p
flat,fibrous,white,yes,black,enlarging,pendant,green,paths,creosote,p
bell,scaly,gray,yes,brown,tapering,evanescent,black,paths,fishy,p
knobbed,grooves,yellow,no,gray,tapering,pendant,green,leaves,none,e
flat,smooth,green,yes,white,tapering,none,black,woods,anise,e
sunken,scaly,green,no,gray,enlarging,flaring,white,waste,foul,p
sunken,scaly,red,no,black,tapering,evanescent,buff,waste,almond,e
flat,fibrous,yellow,no,orange,tapering,flaring,brown,leaves,foul,p
flat,scaly,pink,yes,red,tapering,evanescent,purple,paths,pungent,p
bell,smooth,gray,yes,red,enlarging,flaring,white,paths,pungent,p
bell,scaly,red,no,brown,enlarging,pendant,purple,woods,pungent,p
sunken,fibrous,white,yes,orange,enlarging,pendant,orange,meadows,anise,e
sunken,smooth,gray,no,white,tapering,none,black,meadows,none,e
flat,smooth,yellow,no,black,enlarging,pendant,orange,leaves,none,e
conical,grooves,pink,yes,brown,enlarging,flaring,black,grasses,foul,p
flat,scaly,white,no,black,tapering,none,white,waste,fishy,p
flat,grooves,white,yes,black,enlarging,flaring,orange,grasses,musty,p
knobbed,grooves,yellow,yes,red,tapering,large,white,meadows,foul,p
flat,fibrous,white,yes,gray,enlarging,none,purple,woods,musty,p
knobbed,scaly,brown,no,orange,enlarging,none,white,urban,musty,p
bell,fibrous,white,no,black,tapering,evanescent,orange,grasses,foul,p
conical,grooves,white,no,pink,enlarging,flaring,purple,leaves,fishy,p
flat,fibrous,gray,yes,black,enlarging,flaring,white,woods,musty,p
bell,scaly,green,no,pink,tapering,flaring,orange,urban,foul,p
flat,fibrous,white,no,brown,enlarging,pendant,white,leaves,anise,e
flat,grooves,gray,no,brown,enlarging,evanescent,brown,meadows,none,e
bell,grooves,white,yes,white,tapering,evanescent,green,waste,musty,p
flat,scaly,gray,yes,orange,enlarging,flaring,orange,leaves,almond,e
conical,scaly,green,yes,orange,tapering,pendant,white,grasses,almond,e
flat,grooves,green,no,pink,enlarging,flaring,black,paths,almond,e
knobbed,grooves,gray,no,red,enlarging,pendant,chocolate,leaves,fishy,p
bell,scaly,gray,yes,orange,enlarging,large,purple,grasses,fishy,p
knobbed,fibrous,gray,yes,red,enlarging,evanescent,white,paths,musty,p
conical,scaly,pink,yes,pink,enlarging,large,green,leaves,none,e
flat,fibrous,green,no,red,enlarging,none,green,urban,musty,p
bell,fibrous,white,no,pink,enlarging,evanescent,white,leaves,musty,p
bell,scaly,red,no,gray,tapering,large,green,leaves,musty,p
knobbed,scaly,green,no,gray,tapering,large,orange,leaves,none,e
conical,scaly,yellow,no,black,tapering,none,orange,urban,fishy,p
knobbed,fibrous,pink,no,brown,enlarging,pendant,white,leaves,anise,e
sunken,fibrous,gray,yes,red,enlarging,none,purple,woods,musty,p
conical,scaly,white,no,gray,enlarging,pendant,chocolate,urban,creosote,p
flat,fibrous,gray,no,buff,enlarging,none,chocolate,leaves,musty,p
sunken,fibrous,pink,yes,white,enlarging,evanescent,white,woods,anise,e
knobbed,fibrous,brown,yes,orange,tapering,large,white,paths,pungent,p
knobbed,scaly,pink,yes,brown,enlarging,large,white,paths,musty,p
conical,grooves,gray,no,white,enlarging,pendant,buff,urban,almond,e
conical,smooth,green,yes,white,tapering,none,purple,paths,none,e
knobbed,scaly,green,no,pink,enlarging,flaring,buff,leaves,almond,e
bell,fibrous,white,yes,black,enlarging,evanescent,buff,grasses,creosote,p
flat,fibrous,green,yes,brown,tapering,flaring,white,grasses,musty,p
conical,fibrous,brown,no,brown,tapering,large,purple,leaves,none,e
bell,scaly,red,no,black,enlarging,none,white,paths,musty,p
knobbed,fibrous,red,no,white,enlarging,pendant,brown,meadows,fishy,p
knobbed,smooth,gray,no,white,tapering,pendant,orange,grasses,almond,e
bell,smooth,green,yes,gray,enlarging,pendant,chocolate,paths,musty,p
knobbed,fibrous,green,no,white,enlarging,large,brown,waste,pungent,p
flat,grooves,green,no,buff,tapering,evanescent,brown,waste,anise,e
bell,grooves,yellow,no,pink,tapering,flaring,chocolate,urban,foul,p
flat,fibrous,white,no,gray,tapering,large,chocolate,paths,creosote,p
conical,smooth,green,no,pink,enlarging,none,white,grasses,foul,p
sunken,scaly,pink,yes,white,tapering,pendant,buff,woods,pungent,p
flat,fibrous,gray,no,orange,enlarging,none,black,meadows,creosote,p
sunken,fibrous,pink,yes,white,tapering,large,orange,meadows,creosote,p
knobbed,fibrous,yellow,yes,pink,enlarging,none,brown,grasses,anise,e
flat,grooves,brown,yes,white,tapering,flaring,chocolate,leaves,almond,e
flat,scaly,white,yes,buff,tapering,pendant,chocolate,grasses,fishy,p
knobbed,scaly,gray,yes,buff,tapering,flaring,white,urban,none,e
flat,grooves,green,no,gray,enlarging,pendant,purple,paths,almond,e
knobbed,grooves,yellow,no,gray,enlarging,pendant,purple,grasses,foul,p
conical,grooves,green,no,orange,enlarging,none,orange,urban,almond,e
bell,grooves,pink,no,orange,tapering,none,purple,woods,foul,p
flat,grooves,red,yes,pink,tapering,pendant,buff,leaves,musty,p
conical,scaly,pink,yes,brown,tapering,pendant,purple,meadows,musty,p
bell,scaly,red,yes,black,enlarging,none,buff,leaves,fishy,p
flat,grooves,gray,no,gray,enlarging,none,purple,woods,pungent,p
conical,smooth,gray,yes,white,enlarging,large,white,grasses,fishy,p
flat,grooves,gray,yes,pink,tapering,none,brown,meadows,musty,p
bell,smooth,brown,no,black,tapering,flaring,purple,paths,creosote,p
flat,scaly,white,no,gray,tapering,large,white,grasses,almond,e
knobbed,scaly,gray,yes,red,tapering,flaring,black,waste,anise,e
conical,scaly,white,no,white,tapering,large,black,woods,musty,p
flat,grooves,yellow,no,red,tapering,large,purple,meadows,anise,e
knobbed,scaly,pink,yes,buff,tapering,pendant,green,grasses,pungent,p
bell,scaly,pink,no,pink,enlarging,large,green,paths,fishy,p
bell,grooves,red,yes,white,enlarging,evanescent,buff,grasses,fishy,p
knobbed,grooves,gray,no,orange,enlarging,large,orange,urban,none,e
bell,smooth,white,yes,white,enlarging,large,orange,leaves,foul,p
knobbed,grooves,red,yes,buff,enlarging,flaring,brown,grasses,almond,e
bell,fibrous,pink,yes,gray,tapering,large,purple,waste,musty,p
sunken,scaly,green,yes,pink,tapering,none,green,woods,foul,p
sunken,fibrous,gray,yes,orange,tapering,flaring,brown,woods,creosote,p
flat,fibrous,yellow,yes,brown,enlarging,flaring,black,waste,musty,p
bell,grooves,white,no,white,enlarging,flaring,white,waste,almond,e
sunken,smooth,white,yes,red,tapering,flaring,buff,urban,pungent,p
knobbed,scaly,white,no,orange,enlarging,none,white,urban,none,e
bell,smooth,yellow,yes,orange,enlarging,flaring,brown,waste,pungent,p
conical,scaly,brown,yes,pink,enlarging,flaring,orange,grasses,musty,p
knobbed,grooves,brown,yes,gray,tapering,none,white,waste,fishy,p
sunken,scaly,green,no,black,enlarging,large,black,meadows,fishy,p
sunken,smooth,white,no,orange,enlarging,evanescent,black,woods,almond,e
sunken,fibrous,yellow,no,gray,tapering,large,white,meadows,creosote,p
flat,scaly,red,no,white,enlarging,none,white,leaves,foul,p
flat,scaly,red,no,pink,tapering,large,brown,meadows,creosote,p
conical,grooves,red,yes,orange,enlarging,flaring,brown,paths,musty,p
conical,fibrous,gray,yes,gray,tapering,none,green,grasses,anise,e
knobbed,fibrous,red,yes,buff,enlarging,none,green,woods,almond,e
conical,grooves,yellow,no,white,tapering,evanescent,purple,meadows,fishy,p
knobbed,grooves,white,no,white,enlarging,evanescent,white,paths,anise,e
bell,scaly,brown,no,red,tapering,large,chocolate,waste,creosote,p
flat,grooves,brown,yes,pink,enlarging,flaring,white,paths,creosote,p
sunken,scaly,white,no,red,enlarging,evanescent,white,urban,fishy,p
knobbed,smooth,brown,no,gray,tapering,large,white,meadows,anise,e
conical,scaly,white,yes,white,enlarging,large,white,leaves,pungent,p
bell,grooves,white,yes,buff,enlarging,pendant,orange,paths,musty,p
conical,grooves,red,yes,buff,enlarging,pendant,black,waste,none,e
sunken,scaly,gray,no,black,enlarging,flaring,white,meadows,creosote,p
bell,smooth,white,no,red,enlarging,pendant,chocolate,grasses,none,e
conical,fibrous,yellow,no,buff,tapering,flaring,green,leaves,pungent,p
knobbed,smooth,brown,no,gray,enlarging,flaring,black,meadows,foul,p
conical,fibrous,pink,yes,black,enlarging,none,brown,grasses,foul,p
flat,scaly,brown,yes,red,tapering,large,black,paths,foul,p
flat,grooves,gray,no,black,enlarging,pendant,brown,paths,none,e
bell,fibrous,brown,no,black,enlarging,evanescent,buff,grasses,anise,e
flat,smooth,green,yes,red,enlarging,flaring,brown,meadows,fishy,p
conical,grooves,yellow,no,buff,enlarging,flaring,black,paths,none,e
sunken,grooves,green,yes,gray,enlarging,large,purple,waste,almond,e
flat,grooves,green,yes,orange,tapering,large,green,meadows,foul,p
knobbed,fibrous,brown,no,white,enlarging,pendant,white,paths,musty,p
conical,fibrous,white,no,red,enlarging,pendant,brown,urban,fishy,p
flat,smooth,gray,yes,orange,tapering,flaring,purple,waste,creosote,p
bell,grooves,yellow,yes,black,enlarging,none,chocolate,woods,almond,e
sunken,scaly,yellow,no,brown,tapering,evanescent,buff,paths,creosote,p
sunken,grooves,yellow,no,red,enlarging,evanescent,orange,woods,pungent,p
sunken,smooth,red,no,pink,enlarging,flaring,buff,paths,musty,p
sunken,grooves,gray,no,pink,tapering,large,brown,urban,anise,e
knobbed,scaly,pink,yes,orange,tapering,flaring,white,woods,musty,p
flat,fibrous,white,yes,gray,enlarging,flaring,chocolate,waste,none,e
sunken,scaly,pink,yes,black,enlarging,evanescent,chocolate,waste,none,e
knobbed,scaly,gray,yes,brown,tapering,flaring,purple,leaves,anise,e
knobbed,scaly,brown,no,red,enlarging,flaring,black,woods,none,e
sunken,grooves,green,yes,gray,tapering,large,purple,urban,anise,e
sunken,fibrous,yellow,yes,pink,enlarging,none,orange,waste,fishy,p
knobbed,fibrous,green,no,brown,tapering,evanescent,buff,leaves,creosote,p
knobbed,scaly,white,no,red,tapering,none,brown,paths,none,e
bell,fibrous,red,yes,orange,tapering,large,chocolate,leaves,anise,e
knobbed,scaly,brown,yes,brown,enlarging,pendant,brown,grasses,anise,e
bell,scaly,red,no,buff,tapering,flaring,black,grasses,anise,e
conical,grooves,gray,no,buff,enlarging,none,brown,grasses,creosote,p
conical,smooth,yellow,no,red,tapering,flaring,brown,urban,anise,e
bell,fibrous,white,no,black,tapering,flaring,orange,grasses,almond,e
conical,scaly,red,no,red,enlarging,evanescent,chocolate,meadows,creosote,p
knobbed,fibrous,pink,no,pink,enlarging,none,orange,grasses,none,e
knobbed,smooth,red,no,red,tapering,pendant,chocolate,paths,anise,e
sunken,fibrous,green,yes,buff,tapering,evanescent,chocolate,waste,none,e
flat,fibrous,pink,yes,brown,enlarging,flaring,green,woods,none,e
sunken,scaly,green,yes,buff,enlarging,none,black,grasses,creosote,p
sunken,grooves,gray,no,pink,tapering,none,purple,leaves,foul,p
flat,scaly,red,yes,black,enlarging,evanescent,purple,paths,almond,e
bell,grooves,white,yes,orange,tapering,pendant,chocolate,paths,musty,p
knobbed,fibrous,red,yes,red,enlarging,evanescent,white,grasses,creosote,p
flat,smooth,red,yes,black,enlarging,pendant,green,waste,almond,e
knobbed,fibrous,brown,no,black,tapering,evanescent,black,leaves,fishy,p
bell,smooth,white,yes,white,enlarging,none,purple,paths,anise,e
conical,smooth,brown,no,red,enlarging,flaring,orange,paths,musty,p
sunken,fibrous,pink,no,brown,enlarging,pendant,black,meadows,fishy,p
sunken,fibrous,green,no,pink,tapering,none,buff,urban,musty,p
knobbed,grooves,yellow,no,pink,tapering,pendant,purple,leaves,fishy,p
flat,scaly,gray,yes,brown,tapering,pendant,chocolate,grasses,fishy,p
conical,grooves,brown,no,gray,enlarging,pendant,buff,paths,creosote,p
knobbed,scaly,yellow,no,pink,enlarging,evanescent,green,paths,musty,p
sunken,smooth,green,yes,white,tapering,pendant,white,urban,pungent,p
knobbed,fibrous,red,no,buff,enlarging,flaring,purple,waste,none,e
knobbed,fibrous,red,yes,orange,enlarging,pendant,white,grasses,musty,p
sunken,scaly,yellow,yes,white,tapering,evanescent,green,meadows,musty,p
conical,smooth,yellow,no,gray,enlarging,pendant,green,woods,none,e
knobbed,smooth,green,no,brown,enlarging,evanescent,purple,meadows,none,e
flat,smooth,yellow,yes,orange,enlarging,none,orange,leaves,almond,e
flat,fibrous,red,no,brown,tapering,flaring,brown,urban,pungent,p
bell,grooves,white,no,red,tapering,evanescent,black,waste,anise,e
bell,smooth,brown,no,buff,enlarging,large,brown,waste,creosote,p
bell,scaly,gray,yes,black,enlarging,large,white,urban,anise,e
flat,smooth,brown,no,white,enlarging,none,orange,woods,pungent,p
conical,scaly,red,no,orange,enlarging,pendant,chocolate,paths,musty,p
knobbed,scaly,gray,no,orange,enlarging,flaring,purple,paths,almond,e
flat,grooves,yellow,yes,gray,enlarging,none,orange,paths,fishy,p
bell,scaly,yellow,no,orange,tapering,pendant,buff,paths,pungent,p
bell,scaly,red,no,red,tapering,none,brown,grasses,foul,p
knobbed,fibrous,gray,yes,orange,enlarging,pendant,green,grasses,pungent,p
bell,scaly,pink,yes,brown,enlarging,pendant,orange,leaves,anise,e
sunken,smooth,yellow,yes,buff,enlarging,large,buff,woods,creosote,p
conical,grooves,red,no,gray,tapering,none,purple,woods,fishy,p
sunken,grooves,pink,yes,white,tapering,pendant,orange,meadows,musty,p
flat,fibrous,brown,no,brown,enlarging,flaring,green,leaves,anise,e
knobbed,grooves,brown,yes,gray,enlarging,flaring,black,paths,creosote,p
conical,fibrous,yellow,no,gray,tapering,none,green,urban,anise,e
conical,fibrous,brown,yes,buff,tapering,evanescent,white,grasses,pungent,p
sunken,grooves,red,no,buff,enlarging,large,green,woods,pungent,p
bell,scaly,green,no,pink,enlarging,large,black,woods,pungent,p
flat,smooth,pink,no,red,enlarging,flaring,chocolate,grasses,none,e
bell,grooves,pink,yes,black,enlarging,large,chocolate,waste,none,e
conical,grooves,pink,yes,brown,tapering,none,brown,woods,none,e
bell,grooves,white,yes,buff,enlarging,evanescent,black,woods,none,e
flat,fibrous,red,yes,gray,tapering,none,chocolate,woods,foul,p
conical,fibrous,pink,yes,white,enlarging,flaring,orange,waste,creosote,p
bell,grooves,pink,no,gray,tapering,large,black,grasses,creosote,p
knobbed,grooves,pink,no,gray,enlarging,none,white,waste,musty,p
bell,fibrous,red,no,red,tapering,evanescent,buff,grasses,creosote,p
knobbed,grooves,red,yes,brown,tapering,pendant,purple,urban,almond,e
sunken,grooves,white,yes,pink,tapering,large,purple,waste,anise,e
flat,fibrous,green,yes,orange,enlarging,large,white,leaves,almond,e
knobbed,smooth,pink,yes,black,enlarging,pendant,chocolate,grasses,anise,e
flat,grooves,white,yes,gray,enlarging,large,green,paths,foul,p
sunken,fibrous,green,yes,black,tapering,none,brown,paths,musty,p
bell,scaly,pink,no,orange,enlarging,flaring,purple,leaves,anise,e
bell,scaly,pink,no,black,tapering,large,orange,leaves,none,e
knobbed,smooth,brown,yes,brown,tapering,flaring,chocolate,waste,fishy,p
sunken,smooth,white,yes,brown,enlarging,flaring,orange,leaves,foul,p
bell,fibrous,brown,yes,pink,enlarging,none,chocolate,woods,creosote,p
conical,smooth,green,no,pink,tapering,pendant,buff,leaves,musty,p
sunken,grooves,red,no,white,enlarging,large,black,urban,creosote,p
conical,scaly,yellow,no,gray,tapering,evanescent,purple,waste,none,e
conical,grooves,green,yes,black,enlarging,large,white,woods,foul,p
sunken,grooves,brown,yes,buff,tapering,none,purple,grasses,none,e
bell,grooves,gray,yes,orange,enlarging,none,white,woods,almond,e
sunken,fibrous,red,no,brown,enlarging,pendant,orange,urban,pungent,p
bell,scaly,gray,yes,brown,enlarging,flaring,green,woods,creosote,p
flat,scaly,yellow,no,orange,tapering,evanescent,purple,woods,anise,e
conical,grooves,red,yes,white,tapering,large,orange,woods,creosote,p
knobbed,grooves,brown,no,buff,enlarging,evanescent,white,waste,creosote,p
sunken,fibrous,gray,no,buff,enlarging,flaring,green,urban,anise,e
knobbed,scaly,white,no,gray,enlarging,flaring,buff,grasses,none,e
flat,scaly,yellow,no,orange,enlarging,evanescent,black,urban,creosote,p
flat,fibrous,gray,yes,pink,enlarging,none,brown,leaves,anise,e
conical,grooves,white,no,white,enlarging,flaring,black,meadows,creosote,p
knobbed,scaly,pink,yes,buff,tapering,large,green,paths,pungent,p
flat,grooves,gray,no,white,enlarging,evanescent,purple,leaves,fishy,p
conical,smooth,pink,yes,buff,tapering,flaring,brown,waste,none,e
sunken,smooth,brown,yes,brown,enlarging,none,green,leaves,anise,e
sunken,grooves,gray,yes,black,tapering,evanescent,orange,grasses,musty,p
knobbed,scaly,pink,no,orange,tapering,none,chocolate,waste,pungent,p
conical,scaly,yellow,yes,white,enlarging,large,green,meadows,musty,p
conical,smooth,gray,no,orange,enlarging,pendant,orange,grasses,musty,p
conical,scaly,brown,yes,white,enlarging,evanescent,buff,leaves,musty,p
bell,scaly,gray,no,brown,tapering,large,chocolate,waste,creosote,p
flat,smooth,white,no,red,enlarging,none,black,urban,almond,e
conical,scaly,gray,yes,gray,tapering,none,chocolate,waste,fishy,p
bell,grooves,white,no,brown,enlarging,none,orange,paths,musty,p
bell,scaly,green,yes,red,tapering,evanescent,black,waste,none,e
sunken,fibrous,yellow,no,gray,enlarging,large,black,paths,musty,p
flat,fibrous,green,no,red,enlarging,none,buff,leaves,fishy,p
sunken,fibrous,white,no,black,enlarging,none,purple,woods,almond,e
flat,smooth,pink,no,brown,enlarging,pendant,brown,grasses,musty,p
sunken,scaly,gray,no,orange,tapering,large,green,meadows,pungent,p
bell,fibrous,gray,no,red,enlarging,large,chocolate,meadows,pungent,p
conical,smooth,yellow,yes,buff,enlarging,pendant,buff,leaves,fishy,p
conical,smooth,gray,no,black,enlarging,none,buff,meadows,anise,e
flat,grooves,gray,no,brown,enlarging,flaring,chocolate,waste,fishy,p
conical,smooth,green,yes,pink,enlarging,none,orange,grasses,foul,p
sunken,smooth,gray,no,pink,enlarging,flaring,brown,woods,creosote,p
sunken,smooth,yellow,no,orange,enlarging,none,green,meadows,fishy,p
knobbed,scaly,pink,yes,orange,enlarging,large,buff,grasses,creosote,p
knobbed,grooves,gray,no,red,tapering,large,black,leaves,none,e
conical,smooth,green,no,white,tapering,flaring,brown,waste,pungent,p
flat,fibrous,pink,no,pink,enlarging,evanescent,green,meadows,musty,p
bell,fibrous,green,yes,orange,enlarging,evanescent,chocolate,grasses,creosote,p
sunken,fibrous,white,no,buff,enlarging,none,buff,urban,anise,e
knobbed,scaly,white,no,orange,enlarging,pendant,green,meadows,anise,e
flat,smooth,pink,no,buff,enlarging,none,buff,waste,fishy,p
bell,smooth,pink,no,brown,enlarging,flaring,green,paths,foul,p
bell,grooves,gray,no,red,enlarging,flaring,black,meadows,foul,p
flat,smooth,red,no,gray,tapering,large,green,meadows,anise,e
bell,scaly,green,no,black,tapering,none,orange,urban,musty,p
knobbed,scaly,pink,no,black,enlarging,pendant,black,meadows,anise,e
conical,grooves,pink,yes,brown,enlarging,none,chocolate,waste,almond,e
sunken,scaly,yellow,no,white,enlarging,none,brown,meadows,musty,p
knobbed,fibrous,green,yes,brown,tapering,none,green,leaves,creosote,p
knobbed,fibrous,green,no,white,enlarging,evanescent,orange,leaves,creosote,p
sunken,fibrous,brown,no,orange,enlarging,pendant,buff,grasses,creosote,p
conical,smooth,green,no,orange,tapering,none,chocolate,paths,musty,p
conical,smooth,red,no,brown,tapering,evanescent,green,meadows,pungent,p
bell,scaly,yellow,no,white,tapering,none,purple,leaves,musty,p
bell,smooth,red,yes,black,enlarging,pendant,purple,grasses,none,e
bell,scaly,yellow,no,brown,tapering,large,chocolate,woods,almond,e
knobbed,fibrous,red,no,red,enlarging,evanescent,chocolate,urban,creosote,p
bell,smooth,yellow,no,white,tapering,flaring,chocolate,waste,foul,p
conical,scaly,brown,yes,orange,tapering,flaring,white,paths,musty,p
flat,smooth,brown,yes,brown,enlarging,evanescent,chocolate,urban,creosote,p
knobbed,smooth,white,yes,orange,tapering,flaring,buff,woods,musty,p
knobbed,fibrous,yellow,no,black,tapering,flaring,black,grasses,musty,p
flat,smooth,white,no,red,tapering,flaring,black,urban,anise,e
knobbed,fibrous,brown,yes,pink,tapering,pendant,orange,meadows,musty,p
flat,scaly,pink,yes,red,enlarging,flaring,buff,urban,pungent,p
knobbed,grooves,white,no,red,enlarging,large,chocolate,woods,almond,e
flat,grooves,gray,no,white,tapering,pendant,white,woods,fishy,p
flat,fibrous,brown,yes,white,enlarging,evanescent,buff,leaves,anise,e
conical,fibrous,white,yes,red,enlarging,none,chocolate,leaves,pungent,p
flat,scaly,gray,no,white,enlarging,evanescent,orange,waste,almond,e
flat,scaly,gray,no,gray,tapering,pendant,white,urban,creosote,p
sunken,scaly,gray,yes,red,tapering,flaring,chocolate,paths,musty,p
knobbed,fibrous,red,no,black,tapering,none,brown,leaves,musty,p
knobbed,smooth,brown,yes,pink,tapering,none,black,urban,pungent,p
bell,fibrous,white,no,white,enlarging,none,buff,meadows,creosote,p
flat,scaly,green,no,buff,tapering,pendant,green,waste,foul,p
flat,grooves,green,no,orange,enlarging,evanescent,orange,woods,creosote,p
knobbed,grooves,white,yes,brown,tapering,large,purple,leaves,creosote,p
bell,grooves,red,no,brown,tapering,none,orange,leaves,creosote,p
conical,smooth,pink,no,orange,enlarging,evanescent,chocolate,waste,creosote,p
flat,fibrous,white,no,buff,tapering,evanescent,green,urban,foul,p
sunken,scaly,pink,yes,orange,tapering,large,white,urban,pungent,p
knobbed,grooves,brown,yes,brown,enlarging,large,white,urban,musty,p
bell,scaly,green,yes,white,tapering,pendant,brown,paths,pungent,p
flat,grooves,white,yes,gray,enlarging,large,orange,woods,musty,p
bell,smooth,gray,no,buff,enlarging,large,black,leaves,pungent,p
sunken,scaly,brown,yes,brown,enlarging,none,white,meadows,pungent,p
bell,grooves,pink,no,white,tapering,evanescent,chocolate,woods,foul,p
knobbed,fibrous,brown,no,red,tapering,large,green,meadows,creosote,p
conical,fibrous,yellow,no,red,tapering,flaring,brown,woods,foul,p
conical,fibrous,green,no,black,tapering,pendant,black,grasses,foul,p
conical,grooves,gray,no,red,enlarging,large,green,urban,musty,p
bell,fibrous,gray,yes,buff,tapering,large,buff,grasses,anise,e
flat,smooth,pink,no,orange,enlarging,large,purple,grasses,fishy,p
flat,scaly,pink,yes,red,tapering,large,purple,paths,fishy,p
flat,smooth,red,no,black,tapering,pendant,white,waste,none,e
sunken,fibrous,yellow,no,pink,tapering,none,chocolate,paths,fishy,p
flat,fibrous,green,yes,white,enlarging,none,purple,urban,foul,p
knobbed,fibrous,white,yes,pink,enlarging,pendant,brown,urban,fishy,p
bell,scaly,pink,no,gray,tapering,large,green,waste,musty,p
knobbed,smooth,green,yes,gray,tapering,evanescent,white,urban,anise,e
conical,fibrous,red,yes,white,tapering,large,purple,meadows,fishy,p
knobbed,scaly,brown,yes,orange,tapering,evanescent,buff,urban,creosote,p
knobbed,grooves,red,yes,white,enlarging,flaring,purple,meadows,pungent,p
knobbed,smooth,green,yes,red,enlarging,none,green,grasses,pungent,p
sunken,grooves,pink,yes,pink,tapering,none,brown,woods,foul,p
bell,scaly,red,no,pink,tapering,evanescent,chocolate,urban,creosote,p
flat,fibrous,gray,no,red,tapering,flaring,black,leaves,pungent,p
knobbed,grooves,yellow,no,red,enlarging,none,orange,meadows,almond,e
conical,smooth,green,yes,orange,enlarging,flaring,black,urban,pungent,p
bell,scaly,pink,no,black,tapering,none,purple,meadows,pungent,p
bell,scaly,brown,yes,brown,enlarging,evanescent,black,meadows,foul,p
knobbed,grooves,pink,yes,red,tapering,none,brown,urban,creosote,p
bell,smooth,green,yes,buff,enlarging,none,orange,grasses,almond,e
bell,smooth,white,no,buff,tapering,evanescent,orange,waste,pungent,p
bell,smooth,gray,no,black,enlarging,pendant,black,urban,anise,e
bell,smooth,pink,no,orange,enlarging,pendant,chocolate,grasses,none,e
conical,grooves,yellow,yes,orange,tapering,none,white,grasses,musty,p
conical,scaly,pink,yes,brown,enlarging,pendant,brown,woods,creosote,p
conical,scaly,yellow,no,gray,enlarging,large,green,urban,fishy,p
flat,smooth,green,no,red,enlarging,pendant,orange,leaves,anise,e
conical,fibrous,yellow,no,gray,tapering,flaring,orange,leaves,anise,e
flat,fibrous,green,no,white,tapering,large,white,grasses,pungent,p
knobbed,smooth,gray,yes,black,enlarging,pendant,orange,meadows,almond,e
bell,grooves,pink,yes,red,enlarging,large,green,leaves,pungent,p
conical,grooves,gray,no,black,enlarging,large,brown,urban,pungent,p
knobbed,grooves,white,no,gray,tapering,pendant,chocolate,woods,creosote,p
bell,fibrous,green,no,red,tapering,flaring,purple,leaves,fishy,p
knobbed,scaly,gray,no,pink,enlarging,flaring,brown,meadows,pungent,p
sunken,scaly,white,yes,brown,tapering,large,brown,leaves,foul,p
bell,smooth,green,yes,white,enlarging,pendant,green,urban,foul,p
bell,grooves,brown,yes,white,tapering,flaring,brown,urban,creosote,p
flat,scaly,gray,no,brown,enlarging,pendant,chocolate,grasses,pungent,p
bell,fibrous,yellow,no,black,enlarging,pendant,black,paths,pungent,p
knobbed,smooth,yellow,yes,buff,tapering,none,purple,meadows,creosote,p
sunken,scaly,pink,no,buff,enlarging,none,purple,leaves,none,e
sunken,smooth,white,no,gray,tapering,none,chocolate,waste,musty,p
conical,smooth,pink,no,orange,tapering,pendant,chocolate,grasses,musty,p
conical,fibrous,pink,yes,red,tapering,evanescent,green,paths,almond,e
knobbed,fibrous,pink,no,orange,tapering,pendant,orange,paths,none,e
conical,fibrous,brown,no,buff,enlarging,flaring,black,waste,foul,p
sunken,fibrous,pink,yes,brown,tapering,flaring,buff,grasses,fishy,p
sunken,fibrous,gray,yes,gray,enlarging,flaring,brown,urban,fishy,p
flat,smooth,green,no,white,enlarging,evanescent,black,urban,fishy,p
bell,smooth,yellow,yes,red,tapering,large,green,meadows,pungent,p
bell,fibrous,green,yes,red,tapering,pendant,white,meadows,almond,e
conical,grooves,green,yes,red,enlarging,none,orange,woods,fishy,p
knobbed,fibrous,yellow,yes,black,tapering,flaring,brown,waste,none,e
bell,smooth,green,yes,red,tapering,flaring,green,urban,fishy,p
bell,smooth,yellow,no,orange,enlarging,large,white,meadows,pungent,p
sunken,scaly,gray,yes,buff,enlarging,large,brown,meadows,pungent,p
conical,scaly,pink,no,red,enlarging,large,green,leaves,pungent,p
knobbed,smooth,red,no,white,enlarging,pendant,green,woods,foul,p
flat,grooves,pink,yes,orange,tapering,flaring,white,woods,musty,p
knobbed,smooth,red,no,pink,enlarging,evanescent,green,woods,pungent,p
conical,smooth,brown,yes,brown,enlarging,evanescent,brown,meadows,pungent,p
knobbed,grooves,green,no,brown,tapering,large,buff,urban,none,e
bell,fibrous,brown,no,white,tapering,evanescent,orange,grasses,pungent,p
knobbed,scaly,green,yes,orange,tapering,pendant,black,paths,none,e
conical,fibrous,white,no,brown,tapering,evanescent,brown,urban,musty,p
knobbed,smooth,white,yes,black,enlarging,large,buff,meadows,fishy,p
conical,fibrous,yellow,no,black,tapering,evanescent,purple,urban,creosote,p
bell,smooth,red,no,buff,tapering,flaring,black,waste,creosote,p
sunken,fibrous,green,no,gray,enlarging,pendant,brown,urban,anise,e
knobbed,grooves,green,no,brown,tapering,pendant,white,paths,almond,e
bell,fibrous,pink,no,pink,tapering,pendant,purple,meadows,foul,p
sunken,fibrous,yellow,no,gray,enlarging,flaring,black,grasses,anise,e
bell,smooth,white,yes,white,tapering,flaring,buff,grasses,anise,e
sunken,grooves,pink,yes,red,enlarging,flaring,purple,leaves,almond,e
sunken,scaly,pink,no,orange,enlarging,none,green,waste,pungent,p
flat,scaly,brown,no,red,tapering,pendant,orange,paths,musty,p
sunken,smooth,gray,no,buff,tapering,large,chocolate,woods,none,e
sunken,grooves,red,no,brown,enlarging,evanescent,black,urban,almond,e
bell,fibrous,white,no,pink,tapering,none,brown,waste,anise,e
conical,fibrous,yellow,no,black,tapering,evanescent,chocolate,paths,fishy,p
sunken,scaly,brown,no,orange,tapering,evanescent,black,paths,creosote,p
sunken,fibrous,pink,no,red,enlarging,flaring,black,grasses,anise,e
conical,fibrous,pink,no,white,tapering,none,chocolate,paths,musty,p
sunken,fibrous,gray,yes,red,enlarging,large,green,paths,almond,e
knobbed,grooves,white,yes,white,enlarging,evanescent,brown,waste,anise,e
knobbed,fibrous,brown,yes,black,tapering,evanescent,brown,urban,creosote,p
bell,fibrous,white,no,orange,enlarging,none,purple,leaves,musty,p
flat,grooves,yellow,no,pink,enlarging,large,green,waste,foul,p
knobbed,smooth,white,no,pink,enlarging,large,buff,urban,creosote,p
knobbed,smooth,pink,no,red,enlarging,large,black,paths,foul,p
sunken,smooth,green,no,black,enlarging,evanescent,buff,woods,almond,e
sunken,scaly,red,yes,pink,enlarging,flaring,orange,leaves,foul,p
knobbed,grooves,brown,no,white,enlarging,none,chocolate,paths,fishy,p
knobbed,grooves,green,yes,black,enlarging,large,brown,meadows,anise,e
sunken,smooth,brown,yes,white,enlarging,flaring,chocolate,waste,anise,e
conical,grooves,brown,yes,buff,tapering,large,black,meadows,fishy,p
knobbed,fibrous,white,yes,buff,enlarging,evanescent,brown,meadows,musty,p
flat,scaly,pink,yes,brown,enlarging,large,purple,waste,pungent,p
conical,smooth,gray,yes,black,enlarging,evanescent,chocolate,leaves,creosote,p
flat,fibrous,green,no,gray,tapering,none,brown,urban,almond,e
flat,smooth,pink,yes,orange,enlarging,evanescent,brown,leaves,fishy,p
bell,grooves,red,no,pink,enlarging,large,purple,woods,none,e
sunken,fibrous,white,yes,white,tapering,pendant,brown,paths,anise,e
flat,smooth,yellow,yes,brown,enlarging,flaring,buff,urban,none,e
knobbed,scaly,pink,yes,white,enlarging,evanescent,orange,grasses,foul,p
knobbed,scaly,brown,no,white,tapering,evanescent,chocolate,urban,none,e
conical,grooves,white,no,red,tapering,pendant,green,urban,creosote,p
knobbed,grooves,green,no,buff,tapering,large,brown,woods,creosote,p
knobbed,fibrous,red,no,orange,tapering,flaring,black,leaves,fishy,p
bell,fibrous,pink,no,orange,enlarging,flaring,orange,woods,anise,e
flat,grooves,yellow,yes,pink,tapering,flaring,buff,meadows,anise,e
sunken,grooves,brown,yes,red,enlarging,flaring,white,leaves,almond,e
conical,grooves,yellow,yes,buff,tapering,none,buff,grasses,almond,e
bell,scaly,white,yes,brown,enlarging,evanescent,white,meadows,pungent,p
flat,grooves,yellow,yes,gray,enlarging,none,white,urban,fishy,p
flat,scaly,red,no,gray,enlarging,none,orange,leaves,musty,p
knobbed,fibrous,brown,yes,buff,tapering,large,green,grasses,fishy,p
knobbed,grooves,pink,no,orange,tapering,evanescent,purple,leaves,anise,e
conical,grooves,yellow,no,buff,enlarging,large,green,urban,none,e
sunken,smooth,white,no,orange,tapering,none,buff,paths,none,e
knobbed,scaly,pink,no,black,enlarging,large,buff,leaves,musty,p
sunken,grooves,brown,yes,red,tapering,none,chocolate,leaves,fishy,p
knobbed,grooves,green,yes,pink,tapering,pendant,buff,paths,creosote,p
sunken,smooth,yellow,no,orange,enlarging,none,buff,leaves,foul,p
knobbed,scaly,green,yes,black,enlarging,evanescent,brown,grasses,anise,e
knobbed,fibrous,gray,yes,orange,enlarging,large,green,meadows,creosote,p
knobbed,scaly,pink,no,black,tapering,flaring,white,grasses,foul,p
knobbed,scaly,yellow,yes,white,tapering,flaring,chocolate,paths,anise,e
sunken,smooth,yellow,yes,pink,tapering,evanescent,buff,grasses,anise,e
bell,fibrous,white,yes,brown,enlarging,large,chocolate,grasses,anise,e
conical,smooth,green,no,red,enlarging,flaring,green,urban,creosote,p
bell,grooves,brown,yes,gray,tapering,large,buff,paths,none,e
sunken,smooth,yellow,no,black,tapering,flaring,white,meadows,pungent,p
conical,smooth,green,yes,orange,tapering,evanescent,brown,meadows,anise,e
knobbed,fibrous,red,yes,black,tapering,flaring,orange,leaves,fishy,p
bell,smooth,yellow,yes,orange,enlarging,flaring,buff,woods,fishy,p
conical,grooves,yellow,no,gray,enlarging,flaring,green,paths,pungent,p
bell,grooves,red,yes,brown,enlarging,evanescent,chocolate,waste,musty,p
sunken,grooves,yellow,yes,black,enlarging,none,brown,paths,none,e
conical,fibrous,brown,yes,orange,enlarging,large,white,meadows,creosote,p
knobbed,grooves,yellow,no,red,enlarging,pendant,black,leaves,creosote,p
flat,grooves,brown,no,gray,tapering,pendant,purple,grasses,anise,e
knobbed,grooves,pink,no,pink,enlarging,flaring,black,meadows,none,e
flat,smooth,red,yes,buff,enlarging,large,green,waste,pungent,p
knobbed,scaly,green,yes,pink,tapering,flaring,white,woods,fishy,p
sunken,smooth,gray,no,buff,tapering,large,green,paths,anise,e
conical,fibrous,brown,yes,black,tapering,pendant,brown,meadows,musty,p
bell,smooth,red,yes,pink,enlarging,flaring,orange,urban,musty,p
knobbed,scaly,brown,no,pink,enlarging,flaring,chocolate,woods,foul,p
flat,smooth,yellow,yes,pink,tapering,large,buff,woods,anise,e
conical,grooves,green,no,gray,tapering,none,black,urban,musty,p
bell,scaly,green,no,pink,tapering,flaring,black,meadows,musty,p
flat,scaly,red,no,black,enlarging,pendant,green,urban,fishy,p
flat,smooth,white,no,orange,tapering,flaring,green,waste,none,e
conical,smooth,pink,no,orange,tapering,evanescent,chocolate,woods,creosote,p
sunken,smooth,yellow,no,buff,enlarging,evanescent,purple,urban,foul,p
sunken,grooves,pink,no,orange,enlarging,none,purple,meadows,musty,p
sunken,grooves,gray,yes,pink,tapering,large,brown,grasses,fishy,p
conical,scaly,green,yes,orange,enlarging,evanescent,white,urban,creosote,p
flat,scaly,brown,no,black,tapering,flaring,orange,paths,almond,e
conical,grooves,green,no,buff,tapering,flaring,black,paths,foul,p
sunken,scaly,red,yes,brown,enlarging,large,white,waste,musty,p
knobbed,grooves,gray,no,red,tapering,evanescent,chocolate,paths,anise,e
conical,fibrous,yellow,no,orange,enlarging,pendant,brown,woods,creosote,p
knobbed,fibrous,pink,no,buff,tapering,large,black,meadows,anise,e
sunken,scaly,pink,yes,white,tapering,pendant,buff,grasses,none,e
conical,fibrous,green,no,white,enlarging,flaring,chocolate,paths,anise,e
conical,fibrous,yellow,yes,red,tapering,pendant,black,leaves,creosote,p
knobbed,smooth,yellow,yes,pink,tapering,large,brown,woods,almond,e
bell,smooth,pink,no,brown,tapering,evanescent,black,woods,foul,p
knobbed,grooves,brown,yes,brown,enlarging,large,buff,urban,almond,e
sunken,grooves,gray,no,pink,enlarging,none,green,woods,fishy,p
knobbed,grooves,green,yes,buff,tapering,none,green,waste,almond,e
bell,scaly,white,no,black,enlarging,pendant,orange,woods,musty,p
sunken,fibrous,gray,no,buff,enlarging,flaring,chocolate,meadows,almond,e
conical,grooves,gray,no,brown,tapering,evanescent,brown,urban,almond,e
conical,scaly,white,yes,brown,tapering,pendant,buff,grasses,none,e
bell,grooves,yellow,no,brown,tapering,large,brown,waste,none,e
sunken,scaly,yellow,no,white,enlarging,none,purple,woods,anise,e
sunken,grooves,green,yes,pink,tapering,evanescent,white,grasses,anise,e
conical,fibrous,yellow,no,buff,enlarging,none,chocolate,paths,pungent,p
knobbed,smooth,white,yes,red,enlarging,evanescent,buff,waste,none,e
knobbed,fibrous,pink,yes,orange,tapering,evanescent,black,leaves,creosote,p
sunken,smooth,gray,yes,white,tapering,none,purple,woods,anise,e
bell,smooth,red,yes,brown,tapering,none,green,leaves,creosote,p
bell,fibrous,red,no,buff,enlarging,large,purple,paths,almond,e
conical,smooth,pink,yes,black,enlarging,large,black,meadows,musty,p
flat,fibrous,white,no,orange,tapering,evanescent,purple,urban,none,e
bell,smooth,red,yes,gray,enlarging,large,white,woods,anise,e
flat,fibrous,gray,yes,black,enlarging,large,orange,paths,none,e
knobbed,grooves,red,no,orange,tapering,large,white,waste,anise,e
conical,smooth,brown,yes,pink,enlarging,evanescent,black,meadows,fishy,p
knobbed,scaly,red,no,white,tapering,flaring,brown,grasses,foul,p
bell,grooves,brown,no,black,enlarging,flaring,orange,grasses,foul,p
knobbed,grooves,white,yes,gray,tapering,pendant,white,waste,none,e
sunken,fibrous,red,no,brown,tapering,flaring,brown,grasses,almond,e
knobbed,smooth,gray,yes,black,tapering,none,orange,meadows,almond,e
flat,smooth,red,no,black,tapering,none,white,meadows,none,e
flat,scaly,red,no,red,tapering,large,chocolate,urban,foul,p
knobbed,fibrous,red,yes,pink,enlarging,pendant,purple,waste,creosote,p
bell,fibrous,gray,no,pink,enlarging,large,black,waste,creosote,p
flat,fibrous,yellow,no,orange,tapering,large,white,grasses,foul,p
conical,smooth,white,yes,pink,enlarging,flaring,black,paths,fishy,p
sunken,grooves,pink,no,buff,tapering,large,black,waste,anise,e
bell,grooves,yellow,no,orange,tapering,pendant,orange,meadows,fishy,p
conical,scaly,yellow,no,buff,tapering,flaring,green,waste,fishy,p
bell,grooves,white,yes,gray,tapering,pendant,white,leaves,fishy,p
flat,fibrous,pink,no,orange,enlarging,large,buff,urban,anise,e
bell,scaly,brown,no,white,tapering,large,green,grasses,creosote,p
conical,scaly,red,yes,pink,tapering,flaring,black,woods,creosote,p
bell,scaly,gray,no,black,enlarging,evanescent,chocolate,paths,creosote,p
flat,fibrous,green,no,gray,enlarging,flaring,white,urban,pungent,p
knobbed,fibrous,white,yes,orange,tapering,evanescent,white,grasses,pungent,p
conical,scaly,brown,yes,white,enlarging,evanescent,buff,waste,musty,p
knobbed,scaly,yellow,yes,brown,tapering,flaring,orange,paths,fishy,p
flat,smooth,green,yes,gray,enlarging,large,buff,meadows,almond,e
conical,grooves,yellow,no,red,enlarging,pendant,black,waste,fishy,p
knobbed,fibrous,white,no,brown,tapering,large,chocolate,leaves,none,e
conical,grooves,gray,no,orange,enlarging,evanescent,white,grasses,almond,e
sunken,smooth,yellow,no,orange,tapering,none,white,urban,anise,e
knobbed,fibrous,red,yes,orange,enlarging,pendant,green,waste,foul,p
knobbed,fibrous,pink,no,buff,enlarging,large,brown,woods,fishy,p
sunken,scaly,yellow,no,gray,tapering,none,green,woods,none,e
flat,fibrous,red,yes,gray,enlarging,none,buff,urban,none,e
sunken,scaly,gray,yes,pink,tapering,pendant,chocolate,woods,none,e
conical,scaly,gray,no,brown,tapering,evanescent,white,paths,creosote,p
conical,grooves,brown,no,pink,enlarging,none,black,urban,almond,e
conical,scaly,brown,yes,pink,enlarging,none,green,waste,creosote,p
flat,smooth,gray,no,brown,tapering,pendant,white,woods,fishy,p
sunken,scaly,white,no,white,enlarging,flaring,white,urban,anise,e
bell,grooves,gray,no,pink,enlarging,pendant,buff,meadows,anise,e
knobbed,smooth,gray,yes,brown,tapering,evanescent,brown,grasses,pungent,p
sunken,fibrous,brown,no,white,enlarging,large,black,meadows,almond,e
conical,fibrous,yellow,yes,gray,tapering,large,purple,woods,creosote,p
sunken,smooth,white,no,pink,enlarging,none,black,urban,foul,p
sunken,fibrous,brown,no,brown,enlarging,none,brown,leaves,pungent,p
flat,scaly,gray,no,black,tapering,none,purple,grasses,none,e
knobbed,fibrous,green,no,pink,enlarging,large,green,leaves,musty,p
flat,grooves,red,yes,orange,enlarging,large,orange,urban,pungent,p
flat,fibrous,white,no,white,tapering,evanescent,buff,waste,almond,e
conical,smooth,green,yes,pink,tapering,flaring,green,waste,anise,e
flat,smooth,brown,no,brown,tapering,flaring,brown,grasses,almond,e
knobbed,smooth,brown,yes,black,enlarging,none,chocolate,leaves,anise,e
conical,smooth,green,no,brown,tapering,evanescent,white,leaves,musty,p
flat,smooth,green,yes,red,tapering,flaring,orange,paths,pungent,p
conical,smooth,white,yes,pink,enlarging,none,white,grasses,fishy,p
sunken,smooth,pink,yes,orange,enlarging,flaring,chocolate,waste,none,e
knobbed,smooth,white,no,black,enlarging,flaring,brown,waste,fishy,p
bell,scaly,green,yes,orange,enlarging,large,orange,leaves,fishy,p
bell,grooves,green,yes,white,enlarging,evanescent,black,grasses,musty,p
bell,grooves,white,yes,pink,tapering,large,buff,paths,anise,e
sunken,smooth,pink,no,red,enlarging,none,white,grasses,fishy,p
flat,scaly,yellow,no,buff,enlarging,flaring,buff,leaves,fishy,p
sunken,scaly,red,yes,white,tapering,large,black,leaves,foul,p
bell,fibrous,green,no,pink,tapering,large,orange,paths,foul,p
flat,smooth,green,no,orange,enlarging,large,orange,woods,creosote,p
sunken,scaly,yellow,no,gray,enlarging,flaring,chocolate,meadows,almond,e
flat,scaly,white,no,orange,enlarging,flaring,black,waste,foul,p
bell,smooth,brown,no,buff,tapering,none,chocolate,woods,almond,e
knobbed,smooth,red,no,brown,tapering,large,green,woods,almond,e
bell,grooves,green,yes,red,tapering,flaring,brown,urban,almond,e
bell,fibrous,white,no,gray,tapering,none,purple,urban,none,e
conical,fibrous,white,no,pink,tapering,none,chocolate,woods,creosote,p
flat,grooves,green,no,buff,tapering,large,black,leaves,almond,e
conical,grooves,green,yes,orange,enlarging,none,brown,woods,anise,e
sunken,grooves,gray,yes,buff,enlarging,pendant,chocolate,grasses,none,e
sunken,fibrous,gray,yes,brown,enlarging,evanescent,black,woods,pungent,p
bell,scaly,red,no,gray,enlarging,none,green,woods,foul,p
conical,smooth,yellow,no,black,enlarging,evanescent,orange,meadows,anise,e
conical,smooth,white,no,buff,tapering,none,black,paths,anise,e
knobbed,fibrous,white,no,white,enlarging,large,green,urban,none,e
knobbed,fibrous,brown,yes,red,enlarging,evanescent,brown,meadows,musty,p
bell,smooth,red,yes,red,tapering,evanescent,purple,paths,pungent,p
sunken,smooth,pink,no,pink,enlarging,evanescent,green,leaves,anise,e
knobbed,fibrous,green,no,white,enlarging,evanescent,chocolate,paths,pungent,p
conical,scaly,red,no,pink,tapering,none,green,meadows,almond,e
conical,grooves,green,yes,buff,enlarging,evanescent,black,woods,almond,e
bell,grooves,red,yes,red,enlarging,large,chocolate,woods,almond,e
flat,smooth,yellow,no,red,enlarging,large,green,woods,fishy,p
flat,scaly,pink,yes,orange,tapering,pendant,black,paths,almond,e
sunken,fibrous,green,yes,white,tapering,large,white,grasses,foul,p
bell,fibrous,yellow,no,gray,tapering,none,purple,meadows,almond,e
knobbed,scaly,gray,no,white,tapering,large,brown,urban,musty,p
sunken,fibrous,green,yes,black,enlarging,flaring,orange,urban,foul,p
knobbed,fibrous,gray,no,buff,tapering,evanescent,buff,leaves,pungent,p
bell,smooth,brown,yes,white,tapering,large,orange,meadows,musty,p
sunken,grooves,gray,yes,black,tapering,none,purple,grasses,foul,p
sunken,grooves,white,yes,black,enlarging,large,purple,urban,creosote,p
knobbed,smooth,white,yes,brown,tapering,none,orange,grasses,fishy,p
flat,smooth,red,yes,orange,enlarging,flaring,black,meadows,musty,p
flat,smooth,green,yes,red,tapering,evanescent,chocolate,meadows,almond,e
knobbed,smooth,green,no,black,enlarging,flaring,orange,waste,pungent,p
conical,smooth,red,no,orange,enlarging,flaring,white,grasses,musty,p
conical,grooves,yellow,no,brown,enlarging,pendant,orange,urban,anise,e
sunken,fibrous,green,no,black,tapering,evanescent,purple,leaves,almond,e
knobbed,grooves,pink,yes,orange,tapering,flaring,brown,waste,almond,e
flat,grooves,green,no,red,enlarging,flaring,purple,waste,musty,p
bell,scaly,green,yes,gray,tapering,evanescent,brown,urban,foul,p
conical,fibrous,brown,yes,orange,tapering,flaring,purple,paths,none,e
bell,smooth,green,yes,gray,enlarging,large,purple,waste,musty,p
flat,scaly,green,no,brown,enlarging,large,brown,paths,creosote,p
knobbed,fibrous,pink,yes,brown,tapering,large,purple,meadows,musty,p
conical,scaly,gray,yes,pink,enlarging,evanescent,green,leaves,none,e
sunken,smooth,white,yes,gray,tapering,large,brown,paths,anise,e
bell,scaly,yellow,no,white,enlarging,flaring,orange,grasses,musty,p
conical,scaly,gray,no,buff,enlarging,large,brown,woods,almond,e
flat,grooves,yellow,yes,white,tapering,pendant,buff,urban,musty,p
conical,smooth,green,yes,black,enlarging,evanescent,green,leaves,none,e
conical,smooth,white,no,black,tapering,none,black,leaves,anise,e
knobbed,grooves,yellow,yes,gray,enlarging,large,black,waste,anise,e
knobbed,grooves,gray,no,black,tapering,pendant,chocolate,leaves,foul,p
sunken,fibrous,brown,no,brown,enlarging,large,white,meadows,pungent,p
knobbed,smooth,white,yes,pink,enlarging,none,brown,meadows,foul,p
flat,scaly,brown,no,pink,enlarging,none,purple,grasses,none,e
sunken,scaly,gray,yes,buff,enlarging,pendant,chocolate,grasses,creosote,p
bell,fibrous,brown,yes,white,enlarging,none,black,meadows,foul,p
sunken,smooth,yellow,yes,gray,tapering,large,brown,paths,creosote,p
knobbed,fibrous,green,yes,brown,tapering,pendant,brown,urban,musty,p
sunken,grooves,gray,no,brown,enlarging,pendant,black,urban,none,e
sunken,scaly,pink,yes,red,tapering,flaring,brown,leaves,creosote,p
conical,scaly,yellow,yes,red,enlarging,evanescent,green,grasses,creosote,p
conical,grooves,white,no,white,enlarging,none,purple,paths,creosote,p
conical,grooves,yellow,yes,white,tapering,flaring,brown,urban,pungent,p
sunken,grooves,green,yes,gray,tapering,large,brown,leaves,creosote,p
knobbed,fibrous,green,no,gray,tapering,evanescent,chocolate,leaves,foul,p
flat,scaly,green,yes,red,enlarging,large,purple,grasses,none,e
flat,fibrous,gray,no,orange,tapering,flaring,purple,woods,none,e
bell,scaly,pink,yes,brown,enlarging,flaring,buff,urban,none,e
flat,grooves,pink,yes,black,tapering,flaring,black,urban,fishy,p
knobbed,fibrous,pink,yes,pink,tapering,evanescent,purple,paths,anise,e
flat,scaly,yellow,yes,buff,enlarging,evanescent,black,woods,foul,p
sunken,scaly,gray,yes,orange,enlarging,flaring,orange,waste,pungent,p
sunken,fibrous,brown,yes,brown,tapering,none,black,grasses,none,e
conical,scaly,green,yes,white,tapering,pendant,purple,waste,almond,e
bell,fibrous,green,no,red,enlarging,none,chocolate,grasses,pungent,p
flat,fibrous,brown,no,gray,enlarging,flaring,white,meadows,fishy,p
sunken,grooves,white,no,pink,tapering,none,purple,urban,foul,p
flat,smooth,gray,no,buff,enlarging,flaring,purple,meadows,none,e
conical,grooves,pink,yes,buff,tapering,flaring,orange,woods,foul,p
bell,grooves,gray,no,brown,enlarging,flaring,brown,woods,almond,e
conical,grooves,white,no,black,enlarging,large,buff,paths,pungent,p
flat,fibrous,yellow,yes,buff,tapering,none,chocolate,leaves,fishy,p
flat,fibrous,brown,yes,brown,enlarging,flaring,buff,grasses,foul,p
conical,grooves,red,no,red,enlarging,large,green,urban,fishy,p
knobbed,fibrous,red,yes,buff,tapering,flaring,orange,woods,anise,e
conical,grooves,brown,yes,black,tapering,none,orange,woods,almond,e
sunken,scaly,brown,yes,orange,enlarging,flaring,white,meadows,none,e
knobbed,grooves,pink,yes,red,tapering,large,purple,leaves,foul,p
knobbed,scaly,green,no,brown,tapering,none,green,paths,musty,p
flat,smooth,yellow,yes,brown,tapering,pendant,chocolate,urban,almond,e
conical,scaly,white,yes,orange,enlarging,large,chocolate,urban,musty,p
conical,fibrous,pink,no,white,tapering,flaring,buff,grasses,none,e
sunken,grooves,green,no,red,enlarging,none,chocolate,grasses,anise,e
flat,scaly,pink,no,pink,tapering,pendant,brown,meadows,none,e
sunken,grooves,gray,yes,pink,enlarging,flaring,purple,meadows,foul,p
knobbed,scaly,green,no,gray,enlarging,evanescent,chocolate,paths,almond,e
flat,fibrous,pink,no,brown,enlarging,flaring,chocolate,leaves,creosote,p
flat,fibrous,yellow,yes,white,enlarging,pendant,orange,paths,pungent,p
flat,fibrous,brown,no,pink,tapering,large,white,woods,anise,e
conical,smooth,pink,yes,gray,enlarging,pendant,white,urban,fishy,p
flat,scaly,white,no,brown,enlarging,flaring,white,meadows,fishy,p
sunken,grooves,white,yes,red,enlarging,large,brown,woods,almond,e
sunken,fibrous,gray,no,red,enlarging,none,black,waste,almond,e
sunken,scaly,white,no,red,tapering,large,black,paths,anise,e
knobbed,grooves,white,no,pink,tapering,flaring,green,paths,fishy,p
knobbed,smooth,yellow,no,white,enlarging,flaring,chocolate,grasses,almond,e
knobbed,scaly,brown,no,buff,enlarging,large,purple,paths,creosote,p
conical,grooves,yellow,no,black,tapering,large,green,leaves,none,e
flat,scaly,green,no,buff,tapering,large,purple,paths,creosote,p
conical,scaly,yellow,yes,brown,enlarging,flaring,chocolate,leaves,foul,p
knobbed,scaly,brown,yes,red,enlarging,evanescent,brown,leaves,none,e
conical,fibrous,pink,yes,white,enlarging,large,buff,waste,musty,p
flat,scaly,gray,no,gray,tapering,large,chocolate,woods,none,e
sunken,scaly,pink,no,gray,tapering,none,green,urban,foul,p
sunken,grooves,pink,yes,orange,tapering,pendant,green,paths,anise,e
knobbed,scaly,red,no,orange,tapering,none,white,meadows,almond,e
conical,smooth,gray,yes,pink,tapering,evanescent,chocolate,urban,anise,e
sunken,fibrous,white,no,red,enlarging,large,purple,grasses,none,e
conical,fibrous,brown,no,white,tapering,flaring,green,paths,none,e
sunken,scaly,red,yes,orange,tapering,evanescent,white,woods,anise,e
conical,scaly,white,yes,pink,tapering,flaring,white,urban,musty,p
sunken,grooves,yellow,no,black,tapering,large,green,grasses,creosote,p
conical,smooth,white,no,white,enlarging,pendant,brown,woods,almond,e
bell,scaly,brown,no,white,enlarging,flaring,green,waste,pungent,p
flat,fibrous,brown,no,white,tapering,none,white,urban,fishy,p
conical,fibrous,green,no,pink,enlarging,none,black,urban,creosote,p
conical,scaly,green,no,white,tapering,flaring,black,urban,pungent,p
knobbed,grooves,gray,yes,orange,enlarging,none,purple,waste,almond,e
conical,scaly,white,yes,gray,enlarging,evanescent,buff,woods,fishy,p
conical,scaly,gray,yes,pink,tapering,evanescent,white,leaves,pungent,p
knobbed,grooves,pink,no,white,enlarging,large,black,paths,none,e
bell,scaly,gray,no,red,tapering,flaring,black,grasses,musty,p
conical,smooth,white,no,buff,tapering,evanescent,brown,waste,fishy,p
knobbed,grooves,gray,no,brown,enlarging,large,chocolate,woods,foul,p
flat,grooves,yellow,no,orange,tapering,evanescent,white,paths,pungent,p
sunken,smooth,white,no,black,tapering,none,white,waste,fishy,p
flat,fibrous,green,yes,buff,enlarging,flaring,brown,urban,none,e
bell,smooth,red,yes,red,tapering,large,white,leaves,creosote,p
flat,scaly,green,no,pink,tapering,none,green,meadows,foul,p
sunken,scaly,gray,no,gray,tapering,evanescent,black,urban,anise,e
bell,smooth,yellow,no,black,tapering,pendant,white,meadows,pungent,p
flat,grooves,white,no,brown,enlarging,pendant,green,leaves,anise,e
flat,fibrous,pink,yes,red,tapering,pendant,white,leaves,none,e
conical,fibrous,yellow,yes,pink,enlarging,large,white,meadows,pungent,p
bell,smooth,pink,yes,pink,tapering,flaring,orange,leaves,fishy,p
flat,smooth,pink,yes,pink,tapering,none,purple,meadows,musty,p
sunken,fibrous,green,no,orange,tapering,large,white,leaves,fishy,p
flat,scaly,pink,yes,brown,tapering,pendant,white,meadows,creosote,p
conical,smooth,gray,no,brown,tapering,flaring,purple,meadows,fishy,p
sunken,scaly,green,yes,gray,enlarging,flaring,orange,waste,musty,p
knobbed,scaly,white,yes,buff,tapering,large,orange,paths,pungent,p
conical,grooves,gray,no,orange,enlarging,flaring,chocolate,leaves,pungent,p
flat,smooth,red,no,gray,tapering,pendant,chocolate,paths,pungent,p
conical,grooves,gray,no,white,enlarging,large,buff,woods,almond,e
conical,scaly,red,yes,buff,enlarging,none,buff,woods,none,e
sunken,scaly,red,yes,white,tapering,large,brown,paths,musty,p
bell,grooves,yellow,no,buff,tapering,evanescent,black,meadows,creosote,p
knobbed,fibrous,brown,yes,white,tapering,evanescent,orange,urban,anise,e
knobbed,grooves,brown,yes,black,tapering,pendant,green,waste,foul,p
bell,fibrous,gray,yes,red,enlarging,none,purple,waste,fishy,p
conical,fibrous,red,no,red,enlarging,evanescent,white,meadows,fishy,p
knobbed,smooth,green,no,red,tapering,pendant,buff,woods,foul,p
sunken,grooves,green,no,gray,enlarging,none,chocolate,leaves,foul,p
flat,scaly,pink,yes,gray,tapering,evanescent,chocolate,meadows,creosote,p
sunken,grooves,pink,yes,buff,enlarging,none,buff,woods,pungent,p
sunken,grooves,yellow,no,orange,enlarging,flaring,chocolate,grasses,creosote,p
flat,fibrous,yellow,no,black,tapering,large,white,leaves,foul,p
flat,scaly,green,yes,pink,tapering,large,white,urban,foul,p
sunken,scaly,brown,yes,red,enlarging,pendant,black,grasses,pungent,p
knobbed,grooves,red,no,pink,enlarging,none,black,meadows,fishy,p
knobbed,grooves,gray,no,white,enlarging,none,brown,meadows,fishy,p
sunken,scaly,green,no,pink,tapering,flaring,black,urban,none,e
flat,scaly,green,yes,red,enlarging,none,buff,meadows,pungent,p
sunken,grooves,brown,yes,orange,enlarging,none,buff,urban,fishy,p
conical,smooth,pink,no,brown,tapering,none,white,grasses,almond,e
conical,scaly,red,no,white,enlarging,flaring,white,urban,none,e
conical,smooth,gray,no,buff,tapering,flaring,black,urban,almond,e
conical,fibrous,yellow,no,pink,tapering,flaring,buff,leaves,pungent,p
flat,scaly,yellow,yes,white,enlarging,none,brown,waste,anise,e
conical,fibrous,brown,yes,pink,tapering,none,brown,paths,pungent,p
conical,grooves,white,yes,brown,enlarging,large,chocolate,leaves,creosote,p
flat,smooth,pink,no,orange,tapering,none,brown,paths,almond,e
bell,fibrous,gray,yes,pink,tapering,pendant,green,grasses,creosote,p
knobbed,smooth,yellow,yes,red,tapering,flaring,black,grasses,fishy,p
knobbed,scaly,gray,no,black,tapering,none,purple,meadows,foul,p
conical,fibrous,brown,yes,buff,enlarging,flaring,purple,waste,pungent,p
conical,smooth,gray,no,red,enlarging,flaring,white,woods,pungent,p
conical,scaly,pink,yes,buff,enlarging,pendant,orange,leaves,fishy,p
bell,smooth,green,yes,pink,enlarging,flaring,buff,meadows,none,e
sunken,fibrous,pink,no,black,enlarging,flaring,buff,meadows,foul,p
bell,scaly,brown,no,white,enlarging,flaring,brown,paths,none,e
flat,grooves,gray,yes,pink,enlarging,large,white,leaves,pungent,p
knobbed,grooves,green,yes,red,tapering,large,brown,leaves,foul,p
conical,smooth,yellow,yes,pink,tapering,none,brown,meadows,anise,e
knobbed,scaly,red,no,gray,tapering,large,buff,meadows,creosote,p
bell,smooth,pink,no,pink,enlarging,none,green,meadows,foul,p
conical,fibrous,white,yes,white,tapering,large,buff,paths,almond,e
knobbed,grooves,red,no,orange,enlarging,pendant,white,waste,almond,e
sunken,fibrous,white,no,buff,tapering,flaring,white,paths,fishy,p
flat,scaly,brown,yes,white,tapering,pendant,brown,urban,musty,p
conical,fibrous,brown,no,red,enlarging,none,green,woods,fishy,p
conical,grooves,red,yes,buff,enlarging,none,brown,grasses,pungent,p
sunken,scaly,white,yes,brown,tapering,evanescent,green,leaves,pungent,p
conical,smooth,green,yes,white,tapering,large,orange,woods,anise,e
knobbed,scaly,gray,no,brown,tapering,large,orange,leaves,anise,e
conical,fibrous,white,yes,black,enlarging,pendant,brown,grasses,fishy,p
conical,scaly,red,yes,black,tapering,large,green,waste,anise,e
sunken,fibrous,white,no,white,tapering,pendant,black,woods,none,e
conical,fibrous,green,no,red,enlarging,large,green,meadows,foul,p
conical,fibrous,gray,yes,pink,enlarging,flaring,purple,waste,none,e
conical,fibrous,red,no,gray,enlarging,none,purple,waste,fishy,p
sunken,grooves,red,no,white,enlarging,large,orange,woods,anise,e
sunken,grooves,brown,no,pink,enlarging,flaring,brown,leaves,almond,e
knobbed,fibrous,brown,no,buff,enlarging,evanescent,chocolate,leaves,anise,e
sunken,fibrous,pink,no,orange,enlarging,evanescent,brown,meadows,fishy,p
sunken,grooves,white,no,white,tapering,pendant,purple,leaves,none,e
conical,grooves,gray,no,gray,tapering,flaring,purple,waste,almond,e
knobbed,smooth,gray,no,orange,tapering,evanescent,chocolate,woods,musty,p
conical,grooves,gray,yes,orange,tapering,pendant,purple,paths,musty,p
knobbed,grooves,white,no,pink,tapering,pendant,buff,grasses,musty,p
flat,fibrous,green,no,pink,tapering,evanescent,green,paths,foul,p
conical,scaly,red,no,buff,tapering,evanescent,green,paths,none,e
knobbed,grooves,pink,yes,black,tapering,large,white,leaves,pungent,p
flat,fibrous,gray,yes,black,tapering,none,brown,paths,creosote,p
flat,scaly,white,no,black,enlarging,evanescent,purple,urban,anise,e
bell,grooves,yellow,no,orange,tapering,large,buff,paths,pungent,p
bell,grooves,pink,yes,red,tapering,pendant,orange,leaves,none,e
bell,grooves,green,yes,red,enlarging,pendant,brown,meadows,pungent,p
flat,smooth,brown,yes,red,tapering,flaring,black,meadows,none,e
knobbed,smooth,pink,no,pink,enlarging,flaring,black,waste,musty,p
knobbed,fibrous,yellow,no,gray,enlarging,large,white,leaves,anise,e
sunken,fibrous,red,no,black,enlarging,evanescent,orange,paths,creosote,p
conical,scaly,green,no,pink,tapering,pendant,chocolate,grasses,pungent,p
flat,scaly,yellow,no,buff,enlarging,pendant,orange,paths,creosote,p
sunken,smooth,green,no,red,enlarging,flaring,green,woods,fishy,p
flat,fibrous,pink,no,pink,tapering,large,chocolate,paths,foul,p
bell,fibrous,gray,yes,brown,tapering,evanescent,orange,grasses,musty,p
flat,grooves,green,no,pink,enlarging,evanescent,orange,paths,fishy,p
bell,smooth,white,yes,brown,tapering,flaring,chocolate,woods,almond,e
bell,grooves,brown,no,white,enlarging,evanescent,white,paths,fishy,p
knobbed,smooth,green,no,red,enlarging,large,green,woods,pungent,p
bell,grooves,white,no,gray,enlarging,pendant,black,urban,creosote,p
sunken,smooth,red,no,brown,tapering,flaring,chocolate,urban,foul,p
conical,grooves,brown,yes,brown,tapering,evanescent,green,woods,musty,p
knobbed,grooves,pink,yes,brown,enlarging,pendant,orange,waste,fishy,p
knobbed,grooves,gray,yes,brown,tapering,none,black,leaves,almond,e
knobbed,smooth,brown,yes,white,enlarging,flaring,green,paths,creosote,p
conical,grooves,white,yes,pink,enlarging,flaring,green,waste,anise,e
flat,smooth,yellow,yes,red,enlarging,none,brown,woods,pungent,p
knobbed,grooves,pink,yes,brown,enlarging,large,black,meadows,creosote,p
bell,grooves,brown,no,red,enlarging,flaring,chocolate,meadows,none,e
flat,grooves,gray,no,red,tapering,pendant,orange,leaves,almond,e
knobbed,grooves,white,no,black,enlarging,pendant,green,urban,musty,p
knobbed,fibrous,red,yes,orange,enlarging,flaring,brown,leaves,pungent,p
sunken,grooves,white,yes,buff,enlarging,large,white,woods,fishy,p
sunken,scaly,green,yes,buff,enlarging,none,buff,leaves,none,e
sunken,scaly,green,yes,buff,enlarging,flaring,purple,meadows,fishy,p
knobbed,fibrous,gray,no,brown,tapering,flaring,orange,woods,pungent,p
knobbed,fibrous,gray,no,gray,tapering,large,white,urban,fishy,p
sunken,fibrous,brown,no,red,tapering,large,white,urban,anise,e
bell,smooth,green,no,white,enlarging,pendant,buff,paths,almond,e
sunken,scaly,green,no,white,enlarging,large,brown,woods,foul,p
knobbed,fibrous,white,no,white,enlarging,pendant,black,leaves,anise,e
knobbed,fibrous,gray,yes,orange,enlarging,flaring,buff,waste,creosote,p
conical,grooves,white,yes,white,tapering,large,chocolate,paths,almond,e
bell,scaly,white,yes,buff,enlarging,large,white,grasses,almond,e
flat,scaly,pink,no,buff,enlarging,none,purple,meadows,pungent,p
bell,fibrous,pink,yes,black,enlarging,pendant,purple,grasses,foul,p
sunken,fibrous,red,yes,pink,tapering,pendant,brown,grasses,musty,p
sunken,scaly,gray,no,buff,tapering,large,green,woods,pungent,p
bell,grooves,white,no,orange,enlarging,flaring,brown,grasses,musty,p
conical,grooves,yellow,no,pink,tapering,large,chocolate,waste,almond,e
conical,scaly,white,no,white,tapering,pendant,white,urban,creosote,p
flat,fibrous,yellow,no,pink,enlarging,none,brown,woods,pungent,p
sunken,fibrous,white,no,gray,tapering,pendant,chocolate,paths,anise,e
knobbed,scaly,red,no,black,tapering,flaring,chocolate,paths,creosote,p
flat,scaly,yellow,no,orange,enlarging,flaring,brown,leaves,musty,p
bell,fibrous,white,yes,buff,tapering,none,purple,leaves,musty,p
conical,scaly,gray,no,black,tapering,flaring,brown,leaves,musty,p
flat,scaly,gray,no,gray,tapering,flaring,brown,grasses,creosote,p
knobbed,scaly,gray,no,orange,tapering,evanescent,green,waste,none,e
conical,scaly,green,no,white,enlarging,pendant,green,meadows,pungent,p
knobbed,fibrous,white,yes,white,tapering,flaring,orange,waste,almond,e
knobbed,fibrous,white,no,gray,enlarging,evanescent,chocolate,meadows,anise,e
conical,smooth,white,yes,gray,tapering,pendant,buff,meadows,pungent,p
knobbed,fibrous,green,no,brown,enlarging,evanescent,purple,paths,pungent,p
flat,smooth,red,no,white,enlarging,evanescent,brown,urban,musty,p
conical,grooves,brown,yes,orange,tapering,large,orange,waste,pungent,p
conical,fibrous,white,no,white,tapering,none,buff,meadows,musty,p
conical,scaly,white,no,pink,enlarging,evanescent,black,waste,musty,p
sunken,grooves,brown,no,white,tapering,flaring,black,meadows,musty,p
sunken,grooves,brown,yes,buff,tapering,none,brown,urban,none,e
conical,grooves,red,no,black,enlarging,evanescent,black,leaves,pungent,p
flat,smooth,red,no,white,tapering,flaring,buff,paths,foul,p
knobbed,scaly,yellow,no,white,enlarging,flaring,black,waste,creosote,p
flat,scaly,gray,yes,orange,enlarging,evanescent,brown,woods,none,e
sunken,grooves,red,no,red,enlarging,evanescent,chocolate,woods,pungent,p
knobbed,grooves,green,no,orange,tapering,evanescent,green,paths,fishy,p
sunken,grooves,yellow,no,black,enlarging,pendant,green,urban,none,e
knobbed,grooves,yellow,no,orange,tapering,evanescent,green,grasses,musty,p
conical,scaly,red,no,orange,enlarging,none,chocolate,paths,anise,e
conical,smooth,pink,yes,black,enlarging,large,purple,grasses,none,e
conical,fibrous,yellow,no,orange,enlarging,evanescent,black,leaves,almond,e
knobbed,grooves,white,no,pink,enlarging,evanescent,green,woods,creosote,p
bell,grooves,gray,yes,black,enlarging,pendant,buff,woods,none,e
conical,grooves,green,no,black,enlarging,none,black,waste,creosote,p
flat,grooves,brown,no,buff,enlarging,flaring,chocolate,paths,pungent,p
conical,smooth,pink,no,orange,enlarging,evanescent,orange,paths,creosote,p
sunken,smooth,red,no,white,tapering,flaring,green,leaves,creosote,p
conical,scaly,pink,yes,white,enlarging,large,black,meadows,creosote,p
conical,fibrous,brown,no,buff,enlarging,evanescent,chocolate,meadows,none,e
bell,grooves,gray,no,buff,tapering,large,brown,waste,pungent,p
bell,smooth,yellow,no,red,enlarging,flaring,orange,leaves,musty,p
sunken,fibrous,gray,no,buff,enlarging,evanescent,green,urban,creosote,p
flat,grooves,gray,no,brown,enlarging,evanescent,purple,grasses,foul,p
flat,fibrous,pink,no,gray,tapering,none,brown,urban,musty,p
knobbed,fibrous,green,yes,pink,tapering,none,brown,urban,musty,p
bell,fibrous,red,no,orange,tapering,evanescent,white,waste,musty,p
sunken,scaly,brown,no,buff,enlarging,large,green,paths,fishy,p
conical,grooves,white,no,pink,tapering,pendant,buff,grasses,pungent,p
flat,smooth,pink,no,brown,enlarging,large,white,woods,foul,p
knobbed,fibrous,brown,no,white,enlarging,none,brown,urban,foul,p
knobbed,grooves,pink,yes,brown,tapering,none,chocolate,meadows,musty,p
conical,grooves,red,yes,orange,enlarging,pendant,buff,urban,musty,p
knobbed,smooth,pink,no,orange,enlarging,none,brown,meadows,musty,p
bell,smooth,gray,yes,gray,tapering,none,white,meadows,creosote,p
sunken,scaly,pink,no,white,enlarging,flaring,brown,grasses,creosote,p
bell,scaly,yellow,no,gray,tapering,pendant,green,paths,creosote,p
sunken,scaly,pink,no,white,tapering,none,green,meadows,none,e
conical,fibrous,red,yes,brown,tapering,large,purple,waste,anise,e
bell,smooth,gray,no,black,tapering,none,white,waste,almond,e
conical,scaly,yellow,yes,buff,enlarging,evanescent,black,leaves,almond,e
flat,fibrous,red,yes,orange,tapering,pendant,orange,paths,pungent,p
knobbed,grooves,brown,no,red,enlarging,large,white,leaves,fishy,p
sunken,grooves,yellow,no,orange,enlarging,evanescent,green,waste,foul,p
knobbed,smooth,pink,yes,gray,enlarging,evanescent,green,woods,foul,p
conical,scaly,red,no,buff,tapering,flaring,purple,meadows,fishy,p
knobbed,grooves,green,yes,orange,tapering,flaring,purple,meadows,pungent,p
sunken,fibrous,green,no,gray,enlarging,large,black,grasses,fishy,p
conical,smooth,yellow,no,black,tapering,pendant,buff,leaves,pungent,p
sunken,fibrous,white,yes,buff,tapering,large,orange,woods,anise,e
flat,scaly,white,yes,buff,enlarging,evanescent,purple,urban,fishy,p
sunken,scaly,white,no,gray,enlarging,flaring,orange,urban,none,e
knobbed,smooth,green,no,red,tapering,evanescent,black,paths,fishy,p
bell,smooth,red,no,gray,tapering,evanescent,green,paths,fishy,p
conical,scaly,pink,no,brown,enlarging,flaring,buff,waste,pungent,p
flat,scaly,green,no,orange,tapering,flaring,white,meadows,none,e
bell,smooth,gray,yes,black,enlarging,pendant,white,leaves,creosote,p
bell,scaly,green,no,gray,enlarging,evanescent,orange,grasses,musty,p
bell,grooves,green,no,brown,enlarging,flaring,black,grasses,anise,e
conical,scaly,pink,yes,orange,enlarging,large,black,paths,musty,p
conical,grooves,yellow,no,buff,tapering,evanescent,orange,woods,musty,p
bell,scaly,green,yes,white,enlarging,pendant,black,urban,musty,p
sunken,smooth,yellow,no,buff,tapering,pendant,green,meadows,none,e
sunken,grooves,green,no,brown,enlarging,evanescent,brown,meadows,creosote,p
bell,scaly,yellow,yes,white,enlarging,none,black,waste,anise,e
sunken,grooves,pink,no,black,enlarging,evanescent,buff,woods,almond,e
bell,smooth,green,yes,white,enlarging,large,green,urban,foul,p
conical,scaly,red,yes,orange,tapering,pendant,buff,leaves,foul,p
sunken,scaly,gray,yes,brown,tapering,flaring,brown,urban,almond,e
flat,smooth,red,no,buff,enlarging,flaring,orange,paths,fishy,p
conical,fibrous,green,yes,gray,enlarging,evanescent,orange,waste,almond,e
bell,fibrous,gray,yes,buff,enlarging,flaring,white,woods,anise,e
flat,grooves,white,yes,black,tapering,evanescent,buff,urban,almond,e
flat,smooth,brown,yes,white,tapering,none,black,meadows,foul,p
conical,grooves,gray,no,buff,enlarging,flaring,white,grasses,none,e
flat,scaly,pink,no,white,enlarging,large,white,leaves,foul,p
sunken,scaly,yellow,yes,black,tapering,large,orange,paths,pungent,p
flat,scaly,gray,yes,buff,enlarging,pendant,buff,grasses,none,e
flat,scaly,red,yes,buff,enlarging,flaring,buff,urban,fishy,p
knobbed,fibrous,pink,no,black,enlarging,evanescent,purple,grasses,almond,e
flat,scaly,red,yes,black,tapering,none,white,leaves,fishy,p
flat,fibrous,red,no,white,enlarging,large,green,leaves,pungent,p
sunken,smooth,brown,no,red,enlarging,pendant,orange,waste,creosote,p
flat,smooth,green,no,black,enlarging,evanescent,white,leaves,anise,e
flat,smooth,brown,no,buff,tapering,large,buff,woods,musty,p
conical,grooves,green,yes,black,tapering,flaring,chocolate,waste,fishy,p
knobbed,grooves,white,yes,white,tapering,pendant,chocolate,waste,foul,p
flat,fibrous,red,no,pink,tapering,pendant,green,meadows,musty,p
