month,day_of_week,dep_hour,carrier,origin,dest,distance_km,aircraft_age,scheduled_min,delayed
7,6,16,SW,BKK,NRT,3631,6,386,No
4,4,8,AA,SIN,SYD,7634,24,589,No
11,4,3,UA,SIN,DXB,4230,24,654,Yes
8,4,22,AA,CGK,PEK,3166,21,802,Yes
5,1,13,BA,BKK,PEK,1049,24,401,No
7,7,18,UA,SIN,ICN,5241,10,824,No
10,4,2,AA,SIN,ICN,4482,15,738,No
3,1,13,SW,KUL,DXB,1744,9,613,No
7,4,7,SW,SIN,PEK,4386,24,308,Yes
11,5,23,UA,SIN,NRT,4512,2,819,No
11,6,0,BA,CGK,SYD,3049,18,439,Yes
8,4,9,SW,BKK,PEK,3704,12,857,No
5,2,17,SW,HKG,NRT,1345,3,591,No
4,6,15,BA,BKK,NRT,6696,7,440,No
8,6,7,AA,KUL,SYD,5045,9,101,No
8,4,0,SW,BKK,NRT,6705,8,404,No
3,7,11,DL,SIN,DXB,7690,6,658,No
6,3,7,SW,KUL,NRT,543,1,320,No
5,7,23,AA,BKK,DXB,7463,14,365,No
2,4,15,AA,KUL,NRT,6177,16,868,No
8,6,17,UA,HKG,ICN,1158,16,299,Yes
12,2,3,DL,BKK,NRT,5323,4,738,No
6,6,5,AA,SIN,DXB,7495,6,372,No
2,7,11,BA,KUL,NRT,6690,15,790,No
12,2,8,DL,CGK,NRT,4430,22,500,Yes
5,1,14,DL,KUL,NRT,3367,8,192,No
1,5,15,BA,CGK,DXB,5643,1,778,No
12,6,23,SW,SIN,NRT,6276,13,110,No
10,4,11,BA,HKG,SYD,6732,18,677,No
6,1,23,BA,CGK,SYD,5793,18,451,Yes
12,5,22,SW,HKG,DXB,4147,13,755,No
9,4,13,SW,KUL,ICN,5738,22,772,No
1,3,12,SW,SIN,SYD,3282,14,582,Yes
11,4,1,SW,CGK,PEK,2191,11,825,No
11,2,2,SW,KUL,SYD,2725,7,567,No
10,2,23,BA,BKK,PEK,3566,18,721,No
12,3,21,UA,KUL,DXB,6451,21,413,No
12,1,9,UA,HKG,ICN,2447,22,454,No
3,5,8,AA,SIN,PEK,1865,4,155,No
12,4,19,UA,SIN,PEK,3630,17,165,Yes
7,2,7,UA,KUL,SYD,7544,19,714,Yes
4,1,9,BA,BKK,PEK,5033,14,737,No
9,3,18,SW,HKG,DXB,6047,10,572,No
3,7,2,SW,KUL,DXB,5021,6,617,No
5,6,23,BA,KUL,DXB,1467,18,301,Yes
3,7,4,UA,SIN,SYD,1904,4,547,Yes
7,7,2,BA,HKG,ICN,985,11,849,Yes
5,2,15,AA,BKK,SYD,2255,13,574,No
9,3,16,SW,SIN,DXB,7852,8,713,No
7,4,14,DL,KUL,SYD,4130,10,120,No
2,7,2,AA,SIN,DXB,7103,23,475,Yes
4,7,11,AA,SIN,NRT,3468,11,353,No
9,5,8,BA,CGK,NRT,7769,3,796,No
12,2,20,UA,SIN,PEK,2079,15,361,No
2,2,11,SW,SIN,ICN,7682,8,229,No
10,4,14,DL,HKG,NRT,3295,20,705,No
9,6,1,AA,SIN,DXB,6492,18,100,No
10,1,22,DL,BKK,SYD,550,21,290,No
5,5,17,UA,KUL,SYD,6952,1,468,No
2,2,19,UA,HKG,PEK,5653,24,797,No
4,5,11,DL,SIN,SYD,2159,8,710,No
12,2,22,SW,BKK,NRT,7648,3,681,No
12,5,3,UA,KUL,SYD,6208,1,356,Yes
7,3,22,DL,HKG,NRT,6523,20,514,Yes
12,7,15,AA,BKK,NRT,7278,16,116,No
8,2,22,DL,SIN,ICN,4800,9,694,Yes
3,5,15,DL,CGK,PEK,3287,17,299,No
1,1,0,BA,CGK,DXB,5689,16,657,Yes
4,3,21,UA,HKG,NRT,7897,23,235,Yes
2,3,1,SW,BKK,PEK,5128,6,122,No
8,1,2,SW,KUL,DXB,2655,23,610,Yes
4,5,20,BA,BKK,SYD,7519,7,197,No
2,4,19,SW,CGK,PEK,5860,24,513,No
6,1,16,DL,HKG,PEK,4846,16,812,No
6,5,19,BA,SIN,PEK,4730,8,508,No
10,1,21,AA,BKK,SYD,3661,10,285,No
4,1,20,UA,CGK,SYD,2114,14,502,No
6,2,0,UA,KUL,PEK,3236,11,265,Yes
2,5,19,UA,HKG,ICN,7965,2,735,No
10,4,5,DL,SIN,NRT,906,12,86,No
12,7,14,AA,BKK,SYD,3879,20,516,Yes
2,2,13,BA,KUL,ICN,4697,20,754,No
10,1,19,BA,SIN,SYD,1884,13,769,No
4,7,14,UA,CGK,PEK,4195,15,166,No
8,6,13,AA,CGK,ICN,7336,12,503,No
7,7,20,AA,KUL,DXB,6147,13,760,Yes
12,1,23,AA,CGK,NRT,6227,8,95,Yes
9,1,4,SW,HKG,NRT,5912,16,656,No
8,5,5,SW,KUL,SYD,7813,3,214,No
5,5,16,UA,CGK,NRT,4999,13,228,No
2,2,10,AA,BKK,DXB,5409,12,855,No
5,4,15,AA,CGK,ICN,7669,19,331,No
8,2,11,BA,HKG,ICN,7786,2,606,No
10,3,14,BA,SIN,PEK,3402,1,479,No
9,1,22,UA,SIN,ICN,2129,8,243,No
12,7,3,AA,CGK,SYD,3762,9,670,Yes
12,6,17,UA,SIN,DXB,1526,8,296,No
12,1,20,BA,CGK,PEK,3489,21,568,Yes
9,1,2,BA,HKG,SYD,5616,17,500,No
1,2,21,SW,SIN,SYD,2724,9,181,No
9,6,7,UA,BKK,SYD,5876,6,476,No
7,6,22,UA,CGK,NRT,3420,15,594,Yes
9,6,2,AA,SIN,SYD,7120,23,434,Yes
8,2,7,AA,HKG,NRT,7041,24,634,Yes
1,1,17,SW,HKG,ICN,6115,13,385,No
12,2,9,DL,BKK,NRT,4815,21,539,Yes
8,5,19,DL,HKG,SYD,6600,22,209,No
8,5,16,DL,HKG,DXB,4768,12,766,No
11,2,7,UA,SIN,DXB,3283,13,651,No
3,6,22,UA,CGK,ICN,1913,7,549,No
1,1,10,BA,KUL,SYD,5097,23,886,Yes
8,2,4,UA,HKG,NRT,4148,18,212,Yes
3,2,12,UA,HKG,DXB,6408,14,76,No
3,2,20,UA,KUL,PEK,3308,11,610,No
1,3,22,SW,HKG,SYD,3831,14,407,No
11,5,4,UA,SIN,SYD,2678,17,518,No
5,7,23,AA,SIN,PEK,7780,24,261,No
10,6,12,AA,KUL,DXB,1297,21,482,No
7,4,5,BA,HKG,PEK,3346,2,339,Yes
10,7,4,SW,HKG,ICN,1429,19,481,No
9,6,8,AA,CGK,NRT,5318,16,659,No
12,4,15,SW,HKG,NRT,3591,22,524,Yes
7,3,1,SW,SIN,DXB,2762,10,871,Yes
9,2,0,BA,BKK,PEK,1833,22,863,Yes
8,3,7,SW,BKK,SYD,1774,8,414,No
12,3,18,UA,BKK,SYD,5083,21,641,Yes
2,7,10,SW,BKK,SYD,3980,5,437,No
1,1,11,BA,HKG,ICN,3842,7,183,No
7,7,11,BA,HKG,ICN,6553,13,139,Yes
7,5,6,BA,CGK,SYD,1717,16,616,Yes
8,4,12,AA,HKG,DXB,1964,5,292,No
5,2,7,UA,BKK,ICN,4908,16,539,No
3,7,21,AA,KUL,ICN,4674,15,213,No
12,4,8,DL,KUL,NRT,6823,9,751,Yes
8,6,6,UA,SIN,NRT,7647,22,468,Yes
6,4,20,SW,SIN,DXB,5270,23,90,Yes
11,6,23,BA,HKG,ICN,6333,12,656,No
3,7,14,DL,KUL,ICN,513,8,616,No
1,5,1,UA,BKK,PEK,7502,13,562,Yes
3,7,22,AA,BKK,DXB,2793,5,430,No
5,6,19,BA,BKK,DXB,2545,14,382,No
3,4,11,AA,HKG,PEK,1537,16,391,No
1,4,0,UA,HKG,PEK,6742,11,302,Yes
5,6,22,UA,CGK,NRT,4628,20,611,Yes
10,3,21,DL,BKK,DXB,1959,12,489,No
7,5,7,SW,BKK,DXB,756,15,241,No
7,1,4,AA,HKG,PEK,4629,24,868,Yes
11,2,14,DL,HKG,SYD,6662,12,532,No
9,4,0,BA,CGK,SYD,4573,9,435,No
10,2,0,SW,CGK,NRT,1783,1,140,No
10,1,9,DL,SIN,SYD,7232,3,609,No
12,7,21,AA,KUL,SYD,6445,12,479,No
3,2,9,UA,BKK,SYD,3987,20,526,No
7,1,20,BA,BKK,ICN,2684,13,487,Yes
1,6,14,AA,CGK,NRT,858,23,116,No
4,3,16,SW,CGK,PEK,4291,6,381,No
4,4,21,SW,SIN,SYD,5349,10,601,No
5,1,5,UA,KUL,ICN,6198,10,554,Yes
7,2,2,UA,SIN,SYD,3687,16,325,Yes
7,4,12,BA,KUL,ICN,4999,1,286,No
11,3,15,BA,BKK,NRT,1725,16,888,Yes
4,6,7,UA,SIN,SYD,5995,4,863,No
7,7,14,UA,CGK,ICN,2797,6,113,No
11,4,16,SW,SIN,DXB,7089,19,668,No
3,7,16,UA,SIN,DXB,7597,2,63,No
6,1,21,DL,BKK,ICN,777,18,498,Yes
12,3,12,AA,CGK,SYD,4707,10,369,No
2,2,16,UA,CGK,SYD,2486,4,662,No
10,3,5,BA,HKG,NRT,4044,1,148,No
9,3,16,DL,HKG,NRT,3293,15,379,No
5,5,15,BA,HKG,PEK,7331,10,434,No
6,3,13,DL,BKK,NRT,891,18,663,No
12,3,12,UA,SIN,SYD,1468,16,560,No
12,4,5,AA,CGK,PEK,2690,13,721,Yes
12,2,2,BA,CGK,NRT,5651,15,293,Yes
12,4,13,DL,SIN,ICN,2728,2,396,No
4,4,13,SW,CGK,DXB,3126,20,630,No
11,1,14,UA,SIN,NRT,3345,4,244,No
10,4,7,AA,BKK,NRT,4864,1,497,No
7,5,14,UA,BKK,ICN,3807,7,615,Yes
12,5,21,SW,BKK,SYD,7944,23,239,Yes
9,7,12,AA,SIN,ICN,3100,11,135,No
7,1,16,SW,SIN,NRT,3180,10,715,Yes
1,7,20,UA,KUL,SYD,6625,1,672,No
1,7,23,DL,CGK,PEK,4870,11,331,Yes
9,6,2,UA,CGK,NRT,5338,24,114,Yes
11,2,5,UA,KUL,ICN,585,10,760,No
9,2,4,UA,KUL,PEK,3634,14,136,No
4,4,21,BA,BKK,DXB,4999,14,355,No
9,4,16,SW,KUL,PEK,2739,7,278,No
3,6,22,SW,SIN,ICN,3864,23,336,Yes
7,4,1,SW,HKG,PEK,2545,11,637,Yes
6,2,14,BA,SIN,ICN,1554,22,707,No
8,7,4,DL,KUL,NRT,3901,4,805,No
11,3,19,UA,CGK,SYD,4229,24,770,No
9,5,5,DL,SIN,DXB,6750,2,325,No
5,3,5,BA,CGK,SYD,6490,7,102,No
1,3,17,SW,SIN,SYD,3169,19,420,Yes
3,2,17,UA,CGK,SYD,775,14,287,No
10,3,3,AA,SIN,ICN,5246,19,286,Yes
12,6,16,AA,CGK,ICN,6217,7,122,Yes
8,1,13,DL,HKG,DXB,4590,12,230,No
11,4,13,SW,BKK,ICN,7199,3,821,No
6,1,12,AA,SIN,ICN,1605,15,821,No
8,7,6,DL,HKG,ICN,7731,5,366,Yes
9,5,11,BA,BKK,ICN,6509,8,809,No
4,4,22,DL,SIN,NRT,7210,14,627,No
1,3,14,DL,HKG,DXB,5181,4,742,No
1,5,18,DL,HKG,ICN,3432,7,93,No
10,4,10,UA,HKG,DXB,628,7,886,No
4,6,14,DL,KUL,PEK,4851,18,701,Yes
12,6,11,DL,CGK,NRT,7577,14,189,No
7,6,2,UA,BKK,ICN,4826,8,453,Yes
2,6,16,UA,CGK,NRT,4068,12,210,No
3,3,2,BA,CGK,NRT,5756,10,714,No
1,1,18,SW,CGK,PEK,7506,14,689,No
5,4,19,AA,HKG,DXB,2902,9,775,No
1,3,3,AA,CGK,NRT,2147,6,443,Yes
8,6,2,DL,KUL,SYD,4056,5,806,No
1,7,15,BA,SIN,PEK,4391,1,76,No
11,1,11,DL,HKG,SYD,2693,1,653,No
1,7,7,AA,BKK,PEK,2547,20,73,Yes
2,5,23,UA,SIN,SYD,3604,17,140,No
2,7,16,SW,SIN,SYD,4855,11,266,No
12,5,6,BA,SIN,NRT,2634,12,263,Yes
6,5,10,UA,CGK,NRT,1342,3,438,No
7,6,17,SW,CGK,PEK,2471,6,843,No
5,5,0,BA,HKG,DXB,4860,11,603,No
1,2,2,BA,CGK,NRT,4403,13,82,Yes
1,4,3,AA,CGK,NRT,4113,11,673,Yes
3,4,12,UA,CGK,ICN,891,8,221,No
2,6,5,BA,HKG,NRT,2779,10,669,No
5,2,13,BA,HKG,DXB,1400,2,203,No
12,7,4,SW,KUL,ICN,5183,24,163,Yes
10,3,15,AA,KUL,SYD,2994,14,441,No
6,7,14,DL,KUL,SYD,1652,16,514,No
7,3,14,AA,KUL,ICN,1794,17,476,No
4,5,3,DL,SIN,ICN,7756,11,383,Yes
7,1,7,UA,SIN,ICN,965,2,230,No
11,3,15,UA,KUL,PEK,7577,24,635,No
8,1,15,BA,KUL,DXB,5789,23,815,Yes
11,4,3,UA,BKK,DXB,2675,5,642,No
1,1,12,BA,SIN,SYD,3745,16,333,Yes
6,4,12,AA,BKK,SYD,6568,16,511,No
8,2,1,UA,BKK,SYD,5645,2,184,No
5,2,2,AA,CGK,NRT,7216,16,442,Yes
4,6,21,AA,HKG,SYD,7154,5,376,No
2,6,7,UA,SIN,ICN,987,8,166,No
6,5,23,AA,KUL,SYD,3438,20,719,No
6,3,14,UA,KUL,ICN,3126,14,522,No
11,5,10,UA,HKG,PEK,1449,10,489,No
1,4,8,UA,SIN,NRT,5001,23,763,No
9,5,6,DL,KUL,NRT,1549,2,396,No
12,1,12,AA,KUL,DXB,5702,3,797,No
11,4,1,SW,CGK,PEK,4575,18,813,No
6,6,7,UA,BKK,ICN,4959,21,555,No
3,2,6,AA,KUL,PEK,1890,2,421,No
4,6,23,BA,SIN,NRT,1583,21,855,No
12,3,11,UA,HKG,ICN,5146,9,491,No
11,4,18,UA,CGK,PEK,2158,2,734,No
4,4,6,SW,SIN,NRT,4887,7,579,No
3,1,9,DL,CGK,ICN,7432,7,465,No
10,3,15,DL,BKK,ICN,6556,14,436,No
3,2,2,UA,KUL,NRT,7459,5,211,No
3,7,9,AA,SIN,ICN,2317,8,381,No
4,4,5,BA,HKG,NRT,690,23,666,No
7,4,17,BA,BKK,SYD,960,22,273,Yes
4,1,17,AA,BKK,SYD,7307,18,635,No
9,5,4,UA,CGK,ICN,6515,6,124,No
1,2,20,BA,BKK,ICN,6876,14,329,Yes
8,6,6,DL,SIN,NRT,3021,18,596,Yes
7,3,1,AA,CGK,ICN,3976,17,159,Yes
2,4,10,SW,BKK,DXB,3205,9,164,No
8,4,12,UA,HKG,SYD,4866,13,190,No
1,6,22,AA,SIN,ICN,1657,16,448,Yes
11,2,4,BA,HKG,ICN,4766,21,380,Yes
12,5,5,UA,HKG,PEK,6034,10,497,No
9,4,23,DL,CGK,ICN,527,10,78,No
9,2,13,UA,KUL,DXB,4731,4,284,No
2,6,11,UA,CGK,SYD,3472,12,677,No
7,1,3,DL,SIN,PEK,7048,8,625,Yes
10,5,22,DL,SIN,NRT,3524,15,519,No
3,3,5,UA,CGK,NRT,5483,21,453,No
7,4,9,DL,KUL,SYD,6124,23,285,No
12,2,17,AA,CGK,NRT,1764,19,419,Yes
10,1,14,DL,SIN,DXB,1355,15,489,No
9,3,7,DL,KUL,ICN,4525,8,74,No
4,7,8,UA,SIN,SYD,7087,8,619,No
12,2,4,AA,KUL,PEK,7077,19,710,Yes
1,2,9,SW,KUL,ICN,1751,9,605,Yes
2,3,19,SW,CGK,NRT,5104,24,473,Yes
1,1,5,BA,CGK,NRT,4370,17,414,Yes
12,7,15,DL,CGK,PEK,1826,8,516,No
5,6,23,DL,KUL,DXB,6677,12,781,No
5,1,2,AA,KUL,PEK,1525,15,590,No
11,5,9,SW,SIN,SYD,861,4,255,No
7,4,10,BA,HKG,PEK,1718,6,897,Yes
9,3,10,AA,CGK,NRT,1105,16,174,No
9,6,16,DL,SIN,DXB,6459,5,476,No
3,7,3,SW,SIN,DXB,5927,23,411,Yes
3,3,3,BA,BKK,PEK,2170,13,134,No
3,3,16,UA,CGK,SYD,5311,15,721,No
4,1,8,SW,SIN,NRT,2797,17,95,No
8,4,18,BA,BKK,ICN,2694,22,301,Yes
6,5,4,AA,CGK,DXB,4943,20,722,Yes
8,2,21,UA,KUL,PEK,1777,22,122,Yes
1,2,23,BA,BKK,SYD,898,5,725,No
8,3,5,BA,KUL,SYD,5953,19,568,Yes
4,4,2,DL,HKG,NRT,5795,7,247,No
11,7,21,SW,HKG,DXB,2672,3,794,No
1,7,0,DL,HKG,NRT,3310,13,152,No
8,6,19,UA,HKG,ICN,7041,14,64,No
4,1,21,BA,SIN,ICN,6774,16,497,No
6,4,15,DL,HKG,ICN,6181,13,225,No
8,4,22,SW,SIN,SYD,3152,2,505,Yes
4,1,10,UA,SIN,DXB,3439,14,84,No
3,7,12,AA,CGK,NRT,1321,20,567,No
9,7,9,DL,SIN,NRT,5497,7,157,No
3,7,2,UA,SIN,ICN,1444,5,327,No
9,3,8,AA,HKG,DXB,3978,14,721,No
2,4,11,DL,SIN,DXB,3279,9,452,No
2,2,22,UA,KUL,PEK,6465,10,823,No
2,1,13,UA,HKG,DXB,4929,7,655,No
6,7,0,DL,BKK,DXB,5639,14,344,No
3,6,17,UA,HKG,NRT,6848,14,743,No
9,7,16,BA,SIN,DXB,7599,2,792,No
4,7,8,DL,KUL,DXB,4950,17,168,No
1,5,8,UA,HKG,NRT,1696,20,86,Yes
4,3,22,AA,KUL,DXB,1712,4,817,No
1,1,9,AA,BKK,NRT,1323,13,114,Yes
5,5,18,BA,BKK,PEK,5621,18,192,No
4,5,14,DL,CGK,SYD,2396,3,111,No
8,6,4,UA,CGK,NRT,7584,19,552,Yes
8,4,14,UA,HKG,NRT,4763,5,824,Yes
7,6,19,AA,CGK,DXB,2915,1,840,Yes
3,4,22,BA,KUL,NRT,1035,9,357,No
1,4,1,AA,CGK,ICN,6544,24,458,Yes
1,1,12,AA,KUL,ICN,3510,8,650,No
12,7,23,BA,CGK,PEK,3127,3,77,No
11,1,15,DL,CGK,NRT,4277,2,877,No
3,3,14,UA,CGK,DXB,6215,1,829,No
6,4,9,DL,SIN,DXB,1449,12,678,No
7,5,13,SW,SIN,SYD,4008,22,618,Yes
6,7,9,SW,CGK,PEK,4802,13,305,No
6,2,13,SW,KUL,DXB,7716,10,562,No
6,3,22,BA,HKG,SYD,1043,17,148,No
3,1,8,AA,BKK,DXB,4400,11,262,No
6,6,13,DL,SIN,SYD,4253,5,299,No
8,3,2,UA,CGK,ICN,4724,9,549,No
11,3,19,SW,BKK,ICN,6066,13,839,No
11,7,15,DL,SIN,DXB,7257,20,72,Yes
2,3,1,SW,HKG,PEK,2582,23,708,Yes
5,3,9,SW,KUL,NRT,3366,11,374,No
1,2,2,UA,CGK,PEK,2746,23,744,Yes
12,6,10,BA,HKG,PEK,2336,4,801,No
1,6,10,AA,SIN,NRT,576,21,257,Yes
5,6,20,BA,CGK,ICN,868,11,302,No
12,4,20,DL,BKK,ICN,7476,9,566,No
3,5,21,BA,KUL,NRT,5121,7,102,No
4,6,12,DL,SIN,SYD,848,16,389,No
3,3,6,DL,KUL,PEK,5101,23,850,Yes
1,3,22,AA,CGK,DXB,5238,23,650,Yes
1,6,16,UA,HKG,ICN,4833,5,488,Yes
12,7,1,AA,KUL,DXB,5899,6,850,No
12,6,11,BA,BKK,NRT,6196,19,803,Yes
5,3,9,DL,SIN,DXB,1955,1,672,No
6,4,17,SW,BKK,DXB,2685,16,221,No
3,1,21,SW,KUL,PEK,7936,18,715,No
12,1,10,DL,HKG,NRT,4311,24,680,Yes
9,6,15,AA,HKG,DXB,3772,13,494,No
5,2,16,UA,BKK,ICN,7809,1,292,No
8,6,18,AA,CGK,NRT,7255,10,170,Yes
1,7,17,DL,CGK,ICN,6269,7,291,No
5,6,2,DL,HKG,SYD,7323,5,809,No
3,1,20,UA,BKK,DXB,4182,13,768,No
12,3,15,BA,BKK,NRT,2346,22,332,Yes
1,6,5,BA,BKK,ICN,2354,16,657,Yes
4,3,11,UA,KUL,DXB,7482,24,866,No
5,3,10,BA,CGK,PEK,3485,20,100,Yes
7,2,14,SW,CGK,ICN,4950,22,619,Yes
1,3,14,BA,KUL,ICN,3125,14,525,Yes
3,1,15,BA,SIN,SYD,3394,11,136,No
2,4,9,BA,KUL,PEK,7996,19,749,No
9,4,11,SW,BKK,SYD,1058,23,549,No
10,5,12,BA,KUL,PEK,3396,2,828,No
6,7,3,SW,BKK,ICN,2417,8,176,No
10,6,6,UA,HKG,SYD,1754,13,493,No
3,7,21,AA,BKK,DXB,7975,7,78,No
8,1,1,UA,CGK,PEK,2181,12,630,No
8,3,14,AA,KUL,ICN,5765,8,255,No
2,4,7,UA,BKK,NRT,5771,16,678,No
6,7,6,AA,SIN,PEK,2314,18,510,Yes
7,1,14,AA,HKG,PEK,6783,19,484,Yes
2,4,22,DL,SIN,DXB,1162,4,453,No
11,3,13,AA,SIN,PEK,4616,12,343,No
10,7,7,AA,SIN,PEK,3825,16,93,No
2,4,11,DL,HKG,DXB,6707,21,354,No
10,6,12,BA,HKG,DXB,1741,22,310,Yes
1,6,10,BA,HKG,SYD,3643,17,697,No
8,5,16,DL,HKG,ICN,3537,4,398,Yes
1,5,16,SW,SIN,ICN,661,20,677,No
9,4,23,AA,CGK,SYD,4725,24,499,No
11,1,3,AA,CGK,ICN,7224,24,239,No
6,6,20,DL,HKG,PEK,2450,22,681,No
7,1,7,DL,KUL,SYD,4820,24,287,Yes
10,1,4,SW,BKK,SYD,2281,9,692,No
7,4,15,BA,KUL,ICN,5175,5,678,Yes
10,1,3,UA,KUL,NRT,1977,17,702,No
3,6,21,BA,KUL,ICN,3530,17,82,No
2,3,14,AA,CGK,NRT,7648,2,716,No
9,5,11,DL,BKK,SYD,4486,2,386,No
8,3,4,SW,KUL,NRT,606,21,213,Yes
12,1,22,BA,HKG,PEK,3168,23,678,Yes
10,3,15,SW,CGK,DXB,5435,7,205,No
7,6,13,BA,HKG,NRT,7770,4,311,No
9,6,9,AA,HKG,DXB,1664,13,361,No
4,1,6,UA,KUL,PEK,7220,20,129,No
4,4,12,SW,HKG,DXB,1657,11,602,No
1,3,19,SW,BKK,PEK,2746,3,152,No
8,4,4,UA,HKG,DXB,7153,2,708,No
12,4,2,SW,KUL,DXB,1166,16,222,Yes
3,2,14,SW,HKG,ICN,2626,3,140,No
7,1,3,BA,CGK,NRT,6567,24,887,Yes
12,5,14,BA,CGK,DXB,3441,15,647,No
2,6,13,UA,CGK,SYD,1011,17,122,Yes
2,6,19,AA,SIN,ICN,749,16,671,No
7,1,18,SW,CGK,NRT,1388,20,495,Yes
6,7,12,AA,CGK,ICN,1523,7,107,No
3,7,9,UA,SIN,NRT,5194,16,504,No
9,7,20,UA,CGK,PEK,5348,5,133,No
10,5,4,BA,KUL,DXB,1099,2,885,No
6,6,22,SW,CGK,SYD,3522,1,763,No
10,1,19,DL,CGK,ICN,3030,22,601,Yes
10,6,19,UA,SIN,ICN,3383,13,216,No
6,4,5,SW,KUL,ICN,6815,16,546,No
1,3,3,AA,HKG,ICN,7512,5,325,Yes
4,3,1,BA,BKK,DXB,2564,3,315,No
10,6,21,AA,KUL,NRT,2258,15,98,No
6,2,15,UA,HKG,DXB,5913,16,114,Yes
6,5,17,UA,KUL,PEK,7037,11,87,No
11,7,4,AA,HKG,DXB,6441,19,177,Yes
12,5,21,UA,HKG,DXB,4069,18,429,Yes
5,5,3,SW,KUL,PEK,1742,21,268,No
1,4,12,UA,SIN,DXB,4829,9,646,No
8,5,18,BA,KUL,NRT,6009,8,636,No
5,3,22,SW,KUL,SYD,2795,22,671,No
12,4,1,DL,HKG,PEK,2425,19,617,Yes
12,1,12,UA,BKK,ICN,6695,22,375,No
12,5,10,UA,HKG,NRT,2562,5,452,No
5,5,21,BA,CGK,SYD,3895,17,503,No
7,1,3,BA,KUL,NRT,940,5,727,No
4,5,21,AA,KUL,NRT,5731,14,811,No
6,1,19,AA,SIN,ICN,3243,7,318,No
4,4,19,AA,HKG,SYD,506,9,707,No
3,3,14,BA,SIN,NRT,2086,17,257,No
7,1,3,AA,KUL,ICN,1325,3,758,No
8,2,8,AA,HKG,PEK,4324,8,687,Yes
4,1,6,DL,HKG,ICN,1768,22,504,No
2,5,18,AA,CGK,DXB,3936,13,629,No
12,7,18,UA,CGK,ICN,3938,16,641,No
10,7,5,BA,BKK,ICN,1810,21,664,Yes
3,4,5,SW,CGK,ICN,4533,10,800,No
1,6,19,DL,HKG,NRT,2127,18,708,No
8,4,14,BA,CGK,SYD,7773,3,676,No
3,6,14,BA,BKK,ICN,1536,12,364,No
12,7,19,UA,KUL,ICN,5765,16,398,Yes
10,7,8,AA,CGK,DXB,977,18,588,No
7,1,3,UA,HKG,DXB,3178,17,113,Yes
10,3,17,AA,KUL,PEK,1214,7,171,No
5,2,17,AA,HKG,PEK,2176,19,743,No
10,4,4,BA,KUL,DXB,2662,23,478,Yes
5,5,19,AA,HKG,SYD,1008,23,364,No
7,6,22,DL,CGK,PEK,7819,8,497,No
9,5,10,DL,CGK,SYD,6700,17,715,No
12,3,4,DL,BKK,DXB,881,21,144,Yes
5,6,21,BA,KUL,PEK,1680,7,583,No
1,4,3,UA,BKK,ICN,7595,1,311,Yes
10,1,11,SW,SIN,DXB,2345,8,787,No
10,5,1,AA,CGK,PEK,7800,19,185,Yes
1,3,12,SW,KUL,SYD,5782,20,669,Yes
2,4,9,UA,BKK,SYD,4870,20,464,No
6,7,8,UA,BKK,PEK,2218,10,363,No
9,7,9,BA,SIN,SYD,1600,12,87,No
8,4,6,DL,BKK,PEK,2360,24,325,Yes
5,4,3,DL,HKG,PEK,2591,1,111,No
1,4,18,UA,CGK,SYD,1217,24,714,Yes
7,6,9,BA,BKK,NRT,817,21,703,Yes
5,4,2,BA,BKK,ICN,5129,4,570,No
6,5,20,AA,SIN,DXB,6204,4,266,No
7,3,18,DL,HKG,ICN,2276,9,633,No
3,6,20,UA,BKK,DXB,7821,15,570,No
12,4,1,SW,CGK,DXB,2784,24,703,Yes
10,2,19,DL,CGK,ICN,7536,15,612,No
3,2,9,AA,BKK,PEK,7160,7,260,No
5,3,1,BA,HKG,SYD,1744,12,670,No
6,7,1,UA,CGK,NRT,1833,3,882,No
9,1,23,DL,CGK,NRT,4169,20,343,No
12,1,16,SW,HKG,NRT,1700,9,416,No
5,7,15,AA,HKG,ICN,2294,14,106,No
1,6,15,AA,BKK,ICN,7887,13,196,No
4,6,13,DL,KUL,PEK,6681,24,189,No
5,6,6,SW,SIN,NRT,3201,12,254,Yes
12,1,20,AA,KUL,PEK,1954,1,688,No
10,2,10,UA,KUL,NRT,2433,19,423,No
10,1,23,AA,CGK,ICN,1246,16,491,No
5,5,0,SW,HKG,SYD,7870,12,128,No
7,4,10,BA,CGK,SYD,1340,10,517,No
4,6,22,BA,SIN,SYD,2995,2,599,No
1,2,20,DL,BKK,SYD,6114,18,394,No
5,3,3,SW,SIN,DXB,7327,13,585,No
7,3,6,AA,CGK,NRT,6768,24,617,Yes
10,4,14,AA,CGK,SYD,1588,6,75,No
10,2,17,BA,CGK,DXB,1292,12,515,No
6,1,11,BA,CGK,DXB,7427,22,569,No
5,1,16,UA,KUL,DXB,1767,4,268,No
4,5,0,BA,BKK,PEK,2050,1,217,No
2,5,10,UA,KUL,PEK,6869,11,396,No
4,1,0,AA,CGK,DXB,7108,23,798,Yes
10,3,14,UA,HKG,SYD,3190,8,300,No
10,6,20,UA,KUL,NRT,792,2,117,No
3,3,9,DL,CGK,ICN,7364,2,875,No
10,5,6,BA,CGK,PEK,4522,16,364,Yes
1,4,1,UA,BKK,SYD,1904,1,404,Yes
8,1,9,AA,SIN,SYD,2148,4,701,No
5,5,23,SW,KUL,ICN,7399,6,788,No
4,5,3,UA,KUL,ICN,6809,21,73,Yes
8,6,11,BA,KUL,SYD,3316,20,418,No
7,1,18,DL,CGK,ICN,4410,14,436,Yes
2,6,10,AA,BKK,SYD,5837,20,302,No
1,1,7,DL,CGK,ICN,7650,15,204,No
12,6,17,SW,CGK,ICN,3418,7,474,No
11,3,10,UA,HKG,SYD,7942,7,453,No
4,4,10,UA,BKK,DXB,5671,18,897,No
8,4,12,BA,KUL,SYD,1897,23,674,Yes
12,1,2,UA,SIN,NRT,2193,2,788,Yes
2,2,11,AA,KUL,ICN,7210,20,417,No
3,7,2,SW,CGK,PEK,1537,15,635,No
12,5,9,DL,BKK,ICN,4352,1,217,No
1,5,16,SW,BKK,NRT,5959,21,733,No
1,1,21,UA,BKK,PEK,7245,17,77,No
3,6,1,DL,HKG,PEK,2062,20,787,Yes
11,2,16,BA,KUL,SYD,1612,13,890,No
5,3,15,SW,HKG,DXB,7548,12,620,No
12,6,1,DL,SIN,SYD,6684,24,627,Yes
3,6,21,DL,CGK,PEK,7971,22,406,No
1,1,19,DL,HKG,PEK,1791,15,117,No
1,1,5,AA,HKG,DXB,1661,24,214,Yes
8,5,9,SW,CGK,ICN,1529,5,626,No
10,1,9,DL,BKK,DXB,4837,7,546,No
11,1,7,SW,CGK,SYD,4757,8,590,No
12,1,0,DL,KUL,ICN,7662,23,546,Yes
12,5,12,BA,CGK,SYD,3239,14,210,No
2,3,23,BA,BKK,DXB,7452,4,418,No
3,3,8,BA,CGK,ICN,1478,21,427,No
2,7,21,UA,HKG,DXB,1017,14,679,No
3,7,9,DL,SIN,NRT,5493,10,106,No
7,1,14,UA,HKG,PEK,1282,22,266,Yes
1,7,4,SW,SIN,ICN,3331,16,509,Yes
10,5,21,UA,CGK,PEK,5775,11,542,No
8,3,15,SW,KUL,NRT,4680,22,699,Yes
10,6,12,SW,CGK,ICN,6331,14,756,No
10,3,21,SW,BKK,PEK,5629,14,629,No
10,3,19,UA,CGK,PEK,637,2,202,No
2,5,17,DL,SIN,ICN,1253,22,459,No
3,7,10,UA,HKG,PEK,3453,13,156,No
9,6,8,DL,KUL,PEK,5308,3,106,No
7,5,15,DL,CGK,ICN,6799,18,250,Yes
4,1,1,SW,CGK,PEK,2955,22,199,Yes
10,4,1,UA,HKG,PEK,3334,4,674,No
5,3,11,DL,KUL,SYD,7892,21,290,No
2,4,7,BA,CGK,SYD,1079,21,399,No
11,5,8,DL,CGK,NRT,3755,19,550,No
8,5,11,BA,SIN,SYD,3766,16,108,Yes
4,5,8,UA,SIN,SYD,5149,4,683,No
9,4,9,UA,BKK,NRT,895,19,512,No
5,5,1,UA,HKG,PEK,2437,23,375,No
9,1,15,DL,KUL,PEK,6282,15,381,No
4,5,19,AA,CGK,SYD,6215,1,146,No
10,2,6,DL,CGK,NRT,5753,16,533,Yes
5,7,1,DL,BKK,PEK,5928,15,341,No
9,4,0,SW,CGK,DXB,6485,16,898,Yes
8,2,18,SW,HKG,ICN,5405,22,823,Yes
3,5,3,DL,BKK,ICN,7605,20,133,Yes
1,1,23,BA,HKG,ICN,3089,1,512,No
3,3,21,SW,BKK,SYD,7676,17,106,No
4,6,1,DL,CGK,ICN,3534,5,647,No
2,7,13,AA,BKK,ICN,669,5,155,No
1,6,1,BA,SIN,DXB,2837,7,90,Yes
7,5,14,UA,KUL,PEK,3739,13,593,No
8,7,11,DL,CGK,DXB,3915,12,76,Yes
7,7,4,DL,KUL,SYD,4068,4,271,Yes
5,1,19,BA,CGK,ICN,3716,4,719,No
12,7,6,SW,KUL,PEK,3984,23,294,Yes
1,4,23,SW,SIN,ICN,5335,21,451,No
7,2,20,SW,KUL,ICN,2341,21,413,No
7,2,9,UA,BKK,SYD,7231,6,364,No
9,2,13,BA,KUL,ICN,7378,24,658,Yes
3,4,13,BA,CGK,NRT,4260,15,609,No
9,6,4,SW,HKG,PEK,5052,21,624,Yes
1,1,17,SW,KUL,PEK,7344,19,599,No
1,7,23,AA,KUL,NRT,3526,6,648,No
4,4,13,AA,KUL,SYD,5921,12,568,No
9,2,1,DL,CGK,ICN,6689,14,771,No
6,5,11,DL,KUL,ICN,4465,18,454,No
11,3,21,BA,CGK,PEK,7684,12,490,No
3,7,23,BA,CGK,SYD,2101,24,744,No
1,4,5,UA,HKG,SYD,5979,24,845,Yes
4,4,3,UA,BKK,SYD,5880,15,621,Yes
12,1,12,AA,CGK,ICN,1646,19,236,No
9,1,3,DL,SIN,SYD,4826,8,465,No
3,4,21,AA,KUL,NRT,7593,9,360,No
12,2,13,AA,SIN,DXB,3184,5,504,No
9,3,15,DL,KUL,SYD,611,5,798,No
7,7,3,UA,HKG,DXB,1092,6,186,Yes
12,1,23,DL,CGK,ICN,7913,23,408,Yes
4,7,0,SW,BKK,SYD,7502,3,80,Yes
3,2,12,SW,CGK,PEK,7034,5,770,No
10,7,3,SW,KUL,ICN,2939,1,760,No
5,5,19,BA,BKK,NRT,6971,11,479,No
5,1,17,UA,CGK,NRT,1738,21,211,No
3,2,5,UA,BKK,DXB,6483,20,219,Yes
12,2,2,BA,KUL,DXB,3294,1,539,Yes
9,3,22,AA,HKG,PEK,2914,7,502,No
4,3,12,SW,HKG,PEK,2629,15,155,No
11,5,15,SW,CGK,NRT,3353,17,411,No
5,2,4,AA,SIN,SYD,3369,8,134,Yes
4,6,3,DL,KUL,NRT,5695,2,653,No
5,2,20,DL,CGK,NRT,4098,13,699,No
7,3,7,UA,CGK,PEK,4303,12,418,No
9,6,18,BA,HKG,DXB,2026,5,192,No
7,1,13,UA,BKK,PEK,2469,13,459,No
5,1,6,DL,KUL,PEK,1451,6,198,No
10,7,13,AA,BKK,PEK,2002,15,305,No
10,4,5,UA,KUL,NRT,4967,23,350,No
7,3,11,SW,SIN,SYD,3836,22,171,Yes
10,4,15,SW,HKG,NRT,6907,21,774,No
5,6,16,AA,SIN,ICN,609,22,229,No
3,3,12,DL,CGK,PEK,4486,11,658,No
7,5,22,SW,HKG,PEK,2854,4,690,No
11,2,13,SW,CGK,ICN,5819,1,669,No
11,5,6,BA,SIN,PEK,725,15,299,No
2,6,13,UA,KUL,PEK,6828,12,396,No
12,3,14,DL,CGK,PEK,3511,9,197,No
9,6,11,UA,BKK,ICN,4626,11,653,No
10,2,16,DL,KUL,NRT,1113,5,295,No
10,1,8,SW,KUL,PEK,6390,24,707,No
12,1,21,BA,SIN,SYD,598,7,853,No
1,6,14,UA,SIN,ICN,5958,8,62,No
6,4,11,SW,HKG,DXB,1310,1,630,No
7,3,1,DL,HKG,ICN,6416,1,175,Yes
8,3,4,UA,BKK,NRT,3837,3,531,Yes
10,1,12,UA,KUL,ICN,3199,8,190,No
9,7,19,SW,BKK,DXB,5409,11,542,No
2,5,22,UA,BKK,SYD,6417,1,460,No
11,7,7,BA,SIN,DXB,1519,14,260,No
10,2,13,BA,BKK,ICN,3525,1,351,No
2,5,14,SW,BKK,DXB,4028,6,401,No
5,5,10,DL,CGK,ICN,4386,21,669,No
5,6,0,SW,HKG,SYD,6731,6,275,No
6,1,20,BA,HKG,SYD,5682,3,695,No
3,7,2,AA,KUL,NRT,5517,10,644,No
8,7,16,AA,HKG,SYD,6006,12,425,Yes
1,1,18,UA,KUL,PEK,6078,10,701,No
6,7,13,UA,CGK,DXB,7229,22,528,Yes
4,1,21,AA,HKG,DXB,7461,2,477,No
1,6,22,BA,CGK,ICN,3479,24,86,Yes
7,4,7,UA,HKG,SYD,6255,22,736,Yes
9,5,12,SW,HKG,NRT,3840,13,514,No
4,6,19,SW,CGK,NRT,6513,16,639,Yes
4,3,2,BA,BKK,NRT,1296,13,73,No
6,2,4,UA,BKK,PEK,2457,4,157,No
12,4,8,SW,BKK,SYD,3566,4,338,No
3,3,5,UA,BKK,NRT,5608,11,549,No
12,5,21,UA,HKG,PEK,3520,23,818,Yes
6,7,1,SW,SIN,DXB,3180,14,683,No
7,1,12,AA,CGK,ICN,4941,3,266,No
11,5,4,SW,SIN,SYD,5319,19,292,Yes
10,6,7,BA,SIN,SYD,3448,22,632,No
10,2,22,DL,KUL,DXB,4231,1,656,No
3,6,0,SW,BKK,SYD,1601,5,754,No
7,4,19,UA,HKG,SYD,5984,17,298,No
3,4,11,UA,BKK,SYD,1537,1,309,No
2,2,22,SW,BKK,SYD,4731,19,642,No
12,3,10,DL,SIN,PEK,5923,19,799,No
10,3,6,SW,KUL,PEK,7040,4,656,Yes
4,4,14,DL,BKK,ICN,1291,19,365,No
12,4,21,DL,CGK,SYD,4674,6,522,No
8,7,23,BA,CGK,DXB,2278,15,842,No
9,1,10,UA,BKK,NRT,5300,4,861,No
7,7,21,UA,SIN,ICN,1481,24,295,Yes
1,7,15,DL,SIN,NRT,6037,1,350,Yes
3,3,2,UA,HKG,NRT,1765,24,98,Yes
12,2,19,AA,KUL,SYD,5670,17,777,No
9,3,13,DL,SIN,DXB,1243,11,242,No
12,1,2,UA,HKG,NRT,2931,17,758,Yes
1,6,0,AA,CGK,NRT,874,23,704,Yes
9,4,20,BA,CGK,ICN,2253,1,89,No
8,4,14,UA,CGK,DXB,6849,9,447,No
1,1,0,AA,BKK,DXB,4397,14,826,Yes
6,7,16,SW,KUL,NRT,3036,15,202,No
5,2,1,SW,HKG,DXB,2491,24,674,No
6,4,19,AA,KUL,ICN,3428,1,478,No
10,5,5,DL,BKK,ICN,5930,2,133,No
12,7,7,DL,HKG,ICN,3946,18,114,Yes
5,4,15,UA,HKG,SYD,7275,18,807,Yes
6,5,18,SW,SIN,NRT,1091,6,631,No
5,1,0,DL,KUL,DXB,5661,20,83,Yes
11,1,2,DL,KUL,ICN,5128,8,81,Yes
12,7,2,SW,SIN,NRT,3069,1,487,No
5,4,4,BA,CGK,NRT,3372,15,91,No
4,3,11,DL,BKK,SYD,1676,10,398,No
3,5,11,AA,KUL,DXB,1835,4,574,No
3,2,19,UA,SIN,DXB,5913,10,571,No
4,4,12,DL,HKG,ICN,5193,11,129,No
9,2,19,DL,SIN,ICN,612,5,731,No
2,4,8,BA,CGK,NRT,4272,9,147,No
9,3,6,AA,BKK,DXB,5731,5,630,No
1,3,3,UA,CGK,DXB,5794,11,823,Yes
1,7,18,DL,HKG,ICN,2345,3,278,No
5,7,21,UA,HKG,PEK,5921,4,772,No
6,3,18,SW,HKG,NRT,2487,10,648,No
6,6,5,DL,HKG,DXB,6135,7,826,No
3,3,12,DL,SIN,SYD,5329,1,818,No
7,1,10,SW,HKG,SYD,2485,6,329,No
9,1,12,BA,HKG,PEK,3792,8,878,No
11,6,12,DL,SIN,ICN,3742,17,710,Yes
12,5,21,UA,HKG,ICN,6961,24,137,Yes
10,2,19,AA,CGK,ICN,5591,7,651,No
8,4,14,UA,CGK,SYD,6856,1,69,No
6,4,20,BA,KUL,ICN,752,9,527,No
12,6,12,AA,CGK,SYD,623,11,395,Yes
8,1,21,UA,BKK,PEK,1736,19,695,Yes
12,7,10,UA,BKK,NRT,1123,2,245,Yes
5,4,18,SW,BKK,DXB,3656,23,605,No
8,1,7,BA,SIN,PEK,6135,11,180,No
10,5,19,SW,CGK,SYD,3636,3,651,No
12,2,7,AA,BKK,PEK,3889,17,777,Yes
4,5,9,SW,KUL,DXB,3917,10,624,No
10,6,15,BA,SIN,NRT,2155,3,727,No
8,3,18,DL,KUL,DXB,1766,22,333,No
10,3,22,DL,CGK,SYD,3445,3,469,No
12,3,10,AA,HKG,DXB,1660,21,417,Yes
2,5,12,DL,KUL,PEK,2794,7,706,No
12,4,8,SW,HKG,ICN,940,2,157,Yes
12,2,19,AA,SIN,PEK,2592,1,300,Yes
5,3,23,BA,KUL,SYD,3205,7,616,No
9,6,18,AA,KUL,NRT,7523,20,770,No
4,6,15,AA,SIN,DXB,4259,11,862,No
11,3,6,UA,SIN,NRT,5612,23,173,No
6,3,18,UA,BKK,SYD,1053,6,546,No
1,2,11,AA,CGK,DXB,5404,23,848,Yes
9,3,14,DL,KUL,PEK,5566,4,300,No
1,2,22,UA,KUL,PEK,1612,19,215,Yes
5,6,13,BA,SIN,SYD,3277,21,411,Yes
4,3,10,SW,SIN,DXB,7664,19,103,No
12,5,9,UA,CGK,PEK,7597,14,651,No
3,7,10,AA,SIN,SYD,7895,3,371,No
6,5,5,DL,HKG,SYD,2333,4,197,No
2,6,1,SW,HKG,NRT,1814,8,722,No
3,2,10,UA,HKG,PEK,3993,18,495,No
5,5,18,DL,HKG,DXB,3638,4,813,No
9,2,5,DL,CGK,PEK,5870,11,202,No
2,5,13,DL,KUL,PEK,3612,16,882,No
10,5,19,AA,HKG,PEK,598,3,358,No
8,2,5,BA,SIN,SYD,7973,7,621,Yes
2,4,16,DL,HKG,ICN,7515,2,321,No
11,5,9,SW,CGK,ICN,4425,1,571,No
5,3,0,UA,SIN,NRT,1979,1,732,No
7,7,2,SW,HKG,PEK,6210,6,121,Yes
8,6,7,AA,KUL,ICN,4896,19,626,Yes
1,4,7,AA,SIN,NRT,1722,7,482,No
6,2,19,SW,SIN,SYD,6278,24,455,No
1,4,21,BA,KUL,PEK,5083,5,90,No
2,1,14,AA,SIN,DXB,7773,21,389,No
1,1,23,AA,HKG,SYD,6020,18,861,Yes
11,5,6,SW,SIN,NRT,1504,24,228,No
5,5,10,AA,HKG,SYD,976,13,325,No
10,3,6,BA,KUL,DXB,5741,1,367,No
9,7,3,BA,BKK,SYD,7744,10,518,No
6,6,11,BA,KUL,NRT,5931,9,244,No
11,4,5,UA,HKG,DXB,1635,17,393,No
11,1,13,BA,CGK,DXB,7504,1,574,No
1,5,11,BA,KUL,SYD,3356,1,500,No
1,6,10,UA,CGK,DXB,2205,7,732,No
2,4,18,DL,CGK,SYD,1017,4,450,No
9,5,20,AA,HKG,PEK,1720,23,831,No
3,5,4,BA,HKG,DXB,7765,21,619,Yes
1,1,13,AA,BKK,SYD,3006,12,313,No
5,1,20,SW,SIN,PEK,4825,16,645,Yes
7,5,23,AA,KUL,DXB,1691,14,394,No
6,2,15,UA,HKG,PEK,4380,23,459,No
12,5,12,AA,KUL,DXB,6651,10,225,Yes
1,6,21,AA,CGK,NRT,3743,14,319,No
5,5,21,AA,SIN,NRT,2477,7,63,No
5,3,19,DL,BKK,SYD,5979,4,178,No
6,7,21,DL,KUL,ICN,2742,2,529,No
3,3,3,SW,SIN,NRT,7936,24,529,Yes
5,3,10,UA,BKK,ICN,3590,18,844,No
7,2,16,AA,KUL,PEK,6997,16,552,Yes
5,2,6,AA,SIN,PEK,2387,9,797,No
5,5,13,AA,HKG,ICN,5668,5,559,No
5,3,10,AA,KUL,SYD,5059,9,129,No
10,2,21,DL,SIN,DXB,6999,8,753,No
10,1,8,SW,BKK,ICN,7493,24,835,No
3,5,22,BA,SIN,ICN,1473,20,429,No
1,6,12,UA,HKG,ICN,5777,16,240,Yes
5,7,22,AA,KUL,ICN,565,20,64,No
9,4,17,SW,KUL,ICN,6592,18,256,No
1,5,10,BA,KUL,SYD,3406,4,106,No
3,4,14,SW,HKG,NRT,1070,16,611,No
4,3,21,DL,BKK,DXB,4392,4,693,No
1,7,18,BA,KUL,NRT,807,6,706,Yes
1,4,0,SW,BKK,ICN,3908,3,199,Yes
8,3,3,DL,SIN,NRT,4242,18,724,Yes
2,1,13,SW,BKK,SYD,1282,15,599,No
12,4,13,SW,BKK,PEK,4716,8,486,No
8,7,2,BA,KUL,NRT,1265,18,648,Yes
7,5,16,DL,CGK,DXB,3975,24,746,Yes
10,3,2,AA,CGK,SYD,1272,23,620,No
10,5,15,UA,HKG,PEK,4357,3,369,No
2,7,13,BA,HKG,SYD,6739,6,333,No
6,2,19,DL,CGK,ICN,3685,22,598,No
6,3,12,SW,SIN,PEK,5582,21,899,Yes
3,4,14,DL,KUL,DXB,6605,24,449,No
11,3,13,UA,KUL,PEK,1039,15,518,No
2,5,23,UA,SIN,DXB,2549,12,792,No
12,1,18,AA,SIN,ICN,3783,5,693,No
1,3,5,AA,CGK,DXB,5175,7,420,No
6,4,9,UA,HKG,SYD,2163,22,128,No
12,2,14,BA,SIN,NRT,6976,15,642,Yes
5,6,20,BA,HKG,SYD,1547,7,721,No
11,1,21,SW,BKK,SYD,4336,13,758,No
9,2,19,AA,KUL,PEK,3939,3,490,No
1,3,5,SW,CGK,ICN,7385,23,817,Yes
7,5,22,AA,KUL,NRT,1005,13,767,No
5,7,9,UA,CGK,DXB,7643,3,91,No
5,5,6,BA,BKK,PEK,3747,2,680,No
2,4,21,BA,KUL,ICN,4000,23,572,Yes
11,5,16,UA,BKK,NRT,2410,4,241,No
3,1,17,SW,CGK,SYD,1232,17,745,No
7,5,16,SW,SIN,ICN,4013,6,740,No
6,4,8,DL,KUL,ICN,2071,11,307,No
12,6,9,AA,BKK,ICN,5109,6,679,Yes
2,3,9,SW,KUL,SYD,3442,22,356,No
6,7,6,UA,KUL,DXB,4956,2,835,No
2,3,15,SW,KUL,PEK,2821,17,89,No
2,5,17,BA,HKG,DXB,6820,3,361,No
2,2,5,AA,BKK,NRT,3835,12,535,Yes
11,3,19,DL,BKK,PEK,7853,14,411,No
3,6,0,AA,KUL,NRT,5122,2,541,No
2,5,0,BA,SIN,SYD,7556,22,376,Yes
4,7,11,BA,KUL,DXB,4874,22,796,Yes
9,4,20,BA,HKG,ICN,3253,5,456,No
6,6,1,BA,CGK,PEK,7865,10,148,No
1,5,3,UA,HKG,ICN,1872,10,293,Yes
8,6,16,DL,SIN,NRT,6542,21,227,Yes
12,3,3,BA,KUL,ICN,1944,9,802,Yes
7,7,10,BA,BKK,ICN,3876,21,185,Yes
10,4,21,SW,KUL,SYD,6707,13,632,No
3,5,3,DL,SIN,SYD,789,10,179,No
1,1,0,AA,BKK,DXB,2565,6,487,No
5,4,6,DL,HKG,NRT,563,11,249,No
4,1,17,DL,CGK,SYD,4445,4,692,No
10,6,8,DL,CGK,SYD,829,14,487,No
8,2,2,BA,KUL,DXB,6489,17,619,Yes
1,4,7,BA,HKG,PEK,5358,20,261,Yes
10,6,23,UA,SIN,DXB,2463,2,118,No
1,1,18,AA,CGK,ICN,3588,10,756,Yes
12,3,3,SW,HKG,ICN,2990,3,282,No
4,3,17,DL,KUL,SYD,640,7,551,No
8,2,19,AA,BKK,SYD,5927,7,70,Yes
5,4,10,AA,KUL,DXB,5039,1,852,No
2,4,13,UA,KUL,DXB,7139,8,760,No
6,4,17,SW,HKG,NRT,2973,23,571,No
5,6,15,DL,CGK,ICN,6094,1,873,No
2,7,2,SW,HKG,DXB,4403,8,369,Yes
11,7,14,UA,BKK,PEK,5864,14,808,No
11,2,3,BA,HKG,NRT,949,14,93,No
11,4,4,AA,SIN,DXB,2325,2,399,No
3,6,16,DL,KUL,SYD,4946,8,706,No
9,3,6,BA,CGK,DXB,5194,19,540,Yes
7,1,15,UA,BKK,SYD,5306,10,633,Yes
7,6,13,SW,KUL,SYD,1369,7,884,No
11,7,15,AA,HKG,ICN,6579,13,798,No
6,7,6,DL,SIN,ICN,5780,22,152,No
8,3,8,BA,HKG,DXB,7807,21,687,Yes
4,3,3,BA,KUL,DXB,4064,15,192,No
8,1,21,AA,BKK,PEK,4159,11,478,No
4,3,10,SW,CGK,NRT,4102,14,527,No
8,2,1,UA,KUL,NRT,892,11,864,No
9,1,11,SW,BKK,DXB,1341,2,503,No
3,3,11,SW,KUL,ICN,2948,2,764,No
3,5,3,SW,SIN,PEK,6693,12,89,No
11,6,17,AA,HKG,NRT,3291,15,357,No
2,3,20,AA,CGK,DXB,5914,17,120,No
10,2,6,UA,BKK,ICN,3453,14,517,No
3,4,0,SW,CGK,ICN,5631,16,363,No
3,3,22,AA,CGK,ICN,1858,8,399,No
5,7,12,UA,CGK,SYD,1490,24,507,No
5,7,5,UA,BKK,ICN,1538,17,895,No
2,7,5,SW,BKK,DXB,527,5,361,Yes
12,4,11,DL,CGK,PEK,887,12,599,No
10,7,7,SW,HKG,DXB,5911,6,544,No
6,5,23,DL,KUL,ICN,1332,18,136,No
5,3,21,UA,CGK,PEK,749,5,692,No
6,7,18,AA,SIN,NRT,2527,6,574,No
1,1,4,BA,CGK,NRT,2028,9,608,Yes
5,4,17,UA,BKK,DXB,4693,15,718,No
9,5,4,AA,KUL,PEK,2338,10,151,No
12,1,9,UA,SIN,DXB,1860,17,844,No
10,1,0,SW,KUL,PEK,5658,19,525,Yes
2,1,9,DL,KUL,PEK,3609,12,525,No
1,1,4,UA,SIN,DXB,1823,9,658,No
10,3,11,AA,CGK,PEK,2726,15,99,No
11,7,21,SW,CGK,ICN,4180,14,749,No
9,6,6,BA,CGK,PEK,1391,1,388,No
10,3,8,SW,HKG,PEK,6088,17,344,No
9,3,21,DL,CGK,DXB,1805,1,613,No
9,5,20,SW,SIN,NRT,7393,23,856,No
6,5,11,BA,HKG,SYD,5783,21,125,No
8,7,22,AA,CGK,PEK,5048,22,695,Yes
11,6,0,UA,HKG,SYD,4692,13,716,No
1,5,10,DL,SIN,PEK,6952,8,691,No
10,7,20,BA,CGK,DXB,761,13,168,No
4,7,14,DL,BKK,DXB,2840,16,474,No
1,2,1,SW,SIN,PEK,2293,2,151,Yes
8,6,19,DL,KUL,DXB,2796,13,427,Yes
1,5,6,BA,KUL,DXB,2792,18,879,Yes
3,6,20,UA,SIN,PEK,6894,3,482,No
4,3,11,UA,KUL,NRT,2670,13,631,No
8,3,21,DL,SIN,PEK,824,19,798,Yes
6,6,17,AA,BKK,NRT,1485,13,299,No
10,2,2,DL,SIN,DXB,7144,19,494,Yes
12,2,6,SW,CGK,NRT,5282,4,271,Yes
7,6,10,UA,CGK,DXB,4352,19,459,Yes
8,5,17,UA,HKG,NRT,2239,18,669,No
2,4,11,UA,KUL,NRT,2360,6,585,No
10,2,5,AA,KUL,PEK,3637,19,789,No
11,1,4,AA,SIN,NRT,4398,4,527,No
8,3,0,BA,KUL,DXB,1335,4,229,Yes
3,6,11,DL,CGK,PEK,4654,24,878,No
7,1,10,DL,BKK,NRT,3278,7,851,No
3,6,3,SW,SIN,PEK,6117,7,269,No
7,7,17,UA,KUL,SYD,1896,23,315,No
11,3,3,AA,CGK,PEK,6909,16,742,Yes
12,3,16,SW,HKG,SYD,2176,16,132,No
2,2,1,SW,KUL,SYD,4831,5,206,Yes
10,2,23,AA,BKK,PEK,7541,15,399,No
6,1,21,DL,BKK,DXB,4813,23,376,No
3,7,1,UA,KUL,DXB,6146,4,677,No
3,6,11,DL,KUL,DXB,2337,24,665,No
9,7,5,SW,CGK,ICN,4221,13,634,No
7,3,9,UA,KUL,SYD,6025,19,213,Yes
5,1,22,BA,HKG,PEK,4172,7,314,No
12,4,20,SW,CGK,DXB,3522,12,410,No
10,1,22,DL,SIN,DXB,5184,9,606,No
7,5,15,DL,HKG,PEK,2171,17,894,Yes
9,1,13,DL,CGK,SYD,1416,2,371,No
1,7,6,AA,CGK,PEK,6088,16,867,Yes
7,5,18,SW,BKK,ICN,1417,7,824,No
6,5,22,UA,CGK,ICN,1633,18,728,No
10,5,16,DL,HKG,PEK,6996,7,193,No
12,4,8,DL,KUL,SYD,2336,1,188,No
9,1,12,AA,HKG,DXB,2638,3,495,No
1,7,21,UA,SIN,ICN,4507,21,339,Yes
4,1,4,SW,CGK,ICN,2405,11,417,No
9,4,22,BA,CGK,SYD,4489,22,311,No
4,3,4,AA,CGK,ICN,3985,15,194,No
10,2,9,SW,CGK,ICN,5297,3,582,No
3,7,20,BA,BKK,SYD,2620,24,863,No
9,7,9,DL,BKK,PEK,3232,13,719,No
2,1,6,DL,KUL,DXB,3269,4,378,Yes
4,2,14,UA,CGK,DXB,1821,23,139,No
6,6,6,BA,SIN,ICN,4216,22,250,Yes
2,6,14,DL,KUL,DXB,3854,8,512,No
8,4,2,DL,CGK,PEK,2028,22,403,Yes
8,6,18,UA,BKK,ICN,5817,4,89,Yes
1,7,9,SW,SIN,DXB,7601,18,473,Yes
12,6,14,DL,KUL,NRT,5651,7,427,No
3,3,2,AA,SIN,NRT,5243,11,800,No
10,3,5,AA,CGK,NRT,1259,4,655,No
9,3,11,SW,HKG,NRT,7514,13,561,No
5,6,14,BA,SIN,NRT,3912,9,721,No
6,4,5,UA,SIN,ICN,1857,9,760,No
4,5,12,AA,BKK,SYD,2690,23,80,No
10,5,18,AA,CGK,SYD,6365,21,608,No
2,2,2,SW,SIN,ICN,3981,19,305,No
11,5,7,BA,CGK,ICN,1448,3,342,No
8,5,7,BA,BKK,PEK,6687,12,673,Yes
11,3,22,SW,CGK,SYD,2579,11,865,No
6,3,19,AA,BKK,NRT,2266,20,291,No
5,6,14,UA,BKK,ICN,527,11,375,No
9,2,3,AA,KUL,NRT,7663,17,897,No
1,1,18,BA,CGK,SYD,2970,21,859,No
5,7,20,AA,HKG,DXB,3038,14,395,No
6,2,2,UA,KUL,DXB,659,16,470,No
5,2,12,DL,BKK,ICN,3392,24,304,No
6,4,7,AA,HKG,PEK,5826,10,446,No
6,6,22,SW,SIN,NRT,4613,4,748,No
7,4,15,DL,SIN,ICN,5722,10,784,Yes
4,2,12,SW,KUL,PEK,4222,20,417,No
11,2,2,SW,HKG,NRT,7315,12,673,No
8,2,15,SW,CGK,SYD,6875,9,857,No
7,5,8,AA,HKG,DXB,4231,15,81,Yes
9,7,13,BA,KUL,PEK,2971,9,78,No
7,7,12,DL,CGK,NRT,5499,7,346,Yes
3,4,20,UA,CGK,ICN,5350,24,335,No
3,2,6,BA,SIN,NRT,2070,12,718,No
8,7,14,AA,HKG,ICN,1336,20,611,No
5,3,6,SW,CGK,DXB,5489,24,738,Yes
4,7,5,UA,KUL,DXB,4438,14,662,Yes
8,6,1,DL,SIN,NRT,2786,22,131,Yes
6,6,8,BA,CGK,NRT,3905,16,424,No
2,7,21,BA,HKG,ICN,6792,19,854,No
4,3,23,UA,SIN,ICN,3170,23,394,No
12,6,16,AA,HKG,PEK,6027,3,711,No
11,5,4,DL,HKG,PEK,4612,11,810,No
4,7,11,UA,HKG,PEK,7557,23,649,No
6,5,0,SW,SIN,NRT,6869,21,258,No
6,7,9,DL,CGK,PEK,5247,20,76,No
1,1,10,BA,BKK,NRT,6275,19,277,No
8,1,15,UA,CGK,DXB,4855,8,800,No
6,1,13,BA,SIN,SYD,6348,20,709,No
3,6,7,BA,BKK,DXB,7317,8,206,No
9,5,23,BA,BKK,NRT,2127,3,269,No
2,5,16,AA,BKK,NRT,6643,10,729,No
11,5,17,BA,KUL,SYD,6817,13,473,No
8,3,11,SW,SIN,ICN,2366,9,724,No
10,5,16,SW,KUL,ICN,704,6,389,No
3,3,13,DL,BKK,ICN,7058,15,411,No
12,1,15,BA,KUL,PEK,4079,16,222,No
5,1,13,BA,KUL,ICN,5772,5,878,No
6,6,8,UA,SIN,PEK,3674,21,160,No
10,7,3,AA,HKG,PEK,1291,13,386,No
6,1,22,DL,KUL,ICN,7732,19,386,No
4,7,10,BA,KUL,ICN,4592,2,214,No
3,7,5,UA,BKK,SYD,5736,6,69,Yes
4,6,14,AA,BKK,SYD,7823,1,412,No
1,2,4,DL,BKK,PEK,4247,15,242,Yes
4,2,10,DL,CGK,SYD,1605,15,514,No
1,4,17,BA,KUL,PEK,7161,14,705,No
12,6,12,DL,BKK,NRT,6453,7,65,No
1,4,10,UA,SIN,PEK,1590,5,392,No
10,4,13,DL,CGK,PEK,7905,20,392,No
6,2,17,SW,HKG,SYD,2107,16,317,Yes
5,6,18,UA,KUL,NRT,2339,17,270,No
11,2,23,AA,KUL,DXB,5574,11,110,No
4,4,14,AA,SIN,DXB,7653,15,504,No
11,6,8,BA,HKG,DXB,3897,20,718,No
3,4,7,BA,HKG,NRT,7233,16,436,No
1,5,19,SW,CGK,ICN,566,3,699,Yes
6,7,0,AA,KUL,NRT,7843,6,545,Yes
2,6,3,AA,BKK,SYD,5279,21,829,Yes
8,6,13,AA,SIN,PEK,1778,23,110,No
10,7,1,AA,SIN,PEK,4658,13,213,No
5,4,15,DL,SIN,SYD,1313,1,641,No
7,5,2,UA,SIN,SYD,902,21,847,Yes
10,3,7,UA,BKK,PEK,6835,14,850,No
12,7,5,SW,BKK,ICN,2502,2,369,No
2,2,15,DL,CGK,ICN,5948,2,458,No
8,4,23,AA,KUL,ICN,4666,15,193,Yes
2,7,15,AA,BKK,SYD,3425,18,279,No
4,7,6,BA,CGK,PEK,7384,9,222,No
1,6,12,BA,HKG,PEK,3493,3,707,No
5,2,12,SW,KUL,PEK,1586,4,628,No
9,2,4,AA,BKK,NRT,7964,15,561,No
1,2,19,SW,HKG,NRT,4840,5,748,Yes
9,7,21,DL,CGK,DXB,3066,20,174,Yes
11,3,17,UA,BKK,NRT,4988,20,558,No
8,1,14,AA,BKK,ICN,1271,5,531,No
6,4,17,DL,HKG,ICN,4172,10,208,No
7,1,1,AA,BKK,ICN,3748,16,300,Yes
3,7,9,BA,SIN,ICN,7871,12,182,No
1,1,22,SW,BKK,DXB,2169,14,863,No
5,7,12,BA,KUL,ICN,6213,22,898,No
12,1,17,UA,HKG,SYD,2056,11,128,No
12,2,14,BA,KUL,SYD,3458,19,885,Yes
2,5,11,AA,CGK,SYD,1651,6,122,No
5,2,14,BA,KUL,NRT,5814,10,792,No
8,2,12,AA,SIN,PEK,1717,20,75,Yes
11,6,17,UA,SIN,DXB,2731,3,449,No
9,6,14,BA,KUL,SYD,4842,22,649,No
2,1,22,SW,CGK,SYD,4444,15,693,No
12,7,10,SW,BKK,ICN,2542,11,317,No
3,2,18,SW,SIN,SYD,6967,22,276,Yes
3,1,2,BA,KUL,ICN,6803,2,538,No
1,6,6,BA,KUL,ICN,1205,24,173,Yes
8,5,20,BA,KUL,PEK,3169,6,439,No
6,4,13,AA,BKK,NRT,7568,17,717,No
12,1,13,UA,HKG,ICN,2613,18,296,Yes
8,5,21,SW,CGK,ICN,3477,4,535,Yes
11,4,12,AA,HKG,PEK,4849,23,657,No
9,3,11,SW,CGK,ICN,4878,9,738,No
5,1,23,AA,CGK,DXB,7727,10,188,No
12,1,8,BA,KUL,NRT,6761,21,569,Yes
3,3,0,SW,SIN,DXB,922,2,224,No
5,3,18,BA,KUL,SYD,7199,11,336,No
5,1,10,SW,BKK,NRT,2521,11,316,No
5,3,22,DL,CGK,SYD,4293,11,191,No
3,2,21,AA,SIN,ICN,4631,1,629,No
11,4,22,DL,CGK,PEK,1030,14,316,No
10,4,23,AA,CGK,DXB,590,1,200,No
4,4,21,UA,KUL,SYD,3872,21,745,Yes
9,2,18,SW,SIN,ICN,6536,23,746,No
10,7,17,UA,SIN,DXB,2442,9,268,No
9,3,11,UA,CGK,DXB,4305,24,775,No
2,5,22,AA,SIN,SYD,1740,1,578,No
8,3,0,DL,SIN,ICN,2258,21,110,Yes
8,1,18,BA,KUL,PEK,597,22,562,Yes
7,6,19,AA,HKG,SYD,1979,22,318,Yes
8,4,16,BA,BKK,DXB,5126,4,237,No
3,3,4,UA,HKG,DXB,2332,1,602,No
6,5,2,BA,SIN,NRT,3085,19,415,Yes
1,1,1,DL,CGK,ICN,5647,10,377,Yes
7,2,2,AA,BKK,NRT,4147,15,725,No
1,7,7,DL,BKK,PEK,5943,20,423,Yes
9,2,15,DL,CGK,SYD,7890,4,114,No
1,5,5,AA,BKK,DXB,579,20,215,Yes
1,1,12,DL,CGK,ICN,7206,14,103,No
7,4,22,SW,BKK,DXB,6077,5,652,Yes
2,3,21,SW,HKG,NRT,5209,15,737,No
5,1,21,SW,BKK,NRT,2723,15,601,No
8,7,15,BA,KUL,SYD,3069,16,381,No
8,2,15,DL,CGK,ICN,2272,16,707,Yes
3,7,2,AA,BKK,ICN,6076,4,73,Yes
7,7,12,AA,CGK,SYD,5018,9,416,No
3,5,13,BA,KUL,NRT,1623,1,542,No
6,5,7,AA,BKK,NRT,6630,5,677,No
6,3,11,SW,BKK,NRT,4311,9,418,No
3,5,22,DL,KUL,DXB,3974,20,377,No
7,5,22,AA,KUL,PEK,3123,5,134,No
3,1,21,AA,KUL,NRT,1903,4,650,No
8,4,20,UA,CGK,PEK,3078,16,253,No
10,3,7,UA,KUL,PEK,831,2,422,No
4,1,20,UA,CGK,ICN,7985,16,155,No
1,4,8,DL,HKG,SYD,5248,18,99,Yes
4,7,0,SW,BKK,DXB,4108,2,827,No
7,1,5,SW,BKK,PEK,1239,16,456,Yes
11,6,22,SW,SIN,DXB,5708,1,166,No
4,1,18,DL,HKG,ICN,6223,16,76,No
6,5,22,DL,KUL,NRT,5106,3,586,No
9,4,10,UA,KUL,PEK,541,15,843,No
1,3,10,AA,HKG,SYD,5480,11,558,Yes
5,3,22,BA,KUL,ICN,4378,10,584,No
11,4,12,BA,SIN,DXB,2449,17,818,No
7,5,10,AA,CGK,NRT,3960,4,785,No
1,2,17,UA,BKK,DXB,2628,17,722,Yes
4,1,22,AA,HKG,SYD,4997,4,863,No
6,5,14,AA,BKK,PEK,2654,19,102,No
2,6,0,BA,CGK,SYD,5730,1,685,Yes
10,7,20,UA,HKG,DXB,7944,14,652,No
5,4,6,DL,CGK,DXB,1737,24,409,No
11,1,22,BA,KUL,SYD,2266,11,712,No
10,3,12,DL,KUL,SYD,2341,7,89,No
1,7,11,UA,KUL,SYD,1005,17,500,Yes
6,2,17,AA,CGK,NRT,5740,4,601,No
6,6,23,SW,CGK,DXB,7801,10,514,No
4,3,18,SW,CGK,ICN,2341,17,837,No
8,4,14,UA,BKK,NRT,5315,4,670,No
4,1,7,SW,CGK,NRT,1894,19,153,No
8,4,18,DL,KUL,NRT,756,18,782,Yes
8,7,9,SW,SIN,ICN,2220,17,354,Yes
5,1,6,UA,CGK,SYD,6417,6,608,No
4,5,17,UA,SIN,DXB,5549,7,148,No
12,2,15,DL,KUL,PEK,7847,6,562,No
2,5,19,SW,CGK,PEK,7576,12,826,No
11,5,5,SW,BKK,DXB,1571,9,273,No
3,4,8,AA,BKK,ICN,2122,18,481,No
3,7,20,BA,SIN,PEK,5492,2,585,No
4,2,12,UA,BKK,NRT,2566,17,251,No
4,1,20,AA,BKK,PEK,1569,21,866,No
10,1,7,UA,BKK,DXB,950,1,753,No
11,6,15,AA,KUL,NRT,1397,23,701,Yes
11,3,12,BA,BKK,PEK,5675,9,283,No
5,6,12,AA,HKG,DXB,5336,6,614,No
4,6,16,UA,CGK,ICN,4228,2,752,No
11,1,22,SW,BKK,DXB,7759,6,446,No
10,4,19,UA,BKK,ICN,581,9,740,No
8,5,4,DL,BKK,NRT,1236,3,835,Yes
6,7,21,DL,HKG,DXB,4674,16,533,No
6,5,20,DL,BKK,SYD,6281,24,667,No
8,5,16,DL,BKK,SYD,4444,15,262,Yes
7,2,8,BA,CGK,SYD,6926,12,506,Yes
10,1,1,SW,HKG,SYD,5930,23,892,No
11,7,17,SW,HKG,SYD,5592,8,127,No
12,4,8,UA,BKK,ICN,2707,6,151,No
10,2,5,AA,HKG,DXB,5935,3,837,No
8,3,10,UA,SIN,NRT,4448,23,237,Yes
2,4,5,UA,HKG,SYD,2502,4,722,Yes
9,6,5,UA,HKG,SYD,2191,10,888,Yes
1,4,12,UA,HKG,NRT,1679,14,618,No
8,4,10,SW,KUL,NRT,3435,21,62,Yes
12,5,13,AA,KUL,SYD,6333,24,162,No
11,4,1,UA,KUL,ICN,3015,15,332,No
12,6,7,SW,HKG,NRT,5448,7,593,No
12,6,2,UA,SIN,DXB,961,7,175,No
4,1,22,DL,HKG,DXB,3401,8,523,No
4,4,20,UA,BKK,ICN,616,10,163,No
5,5,2,UA,SIN,PEK,6285,19,318,No
8,4,0,BA,KUL,ICN,7007,19,367,Yes
5,3,23,DL,CGK,SYD,2154,2,426,No
8,3,18,AA,SIN,PEK,6330,15,869,No
10,5,17,UA,KUL,SYD,6532,1,701,No
1,1,16,AA,SIN,DXB,5061,10,866,Yes
12,1,19,DL,SIN,NRT,2298,6,361,No
10,6,23,UA,HKG,SYD,6827,22,619,No
9,6,12,BA,BKK,DXB,1159,13,86,No
6,2,2,SW,CGK,ICN,3737,10,567,No
3,5,0,BA,KUL,SYD,2622,12,586,No
8,4,3,BA,SIN,DXB,4319,24,834,Yes
9,7,12,SW,CGK,NRT,7469,6,424,No
6,5,16,SW,SIN,SYD,3843,6,357,No
11,2,10,SW,BKK,DXB,6310,1,836,No
7,6,1,UA,CGK,SYD,3050,12,420,Yes
1,5,15,AA,KUL,NRT,5390,23,705,No
5,5,1,AA,SIN,SYD,2086,23,563,Yes
5,6,18,SW,BKK,SYD,5182,10,647,No
10,2,22,BA,CGK,DXB,7299,14,89,No
4,6,18,DL,SIN,PEK,3247,15,498,No
6,1,15,SW,SIN,SYD,1134,23,399,No
7,4,21,BA,KUL,PEK,7487,24,185,Yes
9,6,18,BA,BKK,ICN,5870,4,655,No
1,2,8,UA,HKG,SYD,3382,1,625,No
6,3,0,UA,SIN,PEK,5749,8,425,No
7,1,9,AA,CGK,ICN,3311,3,854,No
3,3,18,AA,KUL,DXB,4953,14,502,No
8,7,0,DL,KUL,SYD,4515,17,322,Yes
5,6,1,DL,SIN,DXB,3239,2,281,No
9,1,15,DL,SIN,ICN,6027,15,899,No
5,4,11,DL,SIN,DXB,2384,6,61,No
9,6,7,BA,HKG,DXB,2018,5,453,No
10,4,22,BA,SIN,NRT,1121,14,365,No
4,5,17,AA,BKK,ICN,5077,19,205,Yes
9,3,1,UA,CGK,DXB,5575,9,589,No
5,1,12,UA,SIN,PEK,6469,8,587,No
10,4,5,SW,HKG,ICN,7745,3,367,No
9,2,20,BA,CGK,NRT,5573,18,730,Yes
3,4,5,DL,KUL,SYD,2037,8,399,No
4,2,8,DL,SIN,DXB,7988,16,411,No
9,6,15,SW,CGK,PEK,2837,15,869,No
10,1,10,UA,KUL,NRT,5916,21,268,No
11,4,6,DL,HKG,ICN,6300,15,264,No
6,7,9,UA,BKK,DXB,7395,16,684,No
2,4,9,SW,SIN,NRT,2494,1,749,No
7,7,19,UA,BKK,NRT,2570,10,780,No
2,1,17,UA,HKG,PEK,5401,19,695,No
11,4,23,UA,CGK,SYD,6815,5,74,No
2,2,19,DL,CGK,SYD,5430,18,487,Yes
11,4,8,AA,HKG,SYD,2865,3,535,No
1,3,14,BA,HKG,ICN,5503,4,357,Yes
11,6,3,UA,SIN,NRT,3345,4,616,No
11,5,7,UA,KUL,ICN,3538,11,153,No
12,2,8,UA,BKK,NRT,1354,9,166,No
11,3,12,AA,BKK,PEK,7860,1,478,No
3,7,8,SW,CGK,PEK,3228,16,337,No
6,6,3,DL,CGK,ICN,1415,9,187,No
8,1,16,AA,SIN,ICN,7785,11,518,No
9,2,15,UA,HKG,PEK,7673,6,97,No
7,5,14,AA,BKK,DXB,5438,17,668,Yes
4,6,2,AA,SIN,SYD,7126,12,257,No
6,7,19,AA,CGK,SYD,631,22,763,No
5,5,4,SW,CGK,PEK,1616,8,416,No
8,1,22,BA,BKK,SYD,4093,16,66,Yes
1,1,4,DL,CGK,DXB,1360,5,615,Yes
1,7,19,SW,CGK,DXB,793,21,391,Yes
11,2,14,SW,KUL,NRT,3188,1,578,No
6,7,17,BA,HKG,ICN,1499,17,253,No
10,4,14,SW,CGK,SYD,7035,24,375,No
12,1,1,AA,KUL,DXB,2796,21,60,Yes
2,6,12,AA,SIN,ICN,4185,8,121,No
5,4,3,UA,CGK,ICN,7346,10,402,No
1,3,9,SW,SIN,NRT,7810,18,660,Yes
7,5,12,UA,CGK,ICN,5856,15,77,Yes
1,4,9,DL,BKK,ICN,786,20,679,Yes
4,5,8,AA,KUL,PEK,6920,13,706,No
9,7,7,DL,KUL,NRT,7030,10,430,No
1,4,2,BA,BKK,NRT,949,9,881,No
4,7,15,AA,HKG,SYD,2838,13,638,No
6,3,13,DL,KUL,ICN,3740,3,664,No
6,1,8,BA,SIN,SYD,7086,22,709,No
12,3,20,DL,KUL,DXB,3203,23,760,Yes
8,1,10,BA,HKG,ICN,5803,3,630,No
1,7,2,BA,SIN,DXB,3616,1,758,Yes
7,1,4,AA,SIN,PEK,6374,2,294,Yes
1,5,9,UA,BKK,ICN,7470,11,128,Yes
7,6,12,BA,CGK,SYD,6565,14,506,No
3,3,3,BA,BKK,SYD,7935,10,669,No
11,4,23,AA,CGK,ICN,5071,7,67,No
8,3,12,UA,BKK,SYD,752,23,521,No
3,5,11,SW,CGK,ICN,1919,1,370,No
1,1,4,SW,KUL,NRT,2836,7,193,No
8,5,9,UA,SIN,SYD,1735,15,444,No
3,2,23,DL,CGK,ICN,1499,11,115,No
2,2,8,AA,KUL,ICN,4260,6,419,No
1,4,19,UA,HKG,SYD,4616,22,173,No
3,5,6,SW,BKK,NRT,4911,7,147,No
2,7,1,BA,HKG,SYD,3111,7,197,No
2,4,21,SW,KUL,ICN,6057,1,167,No
6,7,23,BA,HKG,NRT,1946,10,559,No
12,4,22,AA,HKG,DXB,5852,21,594,No
1,2,6,BA,KUL,PEK,2670,15,203,No
2,4,7,UA,SIN,SYD,3421,8,715,No
6,2,6,BA,CGK,ICN,5555,24,115,Yes
3,1,20,DL,BKK,NRT,4183,19,679,No
4,7,22,UA,CGK,NRT,2761,3,65,No
1,5,13,AA,BKK,DXB,2445,23,601,No
8,4,18,UA,CGK,SYD,5434,15,506,No
7,2,4,DL,HKG,NRT,7290,4,444,Yes
7,3,22,AA,SIN,DXB,5563,6,366,No
3,7,17,SW,HKG,ICN,2353,10,698,No
10,4,19,DL,SIN,DXB,7373,18,361,Yes
10,6,11,AA,KUL,SYD,1099,16,692,No
3,1,22,BA,BKK,DXB,5387,18,464,Yes
2,1,16,UA,BKK,NRT,4635,6,670,No
12,3,12,AA,KUL,NRT,7395,19,737,Yes
1,2,1,UA,CGK,PEK,3903,17,896,Yes
7,4,12,BA,KUL,DXB,3490,18,890,No
7,7,6,AA,KUL,ICN,5243,13,812,Yes
12,2,9,SW,SIN,SYD,4777,7,621,No
2,1,22,DL,KUL,PEK,4860,20,839,No
7,2,5,AA,BKK,DXB,3318,12,896,Yes
8,1,2,BA,HKG,ICN,1362,2,569,No
1,2,2,AA,SIN,PEK,5027,12,132,Yes
9,3,17,UA,SIN,NRT,4555,12,871,No
7,5,10,AA,CGK,SYD,1719,24,623,Yes
3,3,21,SW,HKG,DXB,4295,4,324,No
8,3,19,AA,SIN,ICN,5104,4,286,No
7,5,4,DL,KUL,NRT,5042,18,252,Yes
11,5,18,AA,SIN,PEK,1027,16,433,No
8,4,21,UA,SIN,SYD,7869,14,810,No
6,7,18,AA,SIN,PEK,3422,17,69,No
9,7,14,SW,CGK,PEK,6349,17,361,No
5,4,15,BA,SIN,ICN,6224,3,418,No
3,3,23,AA,SIN,NRT,3704,6,799,No
3,3,8,AA,CGK,DXB,1662,23,864,No
1,1,3,DL,HKG,ICN,5264,13,111,Yes
12,1,14,SW,BKK,SYD,4064,9,811,No
8,7,11,BA,CGK,PEK,1346,21,158,Yes
2,4,22,UA,CGK,SYD,2617,9,652,No
3,6,2,AA,SIN,ICN,7459,8,72,No
8,6,22,BA,SIN,ICN,3586,17,449,Yes
8,4,13,UA,BKK,DXB,2270,16,416,No
11,1,16,SW,SIN,PEK,3783,16,699,No
4,7,18,SW,KUL,ICN,2325,19,875,Yes
4,7,5,BA,SIN,SYD,7727,24,70,No
5,1,3,UA,SIN,DXB,3823,16,140,Yes
6,6,6,SW,KUL,SYD,945,14,320,No
5,2,18,BA,BKK,PEK,1525,20,65,No
7,2,16,SW,KUL,DXB,2271,14,517,No
2,1,15,SW,CGK,DXB,1859,14,432,No
7,2,14,SW,KUL,DXB,518,14,540,Yes
10,5,21,DL,HKG,NRT,6613,12,281,No
7,4,7,UA,CGK,DXB,1060,6,869,No
1,4,18,BA,SIN,SYD,7745,20,140,Yes
7,1,7,BA,CGK,SYD,971,13,574,No
5,3,17,UA,BKK,PEK,527,16,119,No
3,6,15,UA,BKK,ICN,1059,9,280,No
3,1,19,UA,KUL,ICN,3155,2,408,No
4,2,18,UA,CGK,NRT,3736,22,620,No
12,6,9,AA,SIN,DXB,5053,3,287,No
2,3,16,BA,BKK,NRT,1444,10,349,No
2,2,12,AA,SIN,PEK,4448,20,352,No
1,7,12,SW,HKG,PEK,5795,2,869,No
5,5,6,SW,BKK,ICN,4156,24,252,Yes
4,2,9,BA,KUL,PEK,5579,10,533,No
11,5,1,SW,HKG,DXB,5463,8,316,No
10,6,3,UA,CGK,SYD,3563,17,565,No
2,5,5,AA,SIN,PEK,6672,22,447,Yes
3,6,23,UA,BKK,NRT,2479,1,674,No
7,6,17,SW,HKG,DXB,3216,6,457,Yes
7,6,22,AA,HKG,PEK,5421,7,425,No
12,6,5,UA,BKK,PEK,1315,15,717,No
4,6,22,BA,CGK,DXB,2826,18,349,No
5,2,16,UA,CGK,PEK,2830,9,828,No
5,6,13,SW,KUL,SYD,1502,8,368,No
6,2,23,AA,CGK,ICN,2042,10,337,No
9,6,10,BA,KUL,DXB,6948,4,523,No
2,5,18,AA,HKG,NRT,7337,20,248,No
5,7,1,BA,BKK,PEK,4704,8,237,No
12,6,2,AA,CGK,ICN,6967,1,587,Yes
3,3,10,SW,KUL,NRT,1729,8,434,No
4,6,5,BA,HKG,NRT,3805,23,657,Yes
10,6,13,DL,CGK,SYD,6557,12,819,No
6,5,18,AA,SIN,ICN,7101,23,513,No
12,4,15,AA,HKG,DXB,7854,15,276,No
8,5,20,UA,CGK,ICN,6559,13,101,No
1,3,21,BA,HKG,ICN,3029,16,253,Yes
10,4,23,DL,BKK,NRT,5517,23,386,No
8,1,6,SW,BKK,SYD,1930,18,432,Yes
11,1,7,UA,BKK,SYD,4412,1,524,No
7,3,18,DL,SIN,ICN,2032,17,222,No
1,5,19,BA,BKK,ICN,2392,16,335,Yes
2,2,15,DL,SIN,PEK,7163,23,423,No
3,3,21,AA,BKK,NRT,3624,5,701,No
1,7,6,AA,HKG,DXB,1921,20,834,Yes
9,4,8,UA,CGK,DXB,5818,21,539,No
8,4,12,BA,CGK,SYD,890,10,748,No
2,6,0,BA,BKK,NRT,6268,6,519,No
9,1,7,DL,CGK,SYD,3318,12,324,No
7,4,23,UA,BKK,DXB,2369,10,598,No
9,3,21,BA,BKK,ICN,3460,22,445,No
6,4,3,AA,KUL,NRT,6117,17,144,Yes
6,3,2,DL,KUL,NRT,1695,2,767,No
11,2,2,SW,KUL,PEK,6729,19,375,Yes
4,6,21,AA,SIN,ICN,3105,20,302,No
10,1,12,UA,KUL,ICN,1357,6,528,No
10,4,7,BA,BKK,SYD,5805,13,401,No
2,3,6,AA,HKG,NRT,3727,9,236,Yes
7,5,0,SW,KUL,SYD,2016,12,189,Yes
5,1,15,SW,KUL,ICN,6246,18,716,No
11,2,5,UA,HKG,PEK,7309,8,142,No
6,3,6,AA,BKK,NRT,1653,18,419,No
2,7,11,DL,SIN,ICN,1342,23,147,No
5,7,22,AA,KUL,PEK,5700,22,591,No
10,6,8,SW,HKG,DXB,6421,2,801,No
4,6,10,UA,BKK,ICN,2182,8,697,No
9,2,9,UA,CGK,DXB,794,10,530,No
6,2,20,DL,SIN,SYD,6597,9,557,No
2,6,0,UA,HKG,DXB,6912,24,566,No
1,4,17,UA,HKG,ICN,1144,18,413,No
5,4,3,UA,HKG,DXB,4133,8,475,No
9,3,4,UA,KUL,NRT,7178,19,110,Yes
6,5,8,UA,CGK,ICN,2635,3,659,No
10,3,16,SW,SIN,PEK,5520,9,741,No
12,5,2,AA,BKK,DXB,6243,13,122,Yes
7,2,15,BA,BKK,NRT,610,9,148,No
5,1,4,UA,CGK,SYD,1083,20,760,Yes
10,3,15,BA,HKG,SYD,3725,12,249,No
6,3,2,BA,HKG,DXB,1986,23,660,No
5,5,19,SW,HKG,SYD,5364,13,407,No
11,2,14,UA,HKG,PEK,5775,8,597,No
9,2,2,BA,HKG,ICN,2148,15,235,No
6,7,19,UA,CGK,NRT,7985,13,423,No
11,5,13,DL,KUL,DXB,6881,21,835,No
8,2,15,DL,SIN,SYD,2881,13,613,Yes
2,6,16,DL,HKG,ICN,605,17,542,No
12,4,23,BA,KUL,PEK,4053,15,178,Yes
9,7,19,DL,BKK,SYD,6318,22,228,No
5,6,22,SW,CGK,SYD,2194,19,679,No
7,1,17,SW,KUL,NRT,2233,3,206,No
10,3,17,BA,HKG,PEK,881,14,747,No
1,7,21,UA,HKG,PEK,3236,10,496,No
10,1,13,AA,HKG,DXB,4856,17,498,Yes
5,3,17,UA,KUL,NRT,6418,8,248,No
12,4,14,UA,HKG,DXB,1816,18,219,Yes
10,2,14,UA,KUL,NRT,5954,12,873,No
2,6,5,UA,HKG,PEK,3202,17,461,Yes
12,5,14,AA,BKK,NRT,5415,23,645,No
6,6,17,DL,BKK,NRT,4574,11,77,No
11,4,3,UA,SIN,NRT,5304,9,199,No
1,1,22,SW,HKG,ICN,7119,22,174,Yes
3,5,7,BA,HKG,ICN,7892,24,387,No
5,2,14,BA,KUL,PEK,1406,24,284,No
4,4,2,SW,KUL,NRT,7198,23,617,Yes
3,5,14,UA,HKG,PEK,1162,15,498,No
10,4,12,AA,SIN,ICN,5915,9,609,No
5,4,8,DL,HKG,NRT,7218,12,777,No
11,2,1,BA,KUL,DXB,7285,11,445,No
8,7,23,DL,HKG,ICN,962,17,580,Yes
11,3,7,AA,KUL,ICN,3402,6,312,No
4,5,19,BA,HKG,ICN,7881,8,679,No
1,2,16,DL,CGK,NRT,5180,10,157,No
11,4,12,AA,KUL,SYD,1442,15,846,No
7,2,0,DL,SIN,DXB,7259,4,130,No
8,7,1,UA,CGK,DXB,657,18,610,Yes
3,3,14,AA,HKG,PEK,6915,11,869,No
6,6,11,DL,KUL,NRT,6446,9,506,No
2,5,13,UA,CGK,ICN,3809,9,149,No
7,3,1,UA,SIN,SYD,1826,8,489,Yes
8,1,17,AA,KUL,NRT,3217,3,278,Yes
6,5,21,SW,CGK,NRT,3168,21,166,No
6,3,6,BA,CGK,SYD,3068,18,535,No
5,4,22,AA,CGK,ICN,3892,14,513,No
8,5,5,UA,BKK,NRT,2606,3,667,No
1,5,13,UA,HKG,DXB,5977,17,603,No
10,2,7,AA,KUL,DXB,5299,4,185,No
4,4,21,SW,KUL,SYD,1147,21,206,No
4,1,1,BA,KUL,ICN,3822,18,339,Yes
3,6,16,DL,CGK,SYD,3438,15,83,No
3,7,4,AA,HKG,NRT,2983,19,780,No
4,3,13,BA,SIN,DXB,4741,22,179,No
11,2,23,BA,KUL,PEK,3406,6,845,No
1,3,19,UA,HKG,SYD,3525,15,711,Yes
11,1,20,DL,HKG,PEK,1875,7,356,No
11,1,20,AA,BKK,PEK,2323,12,141,No
2,5,21,UA,KUL,DXB,744,16,507,No
9,7,2,UA,CGK,SYD,6179,9,779,No
10,1,4,SW,HKG,PEK,2848,20,529,No
2,3,15,BA,HKG,NRT,7081,5,482,No
5,4,17,AA,SIN,ICN,1367,11,604,No
9,4,16,AA,BKK,ICN,6743,2,83,No
9,5,10,AA,HKG,DXB,7368,22,120,Yes
8,6,16,UA,HKG,SYD,3361,16,882,Yes
1,3,15,SW,CGK,SYD,979,4,760,No
1,3,22,DL,CGK,ICN,2962,5,143,No
9,1,1,UA,SIN,NRT,6808,7,284,No
11,7,3,DL,SIN,ICN,2435,6,739,No
8,3,20,SW,SIN,ICN,6561,24,245,Yes
10,2,6,BA,CGK,SYD,6257,22,434,Yes
9,6,1,AA,CGK,PEK,3873,10,131,No
7,1,5,DL,BKK,NRT,3521,14,133,No
3,2,16,UA,KUL,SYD,3692,8,400,No
3,5,6,DL,KUL,ICN,587,14,212,No
2,4,4,BA,BKK,PEK,1740,14,155,Yes
5,5,4,AA,KUL,NRT,1072,20,624,No
12,4,19,DL,CGK,DXB,1313,23,504,Yes
12,5,15,BA,KUL,NRT,678,3,745,No
3,3,18,UA,CGK,NRT,2225,1,169,No
6,2,8,SW,BKK,ICN,662,9,517,No
2,4,4,UA,SIN,ICN,3140,9,887,No
12,1,7,AA,BKK,DXB,1505,22,110,Yes
3,2,8,UA,KUL,DXB,7837,2,436,No
5,1,4,UA,CGK,DXB,2848,16,824,Yes
12,2,9,UA,KUL,SYD,2921,8,132,Yes
11,2,1,UA,KUL,SYD,3255,6,271,Yes
11,5,8,AA,SIN,ICN,4798,23,491,No
1,4,10,BA,KUL,ICN,4642,13,783,No
1,4,3,DL,SIN,DXB,5058,1,822,Yes
10,7,21,SW,CGK,SYD,4241,19,227,No
9,2,21,DL,CGK,PEK,5003,15,834,No
7,3,21,DL,SIN,SYD,1717,1,390,No
1,3,1,SW,BKK,ICN,2974,10,801,No
12,1,22,AA,CGK,SYD,1429,1,810,Yes
8,1,5,SW,BKK,ICN,816,12,846,Yes
3,5,13,AA,CGK,DXB,2002,11,553,No
8,2,0,DL,CGK,DXB,920,17,202,Yes
5,1,17,AA,HKG,DXB,5888,4,641,No
1,1,6,BA,KUL,PEK,6330,23,504,Yes
7,6,0,SW,KUL,PEK,6355,7,883,No
5,2,0,BA,BKK,ICN,4858,12,453,No
6,5,0,DL,KUL,NRT,1949,13,571,Yes
6,1,23,SW,BKK,PEK,6809,5,745,No
8,5,3,DL,CGK,ICN,6311,6,680,No
9,4,3,BA,HKG,SYD,927,2,774,No
2,5,17,DL,HKG,DXB,896,21,756,No
9,3,10,SW,CGK,DXB,5835,7,862,No
12,3,0,SW,SIN,DXB,1295,14,387,Yes
11,5,9,DL,SIN,ICN,606,22,663,No
10,3,8,SW,KUL,DXB,4549,14,318,No
9,4,22,SW,BKK,PEK,597,10,893,No
10,2,3,DL,HKG,SYD,2403,4,496,No
10,3,5,BA,KUL,DXB,4070,3,777,No
7,3,15,SW,CGK,ICN,3801,23,623,No
1,5,1,SW,HKG,SYD,5876,14,408,Yes
7,4,22,SW,BKK,DXB,542,6,752,No
10,7,17,SW,BKK,NRT,6885,23,874,No
5,7,9,DL,SIN,DXB,2077,15,574,No
6,7,23,BA,KUL,PEK,4690,8,508,No
10,7,23,BA,CGK,SYD,6565,5,458,No
7,2,16,AA,HKG,PEK,6385,3,655,Yes
5,5,12,SW,BKK,NRT,4783,3,273,No
7,5,23,SW,HKG,NRT,884,13,605,Yes
9,6,17,AA,CGK,PEK,5414,2,621,No
3,4,21,BA,HKG,SYD,3971,24,348,No
8,7,12,UA,KUL,NRT,4077,1,318,Yes
2,2,16,UA,SIN,NRT,3738,12,317,No
11,4,4,BA,HKG,DXB,5744,8,447,No
7,7,10,SW,SIN,ICN,2196,19,843,No
2,2,6,UA,CGK,NRT,2634,9,753,No
4,4,9,DL,SIN,SYD,4392,14,604,No
7,5,16,DL,HKG,SYD,3036,18,324,No
3,5,14,AA,HKG,DXB,4821,10,372,No
2,1,17,BA,BKK,SYD,6276,9,99,No
11,3,22,BA,HKG,DXB,2892,6,879,No
10,7,21,UA,SIN,NRT,6493,1,269,No
7,6,18,SW,BKK,NRT,5113,5,331,No
1,4,1,BA,HKG,NRT,7698,10,195,Yes
8,6,3,UA,HKG,NRT,6328,13,658,No
3,1,2,UA,CGK,ICN,4315,22,119,Yes
12,3,6,BA,BKK,ICN,795,23,569,Yes
12,4,23,UA,CGK,NRT,913,4,735,No
2,2,17,AA,CGK,SYD,6456,1,574,No
3,7,9,AA,CGK,DXB,2495,21,74,No
5,3,6,BA,KUL,PEK,6778,2,673,No
11,5,7,SW,CGK,DXB,6624,24,314,No
8,1,5,AA,SIN,PEK,7168,4,796,Yes
10,3,21,AA,HKG,PEK,7652,17,781,No
7,7,0,BA,KUL,NRT,503,10,594,Yes
7,3,3,DL,CGK,PEK,677,23,294,Yes
12,7,13,UA,HKG,NRT,1245,12,190,No
7,5,16,AA,BKK,ICN,4854,2,729,Yes
8,4,19,DL,BKK,SYD,1151,3,744,No
1,2,17,SW,HKG,PEK,7732,14,76,No
4,5,10,DL,SIN,SYD,6414,15,885,No
6,2,20,BA,HKG,NRT,5982,13,244,No
9,4,13,SW,HKG,PEK,4389,9,450,No
2,3,8,SW,KUL,DXB,7684,2,482,No
1,2,14,DL,BKK,ICN,3771,19,501,No
10,1,11,BA,BKK,ICN,7187,16,755,Yes
12,1,9,AA,CGK,PEK,7879,11,714,No
2,7,18,DL,HKG,ICN,2982,12,615,No
7,5,23,AA,HKG,DXB,5892,1,71,Yes
3,4,18,DL,SIN,SYD,789,2,579,No
10,7,5,AA,BKK,DXB,1302,16,139,No
2,5,19,DL,SIN,ICN,3030,2,868,No
11,5,23,SW,KUL,SYD,6617,19,733,Yes
7,7,5,UA,CGK,DXB,733,10,361,Yes
2,6,7,SW,SIN,NRT,907,19,275,No
3,5,0,AA,BKK,NRT,1193,10,307,No
11,6,21,BA,KUL,SYD,1669,16,600,No
7,1,16,SW,HKG,SYD,5157,13,331,No
4,1,16,UA,KUL,SYD,2977,16,192,No
1,5,23,AA,SIN,NRT,931,18,64,No
5,1,14,SW,BKK,DXB,6164,24,815,No
12,4,6,DL,SIN,SYD,3044,8,601,Yes
9,6,18,BA,HKG,NRT,1482,24,688,No
8,6,21,AA,HKG,SYD,3660,18,749,Yes
12,5,22,SW,BKK,SYD,3544,13,832,No
9,1,2,AA,CGK,SYD,6030,7,806,No
10,2,21,DL,KUL,NRT,5492,21,200,No
9,7,10,UA,KUL,DXB,4424,23,542,No
7,7,19,SW,HKG,NRT,7470,24,364,No
4,6,18,AA,SIN,NRT,3812,18,404,Yes
5,5,8,AA,SIN,SYD,5373,6,621,No
1,5,9,AA,CGK,PEK,4818,9,329,No
1,4,1,UA,SIN,PEK,6367,6,167,No
3,3,0,AA,KUL,PEK,2188,18,617,Yes
8,3,15,BA,SIN,NRT,967,17,533,Yes
2,6,17,BA,CGK,SYD,3116,12,141,No
4,7,22,AA,KUL,PEK,1845,3,697,No
2,4,16,BA,SIN,ICN,2922,5,143,No
5,4,5,SW,KUL,ICN,7779,7,349,Yes
9,4,13,BA,HKG,ICN,7170,10,130,No
1,6,22,AA,HKG,DXB,5007,10,234,No
5,3,14,DL,HKG,SYD,6912,19,887,No
9,7,13,SW,SIN,NRT,5221,4,522,No
1,4,23,UA,CGK,NRT,5871,10,454,No
9,7,21,AA,KUL,SYD,1511,18,150,No
8,1,2,UA,BKK,DXB,2177,3,528,Yes
4,5,23,DL,HKG,SYD,4197,21,493,No
12,5,22,UA,HKG,DXB,7093,3,308,No
11,7,18,AA,BKK,PEK,5397,5,703,No
10,2,11,AA,BKK,PEK,4566,16,740,No
5,2,1,DL,SIN,DXB,2392,20,631,No
5,6,2,AA,KUL,SYD,6156,13,300,No
11,6,17,DL,HKG,PEK,5987,11,761,No
12,5,0,DL,CGK,SYD,3369,13,555,No
6,1,19,AA,SIN,PEK,4850,19,399,No
7,3,20,BA,SIN,SYD,1986,6,852,No
8,3,5,DL,CGK,SYD,3839,24,803,Yes
8,6,4,AA,CGK,ICN,6769,13,530,Yes
11,1,0,BA,CGK,DXB,1916,4,522,Yes
2,6,18,DL,BKK,NRT,5357,22,860,Yes
9,3,0,BA,HKG,DXB,3346,5,334,No
7,7,20,SW,BKK,SYD,1857,19,884,No
4,6,20,SW,HKG,SYD,4560,5,74,No
4,4,15,BA,BKK,DXB,5160,21,100,No
11,7,11,DL,KUL,SYD,1891,14,267,No
8,6,21,AA,HKG,PEK,2078,4,119,No
4,5,7,UA,SIN,SYD,4249,12,424,No
6,6,15,AA,HKG,DXB,4125,6,299,No
5,5,0,UA,HKG,DXB,3003,19,667,No
3,1,3,UA,HKG,DXB,5686,10,849,No
10,3,9,DL,KUL,ICN,3637,1,219,No
11,7,10,BA,BKK,ICN,7555,23,456,No
2,7,16,AA,SIN,ICN,6214,23,853,No
9,2,22,BA,BKK,ICN,3409,16,559,No
10,2,6,SW,BKK,ICN,3164,4,268,No
9,3,11,DL,CGK,ICN,899,9,192,No
1,2,20,DL,KUL,ICN,4882,18,440,No
10,7,6,SW,CGK,DXB,4457,17,492,No
3,6,11,AA,KUL,NRT,2733,15,668,No
8,1,14,SW,BKK,ICN,6927,19,790,No
6,1,1,AA,BKK,DXB,2039,7,448,No
5,3,13,UA,KUL,NRT,7293,18,642,Yes
5,2,12,DL,BKK,ICN,7334,6,491,No
6,6,3,AA,BKK,NRT,736,19,333,No
7,1,13,BA,SIN,NRT,7685,21,410,Yes
1,1,13,BA,CGK,PEK,5410,12,193,No
9,4,15,DL,CGK,SYD,1427,3,125,No
3,4,6,SW,CGK,PEK,5009,1,698,No
4,7,18,SW,HKG,NRT,6551,5,264,No
10,1,1,AA,SIN,DXB,6652,1,357,Yes
1,3,9,SW,CGK,ICN,919,8,176,Yes
11,5,17,DL,CGK,SYD,4624,7,326,No
10,5,16,AA,SIN,ICN,2895,15,853,No
3,6,4,UA,BKK,DXB,1160,11,208,Yes
2,1,11,SW,CGK,SYD,3123,18,253,Yes
2,1,5,SW,BKK,PEK,4450,14,739,No
1,7,21,AA,CGK,NRT,949,9,883,No
8,1,8,BA,KUL,DXB,879,5,238,Yes
3,3,19,SW,HKG,NRT,7342,23,207,No
3,4,0,DL,CGK,NRT,7009,4,524,No
6,1,21,SW,KUL,ICN,1750,12,628,No
8,1,14,UA,SIN,DXB,7785,1,64,Yes
9,7,20,SW,KUL,NRT,2959,24,585,No
9,2,5,BA,SIN,PEK,3498,13,339,No
4,7,18,SW,CGK,SYD,4951,1,558,No
5,7,17,AA,SIN,DXB,2801,3,895,No
2,3,5,SW,KUL,ICN,6292,22,495,Yes
11,6,12,BA,HKG,DXB,1226,8,875,No
9,1,0,AA,BKK,ICN,1967,24,275,Yes
8,7,22,DL,BKK,SYD,3228,18,746,No
3,7,22,AA,HKG,PEK,3652,16,887,No
11,2,12,UA,BKK,NRT,7713,20,574,No
12,7,6,AA,CGK,DXB,7716,20,196,Yes
9,5,14,DL,CGK,ICN,4020,16,671,No
3,6,11,SW,KUL,SYD,5405,2,654,No
9,1,0,AA,KUL,NRT,6499,17,339,Yes
2,1,14,AA,SIN,SYD,3854,10,191,No
12,2,3,AA,KUL,PEK,7116,7,452,Yes
10,3,12,AA,CGK,NRT,915,10,540,No
9,1,22,DL,KUL,NRT,7622,19,572,No
8,5,4,BA,BKK,NRT,1099,20,687,Yes
9,1,1,BA,SIN,ICN,7788,9,478,No
5,5,22,AA,SIN,NRT,3574,22,261,No
11,6,0,DL,CGK,SYD,5935,17,711,No
11,6,15,DL,KUL,ICN,7103,9,717,No
2,4,22,AA,BKK,NRT,7894,9,521,No
8,4,5,UA,KUL,SYD,4674,5,837,Yes
12,5,22,AA,HKG,SYD,2067,24,261,Yes
6,3,15,UA,KUL,DXB,7418,7,211,No
8,1,13,AA,CGK,SYD,1594,11,281,No
11,7,2,UA,KUL,PEK,3443,8,138,No
5,1,14,UA,SIN,NRT,5816,14,259,No
10,4,2,AA,BKK,NRT,4653,2,821,No
2,7,22,UA,CGK,NRT,1947,10,158,No
6,5,1,SW,HKG,SYD,1992,21,272,Yes
5,7,0,BA,BKK,SYD,3171,24,202,Yes
12,1,8,DL,BKK,NRT,6691,16,761,No
12,1,8,UA,SIN,ICN,1958,16,448,Yes
5,3,22,UA,SIN,ICN,1708,19,872,No
1,2,6,DL,SIN,PEK,5434,11,433,Yes
2,7,2,UA,CGK,DXB,2712,6,111,No
8,4,17,DL,KUL,PEK,6346,6,683,Yes
3,4,10,AA,BKK,NRT,1854,7,194,No
10,2,6,SW,KUL,NRT,6973,16,470,Yes
3,1,8,SW,KUL,NRT,5740,13,529,No
8,3,0,BA,SIN,DXB,712,3,171,Yes
8,3,13,UA,KUL,SYD,4394,24,584,Yes
2,4,19,BA,BKK,DXB,5102,24,844,No
8,3,5,AA,BKK,PEK,3463,9,804,No
11,6,6,SW,HKG,SYD,3348,24,103,Yes
1,2,9,AA,CGK,SYD,6811,3,456,Yes
6,1,6,AA,KUL,PEK,3542,6,644,No
8,6,1,UA,CGK,SYD,6165,17,320,Yes
3,2,3,AA,CGK,ICN,7473,3,802,No
8,5,20,SW,CGK,PEK,7639,2,604,Yes
12,7,16,BA,CGK,PEK,3534,12,447,Yes
1,4,0,SW,BKK,ICN,7430,24,535,Yes
11,3,9,UA,KUL,DXB,7070,6,469,No
11,5,18,SW,HKG,DXB,2232,10,639,No
9,3,14,DL,CGK,DXB,5840,11,75,No
11,6,9,BA,HKG,SYD,5611,16,721,Yes
9,1,18,DL,BKK,ICN,3581,16,863,No
5,1,11,DL,BKK,PEK,5739,24,161,No
10,1,23,UA,SIN,PEK,1770,18,245,No
4,3,15,AA,CGK,PEK,6528,22,84,No
11,5,8,DL,SIN,SYD,7888,23,131,Yes
6,1,14,SW,HKG,SYD,5368,24,652,Yes
12,5,16,AA,KUL,DXB,2029,9,632,Yes
7,3,13,SW,SIN,SYD,1581,21,77,No
5,6,17,SW,BKK,DXB,4031,19,813,No
11,5,1,AA,CGK,DXB,1651,2,629,No
10,6,3,AA,HKG,PEK,2222,24,391,Yes
9,3,17,SW,BKK,SYD,1216,1,628,No
3,3,6,UA,KUL,DXB,6729,16,156,Yes
7,4,12,BA,CGK,ICN,4699,22,786,Yes
10,3,14,BA,KUL,ICN,2690,18,890,No
10,3,22,UA,KUL,SYD,704,3,71,No
11,2,21,AA,CGK,PEK,7284,24,70,Yes
5,1,0,SW,CGK,PEK,4329,1,222,Yes
7,4,10,BA,KUL,DXB,3609,6,342,No
2,7,9,SW,HKG,SYD,4594,19,788,Yes
4,4,4,UA,CGK,ICN,5982,22,894,No
2,4,15,SW,BKK,DXB,6240,19,300,No
12,7,10,UA,SIN,DXB,1832,11,104,No
7,2,20,AA,HKG,NRT,7719,8,652,No
2,6,5,UA,CGK,SYD,2548,5,314,Yes
11,3,8,UA,CGK,DXB,6654,20,126,No
1,1,12,BA,HKG,ICN,2349,9,673,No
9,5,23,SW,SIN,NRT,5342,15,662,No
1,7,7,BA,KUL,ICN,6259,21,101,Yes
8,6,13,DL,BKK,PEK,1737,14,847,Yes
2,7,23,UA,CGK,NRT,2518,4,875,No
12,3,0,DL,SIN,NRT,5551,24,845,Yes
8,2,16,BA,BKK,DXB,7398,24,443,Yes
3,7,23,SW,HKG,PEK,1017,8,648,No
6,3,4,BA,CGK,DXB,1938,20,293,Yes
3,3,1,SW,KUL,SYD,4586,17,773,Yes
7,2,23,SW,HKG,ICN,5627,2,544,Yes
10,4,8,AA,CGK,ICN,2552,20,792,No
9,4,3,UA,SIN,DXB,7337,16,833,Yes
2,1,16,BA,BKK,ICN,6755,10,98,No
12,1,16,SW,BKK,ICN,7647,2,70,No
12,4,20,BA,CGK,SYD,4868,11,683,No
5,6,17,BA,HKG,PEK,5017,10,468,No
6,5,15,SW,KUL,NRT,2812,19,167,No
4,3,7,DL,SIN,DXB,6077,14,153,No
4,5,10,UA,CGK,DXB,2759,11,882,No
4,3,20,UA,SIN,SYD,3649,9,143,No
2,4,20,AA,BKK,SYD,1281,7,117,No
4,1,17,AA,KUL,NRT,3213,15,352,No
11,6,22,AA,SIN,PEK,1744,20,75,No
1,1,23,UA,CGK,DXB,2916,17,536,Yes
12,5,9,DL,KUL,SYD,7601,3,897,No
6,1,12,UA,HKG,DXB,6990,15,664,No
1,4,16,UA,CGK,ICN,6668,14,224,No
10,6,17,UA,SIN,DXB,1475,8,496,No
6,5,9,UA,KUL,PEK,3991,4,786,No
1,6,15,DL,CGK,PEK,3925,10,715,No
6,3,19,AA,KUL,DXB,6339,2,845,No
10,1,4,BA,KUL,ICN,916,14,462,Yes
8,6,12,AA,KUL,PEK,7158,8,445,No
11,2,17,AA,SIN,SYD,714,23,197,Yes
2,1,16,BA,CGK,DXB,4478,10,775,No
2,3,8,UA,BKK,ICN,1635,18,873,No
12,6,13,DL,BKK,SYD,7597,15,781,No
4,5,16,DL,SIN,DXB,4275,5,590,No
11,3,3,AA,SIN,ICN,5509,22,865,Yes
3,2,17,BA,KUL,SYD,2082,13,352,No
4,6,19,SW,CGK,PEK,6620,18,534,No
12,7,23,UA,CGK,DXB,5023,2,521,No
7,7,23,AA,HKG,DXB,1232,13,872,No
11,4,14,DL,HKG,PEK,3246,14,432,No
1,1,10,BA,BKK,NRT,2763,10,221,Yes
6,5,11,BA,HKG,SYD,5008,4,701,No
3,4,8,AA,HKG,PEK,4304,15,103,No
11,6,12,SW,BKK,DXB,2927,8,142,No
10,7,14,DL,BKK,SYD,6221,15,695,No
7,7,14,AA,HKG,SYD,731,14,598,No
10,7,4,SW,CGK,NRT,5430,21,875,Yes
2,6,22,BA,HKG,DXB,4853,9,578,No
2,7,18,UA,KUL,ICN,5875,20,470,No
4,3,19,DL,KUL,NRT,902,3,400,No
1,6,13,DL,KUL,NRT,7067,15,770,Yes
3,5,16,SW,SIN,ICN,5365,24,683,No
9,4,17,AA,KUL,ICN,564,17,148,Yes
7,5,20,BA,CGK,NRT,2737,16,699,Yes
7,2,2,SW,SIN,SYD,1449,4,289,Yes
11,7,1,UA,SIN,PEK,672,11,77,No
4,2,0,UA,KUL,PEK,7402,8,860,No
2,1,9,UA,HKG,NRT,3175,3,732,No
4,1,18,SW,BKK,SYD,7204,19,340,No
6,2,16,BA,HKG,ICN,1750,14,481,No
11,6,11,DL,HKG,NRT,3548,9,737,No
11,5,0,AA,SIN,DXB,4505,3,831,No
3,2,11,DL,SIN,SYD,6007,4,761,No
1,1,16,BA,SIN,DXB,7044,4,397,No
12,2,23,DL,CGK,DXB,1137,11,325,No
8,6,2,SW,CGK,NRT,1448,19,862,Yes
12,2,10,UA,BKK,SYD,2760,16,414,Yes
5,5,16,BA,SIN,DXB,6696,23,419,No
5,4,22,BA,KUL,SYD,7267,22,850,Yes
11,6,2,DL,SIN,PEK,2194,17,276,No
4,1,7,SW,CGK,DXB,5347,10,380,No
6,5,19,DL,SIN,DXB,5257,24,778,No
3,2,3,DL,CGK,SYD,6782,17,724,Yes
9,2,20,BA,SIN,PEK,7061,16,752,No
5,4,21,DL,KUL,DXB,642,20,271,No
3,1,6,UA,BKK,NRT,6501,22,844,No
11,1,13,DL,KUL,SYD,7152,6,262,No
1,3,13,UA,CGK,SYD,7293,7,776,Yes
10,1,3,BA,HKG,DXB,5081,14,212,No
12,4,15,SW,KUL,PEK,5587,11,741,No
6,7,23,UA,SIN,DXB,1960,12,488,No
2,3,21,SW,BKK,ICN,4387,14,812,No
3,3,0,SW,SIN,DXB,7186,5,346,No
1,2,16,UA,SIN,ICN,792,5,816,Yes
9,2,9,BA,KUL,NRT,2143,20,380,No
8,1,21,AA,BKK,SYD,7951,22,495,No
12,3,15,SW,HKG,SYD,3218,23,651,No
2,2,15,SW,SIN,PEK,1337,15,555,No
12,4,7,BA,BKK,DXB,1537,1,663,No
11,2,6,BA,HKG,NRT,7277,24,208,No
8,6,5,DL,SIN,ICN,6346,23,601,Yes
12,6,15,BA,BKK,PEK,771,9,694,No
9,2,19,SW,KUL,NRT,5644,3,541,No
1,3,15,UA,SIN,NRT,2458,4,385,No
5,7,6,AA,SIN,ICN,2869,16,88,Yes
8,7,8,DL,BKK,ICN,1305,7,318,No
11,3,13,UA,SIN,SYD,6300,22,757,No
2,5,10,AA,HKG,DXB,3674,14,134,No
4,7,13,AA,SIN,PEK,6485,16,616,Yes
7,6,6,AA,CGK,DXB,1382,18,640,Yes
3,4,0,UA,HKG,PEK,7707,16,557,No
12,3,12,DL,BKK,NRT,6878,16,475,Yes
5,1,19,DL,HKG,ICN,1331,2,781,No
8,6,2,AA,CGK,ICN,5708,10,810,Yes
12,4,19,UA,CGK,NRT,3671,7,399,No
10,4,3,AA,SIN,NRT,2691,15,367,No
3,3,10,BA,SIN,PEK,2540,9,763,No
4,4,1,DL,KUL,NRT,5701,7,674,Yes
9,3,13,SW,HKG,PEK,7232,24,300,No
7,7,11,AA,KUL,DXB,2094,16,312,Yes
1,2,16,BA,CGK,ICN,6872,3,279,No
12,6,11,DL,SIN,ICN,2126,17,456,No
4,5,11,UA,SIN,ICN,6485,23,395,No
4,2,0,DL,SIN,DXB,4084,8,788,No
9,6,12,UA,BKK,DXB,6400,2,773,No
6,3,13,UA,CGK,SYD,5816,20,88,No
9,6,23,AA,SIN,PEK,773,3,553,No
12,7,1,AA,CGK,PEK,1089,8,783,No
6,3,11,DL,SIN,SYD,3200,2,561,No
6,2,20,BA,HKG,ICN,1082,19,213,No
5,1,15,DL,CGK,PEK,5563,17,290,Yes
5,1,3,SW,KUL,PEK,4133,5,161,No
2,6,7,UA,BKK,ICN,2490,20,886,No
8,1,1,UA,KUL,NRT,7015,17,236,Yes
8,3,9,AA,CGK,NRT,7747,10,752,No
11,4,8,BA,SIN,SYD,1758,9,291,No
1,3,22,AA,CGK,DXB,5906,22,71,Yes
8,4,14,SW,BKK,PEK,3366,6,245,Yes
5,2,12,DL,CGK,PEK,4238,11,820,No
2,5,22,DL,SIN,SYD,1071,2,325,No
2,4,16,BA,KUL,SYD,1044,23,194,No
6,1,15,AA,HKG,PEK,6056,12,816,No
11,3,1,AA,KUL,ICN,4722,12,90,No
9,2,19,SW,SIN,ICN,5328,16,515,Yes
1,1,19,DL,SIN,DXB,5012,22,318,Yes
12,2,13,AA,BKK,PEK,1137,24,163,Yes
6,5,2,BA,CGK,PEK,540,12,490,No
9,7,22,DL,CGK,PEK,5382,21,441,No
8,3,11,SW,KUL,PEK,4892,18,528,No
11,6,7,BA,HKG,SYD,2120,13,572,No
6,3,1,UA,HKG,NRT,4172,15,266,Yes
3,5,3,SW,BKK,PEK,4637,16,706,No
8,3,13,BA,SIN,NRT,7275,4,506,No
9,6,15,AA,BKK,ICN,7946,12,842,No
1,4,18,UA,CGK,DXB,4628,17,148,No
12,2,1,SW,SIN,ICN,1799,1,254,Yes
9,6,11,AA,BKK,PEK,7308,22,473,Yes
6,1,13,UA,KUL,ICN,7757,18,181,No
6,5,5,DL,CGK,SYD,5211,22,521,Yes
12,4,12,AA,HKG,NRT,5543,16,175,Yes
4,1,3,BA,BKK,PEK,6143,1,255,No
1,1,21,SW,CGK,SYD,659,10,95,Yes
10,5,17,UA,CGK,NRT,2452,19,126,No
8,4,11,AA,HKG,SYD,7101,16,704,Yes
2,7,19,DL,HKG,ICN,2231,14,340,No
12,1,21,SW,HKG,PEK,2946,2,538,No
1,1,20,SW,BKK,ICN,6438,24,70,Yes
2,4,18,AA,HKG,DXB,6393,6,789,No
1,3,7,DL,KUL,PEK,3662,22,381,No
1,1,6,UA,CGK,ICN,2232,23,727,Yes
9,2,15,AA,HKG,PEK,1080,5,299,No
1,4,18,UA,CGK,NRT,719,12,119,Yes
4,1,5,SW,SIN,PEK,4974,4,709,No
10,5,19,UA,SIN,PEK,2249,22,621,No
6,6,20,DL,HKG,NRT,7573,24,738,No
7,2,10,BA,CGK,ICN,1970,4,224,No
2,6,4,DL,SIN,PEK,5559,5,890,No
6,6,15,UA,HKG,SYD,5765,7,248,No
7,1,6,AA,CGK,PEK,4828,6,546,Yes
10,2,4,SW,HKG,ICN,1894,13,151,No
10,2,10,BA,CGK,NRT,1421,4,865,No
2,3,14,AA,SIN,ICN,6877,13,348,No
2,6,2,AA,HKG,DXB,3273,4,568,No
10,2,4,DL,SIN,PEK,4962,10,134,No
7,3,22,UA,HKG,PEK,5076,20,616,Yes
12,4,20,DL,BKK,NRT,6192,1,487,Yes
1,3,4,UA,SIN,PEK,3934,21,444,Yes
8,5,8,DL,SIN,SYD,7233,8,112,Yes
11,7,14,AA,KUL,SYD,4082,7,234,No
3,1,2,SW,SIN,ICN,1618,5,732,No
11,4,5,UA,CGK,NRT,2365,3,638,No
6,7,16,BA,HKG,DXB,6630,15,533,No
9,7,20,BA,BKK,ICN,4811,17,420,No
6,4,7,AA,CGK,NRT,1224,23,329,No
9,5,20,DL,CGK,NRT,6435,13,466,No
7,3,10,DL,CGK,ICN,1211,15,183,Yes
9,1,5,AA,CGK,ICN,6483,19,753,Yes
2,3,7,BA,BKK,PEK,2325,20,435,No
12,2,9,BA,KUL,DXB,4426,14,451,Yes
8,3,23,DL,SIN,SYD,5580,21,241,No
8,4,2,UA,CGK,PEK,5754,13,95,Yes
2,1,22,SW,SIN,NRT,5702,12,271,No
12,3,13,UA,SIN,DXB,890,24,193,No
4,1,22,BA,CGK,DXB,1570,23,749,No
11,1,13,UA,KUL,ICN,4987,9,737,No
7,2,9,SW,SIN,DXB,3265,3,550,Yes
11,2,11,UA,HKG,DXB,4980,11,497,No
4,4,5,UA,SIN,NRT,2928,10,898,No
4,5,11,UA,CGK,PEK,7744,1,105,No
6,7,22,UA,BKK,DXB,5878,17,727,No
10,1,13,AA,SIN,ICN,7247,13,460,No
6,5,1,BA,KUL,PEK,5529,14,547,No
10,7,8,SW,HKG,ICN,6566,1,491,No
3,7,9,BA,HKG,DXB,4994,2,487,No
9,4,16,AA,BKK,PEK,2647,2,807,No
12,7,16,AA,BKK,DXB,4072,7,887,No
10,7,2,AA,SIN,NRT,4978,9,631,Yes
11,1,18,AA,CGK,PEK,3254,24,576,No
2,1,0,UA,KUL,ICN,3763,4,521,No
6,6,11,BA,HKG,NRT,4325,2,240,No
12,5,6,DL,BKK,SYD,3916,19,204,Yes
7,3,3,SW,KUL,ICN,2557,5,886,No
12,2,9,AA,CGK,DXB,2811,9,324,No
9,3,12,BA,HKG,ICN,7935,24,794,No
3,5,1,AA,HKG,SYD,3379,13,465,No
10,2,9,AA,CGK,ICN,7273,12,872,No
3,3,20,AA,HKG,NRT,7405,19,543,No
7,6,21,AA,CGK,ICN,4142,9,541,No
4,2,3,AA,HKG,PEK,6838,10,296,No
8,1,17,SW,SIN,SYD,3109,19,584,Yes
7,3,4,BA,CGK,ICN,1930,10,398,Yes
5,2,18,AA,KUL,SYD,7963,12,327,No
7,6,1,AA,SIN,NRT,2413,14,325,No
3,7,11,AA,KUL,PEK,6740,8,587,No
12,2,16,AA,HKG,DXB,7105,16,151,No
2,2,9,UA,KUL,ICN,1257,17,307,Yes
6,6,1,UA,SIN,NRT,2634,20,78,No
2,7,5,DL,CGK,SYD,5586,4,449,No
3,3,7,AA,BKK,SYD,6720,6,447,No
6,4,18,DL,KUL,NRT,2412,12,674,No
5,3,10,SW,BKK,ICN,2239,18,154,No
8,7,11,DL,KUL,DXB,6102,7,489,No
9,5,8,BA,KUL,ICN,3717,5,854,No
11,6,1,UA,CGK,PEK,5256,10,784,No
3,3,7,UA,HKG,ICN,6624,6,96,No
12,2,10,AA,SIN,PEK,1634,14,452,Yes
10,6,20,AA,SIN,SYD,6621,6,632,No
3,1,3,SW,SIN,PEK,4212,14,350,No
3,7,9,SW,HKG,DXB,1264,12,362,No
6,3,20,BA,BKK,NRT,3225,22,815,Yes
1,6,19,AA,SIN,PEK,3868,12,460,Yes
7,3,15,AA,BKK,ICN,3997,8,882,No
12,6,7,SW,HKG,PEK,2172,10,403,No
1,2,3,SW,HKG,SYD,7434,16,577,Yes
5,1,9,SW,CGK,PEK,3905,20,436,No
10,1,11,UA,SIN,DXB,6142,8,877,No
8,5,13,DL,CGK,PEK,1082,9,224,No
4,6,15,DL,SIN,DXB,5266,13,72,No
5,3,21,AA,HKG,ICN,6347,20,84,No
4,1,17,UA,HKG,SYD,5133,17,795,No
12,7,20,SW,KUL,NRT,2321,19,182,Yes
12,1,21,AA,KUL,ICN,1685,17,188,No
4,4,20,UA,HKG,ICN,5025,7,876,No
12,4,11,BA,HKG,NRT,2137,1,693,No
8,1,17,UA,BKK,PEK,7736,20,606,No
2,6,6,AA,BKK,PEK,2680,14,654,No
1,5,19,DL,CGK,PEK,688,17,368,No
3,1,23,SW,KUL,SYD,2246,13,495,No
9,2,22,BA,KUL,ICN,4326,2,241,No
4,3,6,UA,HKG,DXB,6297,14,647,No
10,5,8,AA,HKG,NRT,3120,1,675,No
5,2,0,AA,CGK,ICN,4445,5,803,No
2,5,5,SW,KUL,PEK,2826,7,874,No
4,2,5,AA,BKK,NRT,6244,19,102,No
2,3,21,AA,SIN,DXB,7185,14,463,No
2,3,11,SW,CGK,ICN,6607,24,664,No
4,4,21,BA,SIN,ICN,1684,14,715,No
6,6,11,DL,BKK,SYD,3293,15,825,No
7,2,9,DL,BKK,ICN,3446,5,649,Yes
10,4,22,UA,SIN,ICN,3000,5,322,No
3,2,5,BA,CGK,DXB,7532,21,129,No
3,4,16,UA,SIN,DXB,5446,24,720,No
10,3,18,DL,CGK,NRT,669,2,351,No
6,5,17,SW,CGK,PEK,5425,18,273,No
12,7,5,AA,HKG,DXB,3245,24,881,Yes
3,4,23,DL,KUL,NRT,1580,9,206,No
2,2,18,BA,KUL,ICN,1763,10,84,No
8,2,9,DL,BKK,NRT,5364,18,382,No
5,7,23,BA,HKG,NRT,4953,4,168,No
1,6,7,BA,KUL,NRT,2748,8,752,No
3,3,20,BA,CGK,NRT,7087,18,310,No
10,2,23,UA,CGK,DXB,4408,20,541,No
8,1,5,SW,SIN,PEK,7470,17,774,Yes
4,5,20,DL,SIN,NRT,1825,16,875,No
7,4,6,SW,CGK,SYD,3677,18,741,Yes
10,6,23,AA,CGK,ICN,4373,7,234,No
12,7,0,DL,SIN,ICN,2648,1,406,No
2,5,17,SW,KUL,ICN,5716,1,229,No
7,3,23,SW,BKK,ICN,2188,18,61,Yes
5,6,19,AA,SIN,ICN,3485,4,705,No
5,4,11,BA,KUL,NRT,2576,23,698,No
6,4,15,DL,KUL,PEK,2029,20,617,No
9,7,9,DL,KUL,SYD,7308,21,765,Yes
6,1,9,AA,HKG,DXB,1961,20,421,No
12,7,13,BA,HKG,SYD,1902,4,780,No
8,3,19,DL,KUL,DXB,572,6,355,Yes
7,6,9,DL,CGK,DXB,4849,3,629,No
9,6,9,DL,HKG,SYD,4534,6,649,No
4,2,10,BA,SIN,NRT,6530,13,261,No
2,1,22,AA,HKG,ICN,5111,23,348,Yes
7,1,1,DL,CGK,NRT,3296,7,121,Yes
6,6,19,SW,BKK,ICN,5639,24,561,No
1,6,7,BA,HKG,PEK,6244,4,839,No
11,5,22,UA,KUL,DXB,7178,1,185,No
9,5,6,AA,KUL,SYD,5016,6,108,No
9,5,7,SW,KUL,PEK,2993,24,659,No
12,1,0,DL,BKK,ICN,5474,5,832,Yes
2,2,20,UA,CGK,NRT,4731,13,238,No
3,4,1,AA,SIN,SYD,4076,19,640,Yes
5,5,17,BA,CGK,DXB,5920,4,552,No
5,2,14,UA,BKK,PEK,6228,24,492,No
1,7,0,UA,KUL,DXB,532,6,631,No
8,3,4,SW,CGK,ICN,3194,13,361,Yes
12,5,1,AA,SIN,DXB,6386,5,820,Yes
8,7,19,SW,KUL,NRT,4873,13,228,No
4,4,2,SW,SIN,PEK,6776,10,328,Yes
7,3,18,DL,HKG,PEK,5345,3,423,Yes
11,3,17,BA,SIN,NRT,4098,23,683,No
10,4,21,UA,KUL,DXB,6769,13,159,No
3,5,17,AA,HKG,NRT,2892,12,274,No
6,1,13,BA,KUL,SYD,4612,4,684,No
10,4,23,BA,KUL,NRT,3371,10,156,No
10,4,7,AA,HKG,DXB,7205,3,878,No
12,4,11,BA,SIN,NRT,7290,17,689,Yes
9,3,20,DL,BKK,ICN,3177,9,607,No
1,2,9,BA,BKK,NRT,1901,1,396,Yes
5,7,22,DL,BKK,NRT,1317,18,418,No
4,1,19,UA,BKK,DXB,6703,9,349,No
8,5,16,UA,CGK,SYD,2160,21,455,Yes
11,5,10,SW,BKK,SYD,5062,20,875,No
12,7,1,DL,HKG,DXB,5223,9,419,No
1,2,3,UA,BKK,DXB,2938,2,406,No
9,4,0,BA,KUL,DXB,3483,19,183,Yes
6,1,14,AA,BKK,ICN,7328,16,611,Yes
4,5,12,AA,SIN,PEK,1710,3,712,No
12,7,7,DL,HKG,NRT,7141,16,597,Yes
9,6,3,SW,HKG,DXB,1099,21,713,Yes
11,7,9,BA,CGK,DXB,6334,13,481,No
5,5,18,DL,KUL,DXB,5980,3,395,No
5,4,17,AA,HKG,SYD,2346,10,562,No
12,6,4,DL,SIN,DXB,2355,22,116,Yes
5,2,18,BA,BKK,NRT,7092,18,721,No
1,1,22,UA,HKG,DXB,2387,6,776,No
1,2,21,BA,SIN,NRT,1179,6,135,Yes
8,2,15,UA,BKK,ICN,3752,18,525,Yes
12,7,0,UA,CGK,PEK,2335,6,344,Yes
8,1,11,UA,HKG,SYD,4530,6,781,No
12,1,23,DL,HKG,NRT,2677,22,445,No
6,5,1,AA,SIN,ICN,648,13,829,Yes
12,5,20,DL,KUL,PEK,1995,14,318,No
11,1,7,AA,CGK,PEK,5413,21,536,No
4,6,17,BA,KUL,PEK,2244,7,755,No
2,3,15,SW,HKG,NRT,2146,13,899,No
2,5,4,BA,KUL,ICN,3495,15,70,No
9,3,21,DL,BKK,DXB,7143,12,731,No
5,7,12,DL,CGK,ICN,2172,21,319,No
4,6,18,AA,KUL,ICN,5974,1,452,No
10,1,2,DL,BKK,ICN,2439,3,659,No
1,6,7,UA,SIN,NRT,7878,18,428,Yes
7,5,11,DL,KUL,NRT,1157,22,243,Yes
3,2,1,AA,CGK,NRT,4167,8,75,Yes
6,7,10,AA,BKK,ICN,1553,2,815,No
5,1,11,UA,KUL,NRT,4571,4,565,No
5,4,17,AA,SIN,PEK,1076,18,145,Yes
11,7,12,SW,KUL,NRT,3595,13,770,No
5,3,4,BA,BKK,SYD,3531,15,69,No
1,6,21,DL,KUL,NRT,5318,2,536,Yes
1,1,11,SW,CGK,NRT,6865,10,223,No
3,7,1,DL,HKG,NRT,7245,2,83,Yes
12,6,4,SW,BKK,NRT,6237,21,635,Yes
10,1,6,DL,BKK,SYD,5279,12,371,No
4,5,23,UA,BKK,DXB,5337,5,297,No
5,7,11,AA,BKK,NRT,3472,12,521,No
2,5,15,AA,KUL,PEK,7223,23,521,No
8,7,22,UA,CGK,SYD,4448,1,297,No
11,5,7,SW,SIN,DXB,7044,2,81,No
11,6,8,BA,CGK,NRT,2545,16,239,No
2,4,14,SW,BKK,DXB,4436,22,877,No
9,7,4,AA,KUL,PEK,3448,2,618,No
2,7,12,BA,KUL,SYD,2127,16,850,No
9,5,4,DL,BKK,SYD,7155,20,795,No
7,1,10,BA,KUL,DXB,6731,16,789,Yes
8,7,9,SW,BKK,NRT,1988,6,558,No
11,5,19,UA,CGK,ICN,4645,13,534,No
2,2,12,DL,HKG,SYD,4698,12,808,No
7,5,8,SW,KUL,ICN,4963,23,775,No
12,6,20,DL,BKK,SYD,1435,10,398,No
6,4,13,BA,BKK,NRT,4063,5,590,No
4,2,17,AA,KUL,NRT,4129,8,751,No
7,6,14,SW,SIN,SYD,2214,6,221,No
4,6,9,UA,BKK,DXB,2302,5,856,No
2,6,23,BA,KUL,NRT,7935,20,120,No
10,1,6,SW,BKK,NRT,1920,22,144,No
12,6,7,UA,SIN,PEK,7987,6,606,Yes
7,1,2,SW,HKG,NRT,4091,22,549,Yes
8,6,14,BA,SIN,PEK,4020,17,64,Yes
2,3,15,SW,CGK,NRT,6396,6,135,No
5,2,3,DL,KUL,NRT,7541,17,312,Yes
1,3,20,BA,SIN,DXB,7552,5,66,No
7,6,5,SW,HKG,DXB,3811,23,740,Yes
8,2,0,AA,BKK,NRT,2805,17,701,Yes
6,2,3,SW,KUL,SYD,2495,17,532,Yes
5,7,10,DL,SIN,SYD,2467,13,197,No
6,4,11,UA,HKG,NRT,4214,22,417,Yes
2,3,4,UA,SIN,SYD,4535,7,871,No
1,4,22,UA,CGK,NRT,4985,22,897,Yes
7,2,20,AA,KUL,DXB,5962,21,662,No
7,1,15,DL,BKK,ICN,5368,6,222,No
10,2,12,BA,HKG,PEK,7397,14,377,No
11,4,12,UA,SIN,SYD,3958,16,517,Yes
10,3,16,DL,KUL,SYD,893,3,312,No
2,6,6,SW,SIN,DXB,5278,9,260,No
2,7,7,AA,KUL,SYD,4230,15,591,No
1,7,12,DL,CGK,NRT,4865,21,800,No
10,7,22,DL,SIN,NRT,4744,18,734,No
8,6,15,BA,CGK,ICN,5406,10,224,No
8,7,3,DL,HKG,ICN,527,10,291,Yes
1,3,7,BA,CGK,ICN,7816,23,387,Yes
12,6,15,AA,KUL,NRT,3991,3,297,No
11,7,20,AA,HKG,ICN,6923,1,179,No
8,6,9,SW,SIN,ICN,5801,3,678,No
9,4,11,BA,SIN,NRT,4761,5,309,No
4,3,11,BA,KUL,DXB,6660,7,395,No
1,5,4,UA,BKK,SYD,1673,3,343,Yes
1,1,15,UA,BKK,PEK,838,4,257,Yes
3,7,0,SW,SIN,NRT,1568,17,475,No
5,1,8,AA,KUL,NRT,1341,3,791,No
5,6,11,UA,BKK,PEK,4784,23,454,No
9,1,4,DL,CGK,PEK,5246,4,210,No
10,3,21,AA,SIN,ICN,7728,2,857,No
12,3,19,DL,CGK,PEK,793,14,324,No
2,2,21,BA,KUL,SYD,2357,5,279,No
2,7,23,AA,CGK,SYD,7700,21,275,No
6,2,2,SW,BKK,SYD,1822,2,374,No
9,1,4,BA,BKK,SYD,7058,15,727,No
1,5,1,BA,HKG,SYD,2147,11,275,No
9,2,13,DL,SIN,ICN,5398,22,394,No
9,2,1,BA,KUL,NRT,4120,10,418,No
9,3,12,UA,SIN,PEK,5026,20,685,No
5,5,6,AA,CGK,NRT,6114,1,220,No
9,6,9,UA,KUL,PEK,7767,19,874,No
11,1,12,DL,KUL,ICN,3594,14,669,No
4,2,15,DL,BKK,ICN,3991,23,570,No
2,5,13,AA,CGK,DXB,3995,22,216,No
6,7,10,BA,BKK,DXB,5082,14,221,No
4,5,9,SW,BKK,ICN,4301,1,101,No
6,1,5,DL,HKG,ICN,588,9,239,No
3,5,3,AA,BKK,PEK,7876,17,362,Yes
6,5,20,SW,SIN,ICN,4866,14,389,No
2,5,0,BA,KUL,NRT,2456,13,622,No
2,7,6,DL,BKK,PEK,6368,13,823,No
9,2,23,AA,SIN,ICN,1399,6,488,No
7,1,8,AA,CGK,PEK,3977,7,409,No
3,7,7,AA,KUL,PEK,2244,2,179,No
11,5,4,DL,CGK,SYD,4873,8,134,No
1,5,18,SW,SIN,DXB,6596,24,733,Yes
8,2,9,AA,CGK,PEK,2753,6,720,Yes
6,1,10,BA,CGK,PEK,4161,3,182,No
7,3,14,AA,CGK,SYD,3460,18,712,Yes
9,7,5,SW,BKK,ICN,6971,18,241,No
5,2,14,DL,BKK,PEK,2133,22,848,No
1,1,4,AA,BKK,SYD,7501,23,316,Yes
12,7,18,AA,KUL,NRT,7520,6,896,No
10,5,21,BA,SIN,SYD,1361,11,816,No
7,1,18,BA,BKK,DXB,6979,3,657,Yes
5,1,9,AA,CGK,DXB,5201,16,642,No
3,6,11,AA,CGK,ICN,7235,5,328,No
12,1,21,BA,CGK,ICN,5657,24,552,No
9,3,3,SW,CGK,DXB,1513,22,239,Yes
1,1,17,UA,HKG,DXB,3799,2,850,Yes
1,3,15,UA,KUL,PEK,2006,15,208,No
1,5,7,AA,SIN,DXB,3705,16,577,Yes
3,3,3,BA,SIN,ICN,5303,7,207,Yes
12,7,22,DL,BKK,DXB,1477,16,739,Yes
6,5,11,DL,HKG,ICN,3961,24,68,No
10,5,1,UA,SIN,NRT,2317,4,237,No
11,3,3,SW,KUL,DXB,4184,16,855,No
3,2,4,UA,CGK,ICN,4558,17,454,Yes
8,4,2,AA,BKK,SYD,7068,2,687,Yes
10,1,8,SW,KUL,PEK,3134,16,667,No
2,6,20,DL,SIN,ICN,5401,4,390,No
9,4,17,BA,HKG,DXB,6129,7,115,No
3,1,10,BA,BKK,DXB,5315,18,266,No
5,1,2,AA,SIN,NRT,4166,6,164,Yes
10,5,22,UA,BKK,SYD,1448,18,606,No
8,1,1,AA,SIN,ICN,7298,7,780,No
2,6,8,BA,CGK,SYD,973,2,852,No
6,1,13,DL,HKG,NRT,1067,19,414,No
12,3,3,BA,CGK,PEK,3932,9,718,Yes
5,4,8,SW,SIN,SYD,4523,4,548,No
10,3,12,BA,KUL,NRT,2758,14,858,No
9,6,17,BA,CGK,ICN,7846,5,652,No
12,1,14,SW,KUL,PEK,5677,7,562,No
5,7,9,UA,SIN,DXB,3644,8,109,No
2,6,15,BA,HKG,NRT,4810,15,146,No
5,5,11,AA,KUL,DXB,5495,19,762,No
12,3,19,BA,SIN,PEK,6397,11,362,Yes
4,3,4,AA,KUL,NRT,2482,20,60,Yes
11,2,1,SW,CGK,NRT,1596,23,440,Yes
7,1,9,BA,SIN,PEK,7110,4,709,No
6,5,0,SW,CGK,ICN,5890,18,707,No
2,7,6,SW,BKK,NRT,4070,14,421,No
12,3,16,UA,SIN,PEK,6997,6,440,Yes
11,3,15,BA,KUL,SYD,5853,16,725,No
11,5,23,AA,BKK,DXB,3890,18,221,Yes
5,6,2,AA,CGK,NRT,7686,1,78,No
7,6,13,BA,CGK,SYD,3172,8,899,No
11,1,9,UA,KUL,NRT,4146,1,302,No
7,2,21,UA,BKK,ICN,2919,1,188,No
5,3,6,UA,HKG,PEK,4779,19,235,Yes
12,2,16,AA,KUL,NRT,3848,21,468,Yes
9,6,5,SW,CGK,PEK,1173,10,851,No
4,6,22,UA,SIN,NRT,3302,18,143,No
11,4,21,AA,BKK,ICN,7812,12,435,No
3,7,3,AA,HKG,ICN,6277,17,281,No
4,1,16,SW,SIN,SYD,7748,1,384,No
5,4,8,BA,BKK,ICN,2869,8,510,No
6,7,3,BA,KUL,PEK,5030,10,475,No
3,4,6,UA,KUL,ICN,1566,10,716,No
2,4,22,UA,BKK,NRT,5932,18,504,No
4,1,1,SW,HKG,ICN,6936,9,677,No
5,1,16,UA,BKK,PEK,1187,2,384,No
4,5,23,SW,SIN,NRT,5483,3,582,No
11,2,7,AA,SIN,SYD,568,2,225,No
12,2,22,UA,KUL,SYD,2603,6,767,No
3,5,14,AA,BKK,SYD,7274,23,802,No
8,5,14,DL,KUL,NRT,7871,12,718,No
10,6,7,SW,HKG,SYD,919,22,297,No
4,7,15,DL,SIN,ICN,4498,19,72,Yes
2,4,18,UA,CGK,NRT,7210,15,790,No
2,5,10,AA,CGK,NRT,3097,19,316,No
1,3,1,UA,BKK,NRT,4838,12,573,Yes
4,2,22,DL,BKK,DXB,7868,18,269,No
10,5,23,UA,CGK,PEK,7391,16,543,No
9,3,16,BA,BKK,DXB,6093,2,424,No
11,3,15,DL,SIN,DXB,7170,11,284,No
7,3,14,UA,HKG,DXB,6275,12,253,Yes
12,6,12,AA,HKG,PEK,2624,5,255,Yes
10,6,14,UA,KUL,DXB,6604,24,459,No
7,3,3,AA,SIN,SYD,6097,6,831,Yes
7,7,15,BA,BKK,NRT,4392,11,116,No
8,6,11,UA,BKK,NRT,939,21,684,Yes
1,4,3,BA,KUL,ICN,1786,10,272,Yes
10,3,2,DL,KUL,SYD,1708,4,338,No
10,4,21,AA,BKK,PEK,1578,9,815,No
8,4,16,DL,BKK,NRT,5927,12,439,No
4,3,21,AA,SIN,DXB,3063,10,176,No
4,2,17,BA,KUL,ICN,7966,14,510,No
4,7,17,SW,SIN,ICN,4123,5,658,No
6,3,22,UA,BKK,NRT,1753,1,469,No
7,3,16,BA,CGK,SYD,3857,5,426,No
6,6,11,AA,CGK,ICN,3709,16,834,Yes
1,3,22,AA,BKK,NRT,4049,5,871,No
12,2,20,AA,KUL,SYD,1114,5,172,No
8,6,23,AA,CGK,NRT,3578,18,223,Yes
10,1,3,UA,KUL,NRT,3223,6,63,No
11,1,11,DL,CGK,SYD,3990,21,689,No
7,4,22,SW,KUL,SYD,4043,18,82,Yes
6,7,21,UA,CGK,SYD,5015,10,804,No
6,4,20,AA,KUL,NRT,2400,15,661,No
5,2,19,UA,SIN,ICN,4871,24,826,No
6,5,14,BA,KUL,PEK,6180,22,151,No
12,7,22,AA,SIN,PEK,7251,11,528,No
9,1,15,SW,SIN,NRT,7214,19,214,No
10,4,4,AA,BKK,NRT,6362,13,878,No
9,1,20,SW,SIN,ICN,2212,20,686,Yes
10,2,14,SW,HKG,SYD,6733,3,266,No
8,2,16,DL,SIN,NRT,2829,16,140,Yes
10,5,17,DL,KUL,DXB,4119,7,674,No
9,5,4,UA,SIN,SYD,1694,12,542,No
10,6,12,UA,KUL,NRT,7281,15,651,No
8,7,18,SW,KUL,DXB,5406,8,466,No
8,2,12,AA,HKG,ICN,1878,23,162,Yes
1,4,17,BA,SIN,DXB,7871,17,299,No
10,1,13,BA,SIN,NRT,1812,1,324,No
11,3,3,AA,CGK,PEK,3415,21,92,Yes
5,5,3,AA,CGK,NRT,7105,8,94,No
4,3,19,DL,BKK,PEK,1249,14,308,No
2,4,19,BA,KUL,ICN,5792,10,109,No
8,5,18,SW,HKG,ICN,800,19,339,Yes
3,3,12,UA,CGK,SYD,5195,8,813,No
4,7,11,DL,SIN,SYD,4482,19,211,No
12,4,6,BA,BKK,PEK,5124,4,718,No
7,1,11,AA,HKG,PEK,6783,10,610,No
10,7,20,BA,SIN,ICN,4337,23,760,No
9,4,3,SW,SIN,DXB,777,3,596,No
2,6,1,DL,KUL,PEK,5258,4,815,No
3,5,1,AA,KUL,PEK,3058,16,794,Yes
4,2,4,SW,CGK,DXB,5965,24,289,Yes
10,1,22,UA,CGK,SYD,4417,4,724,No
1,7,9,DL,SIN,SYD,7807,20,347,Yes
7,7,9,SW,SIN,PEK,2661,20,454,Yes
2,3,8,SW,CGK,SYD,5175,13,512,No
5,5,12,AA,CGK,SYD,6126,21,679,Yes
1,2,6,UA,SIN,SYD,1889,17,92,Yes
3,4,4,SW,HKG,ICN,1190,23,422,No
12,2,9,DL,SIN,NRT,5232,16,170,Yes
2,5,9,SW,HKG,PEK,3968,17,180,Yes
1,5,5,BA,HKG,PEK,2348,6,75,No
7,6,18,DL,SIN,ICN,6641,3,798,No
5,6,20,DL,BKK,NRT,5418,20,582,No
1,2,7,SW,CGK,NRT,6469,24,774,Yes
6,4,0,AA,KUL,ICN,5470,4,773,No
5,2,16,DL,SIN,DXB,4316,8,157,No
3,5,6,BA,HKG,DXB,1439,20,175,No
12,5,13,AA,SIN,NRT,6278,9,530,Yes
7,3,20,AA,CGK,DXB,5537,22,498,Yes
11,6,20,AA,HKG,DXB,3682,1,340,No
10,3,16,DL,KUL,DXB,6494,13,408,No
9,1,8,AA,KUL,NRT,7001,2,291,No
9,5,16,SW,KUL,DXB,3809,23,170,Yes
9,3,4,AA,BKK,PEK,2550,10,411,No
2,2,19,BA,HKG,NRT,2246,23,71,No
3,6,7,UA,HKG,ICN,2951,19,547,No
7,6,5,BA,BKK,DXB,524,17,592,Yes
5,4,10,DL,HKG,SYD,6462,24,698,No
2,2,18,AA,BKK,NRT,3056,13,344,No
3,4,3,AA,SIN,ICN,7339,14,692,No
10,3,17,SW,CGK,PEK,560,11,695,No
6,7,0,AA,KUL,ICN,622,10,604,No
7,1,12,BA,BKK,DXB,6116,7,451,No
9,2,13,DL,BKK,SYD,2602,10,229,No
1,2,23,UA,BKK,DXB,1686,24,136,No
11,2,0,AA,SIN,ICN,7617,1,356,No
7,4,10,UA,BKK,NRT,6318,14,389,No
8,3,16,AA,CGK,SYD,5658,3,122,Yes
12,2,3,DL,CGK,SYD,5702,13,329,Yes
3,7,11,BA,KUL,ICN,2230,2,275,No
4,2,9,DL,SIN,DXB,5141,17,249,No
10,6,5,UA,CGK,ICN,4589,21,134,Yes
6,1,0,AA,HKG,SYD,6756,3,745,No
10,6,6,UA,HKG,ICN,2972,15,569,No
7,6,20,BA,HKG,SYD,3465,8,638,Yes
4,1,15,DL,BKK,DXB,2777,6,152,No
8,7,23,UA,BKK,NRT,4587,9,112,Yes
5,3,13,UA,HKG,NRT,7950,11,555,No
1,6,22,BA,KUL,ICN,3464,22,153,No
4,3,19,AA,KUL,SYD,1810,2,684,No
3,6,19,UA,BKK,NRT,654,9,288,No
9,5,5,BA,HKG,SYD,2712,18,309,Yes
8,1,21,AA,KUL,DXB,7605,19,450,Yes
1,6,4,AA,BKK,ICN,3753,22,780,Yes
11,5,23,DL,HKG,SYD,1762,18,241,Yes
6,4,20,BA,SIN,ICN,7292,5,326,No
9,5,17,AA,HKG,SYD,1862,18,340,No
7,2,14,DL,HKG,SYD,1437,12,726,No
4,6,5,SW,CGK,DXB,1011,4,142,No
1,5,18,BA,CGK,ICN,5527,15,245,Yes
12,3,0,SW,SIN,PEK,6909,11,710,Yes
2,4,0,AA,SIN,SYD,686,19,626,No
12,7,12,BA,HKG,SYD,7707,5,590,No
5,6,2,DL,KUL,NRT,2345,6,407,No
12,2,9,AA,SIN,ICN,2202,13,482,No
11,7,20,BA,HKG,PEK,890,23,513,No
5,5,2,BA,BKK,DXB,5879,10,326,No
8,7,8,SW,CGK,PEK,1154,24,566,No
6,7,7,AA,KUL,DXB,6335,14,201,No
8,4,2,DL,HKG,PEK,4771,4,375,Yes
2,7,12,DL,BKK,PEK,3321,20,735,No
3,7,5,AA,CGK,ICN,1263,23,823,Yes
6,6,12,AA,BKK,NRT,3900,12,291,No
12,4,22,UA,HKG,PEK,5526,15,356,No
10,2,19,SW,SIN,SYD,5819,10,631,No
3,5,19,AA,CGK,SYD,5306,11,81,No
6,4,11,AA,BKK,SYD,3767,9,443,No
6,4,12,UA,SIN,NRT,7469,11,185,No
2,1,1,UA,KUL,PEK,7232,2,162,No
7,4,20,BA,HKG,DXB,7174,13,792,No
12,1,23,DL,HKG,DXB,1585,22,169,Yes
2,5,22,SW,CGK,ICN,5946,8,629,No
6,7,15,BA,BKK,NRT,2429,21,531,Yes
1,6,22,AA,KUL,PEK,4876,21,124,Yes
3,6,5,UA,CGK,SYD,2463,8,531,No
2,5,18,DL,CGK,NRT,2285,1,629,No
7,5,20,BA,BKK,NRT,2774,6,729,No
4,3,12,DL,KUL,PEK,3186,13,135,No
8,7,16,UA,BKK,ICN,5677,9,78,No
6,5,22,BA,HKG,ICN,3468,6,443,No
12,4,8,BA,SIN,ICN,5072,15,249,No
10,6,16,DL,HKG,SYD,1215,23,821,No
4,2,1,UA,HKG,SYD,742,16,419,Yes
5,6,18,AA,CGK,PEK,7010,4,511,No
9,1,18,BA,HKG,ICN,5531,17,138,No
7,6,23,AA,KUL,PEK,4415,9,655,No
10,3,6,UA,HKG,ICN,2023,12,231,No
9,7,21,BA,KUL,NRT,1337,22,271,No
7,5,9,BA,BKK,DXB,3823,19,504,Yes
12,7,9,AA,CGK,DXB,3453,20,208,Yes
1,5,19,SW,KUL,ICN,1845,12,69,No
12,6,8,AA,HKG,PEK,2923,22,601,Yes
8,2,16,AA,CGK,SYD,2528,6,851,Yes
4,2,14,SW,CGK,ICN,1932,12,114,No
3,3,1,UA,KUL,ICN,7354,9,698,No
7,1,3,UA,KUL,SYD,6986,20,239,Yes
12,6,18,BA,SIN,ICN,739,5,803,Yes
3,5,16,DL,SIN,NRT,638,21,440,No
8,6,4,DL,CGK,SYD,3693,3,481,Yes
6,3,6,BA,SIN,NRT,919,2,510,No
5,4,17,DL,HKG,DXB,6180,8,152,No
4,4,20,AA,BKK,SYD,803,10,579,No
8,3,21,AA,CGK,SYD,2662,15,472,No
8,5,6,SW,BKK,PEK,6986,9,818,Yes
12,7,16,SW,SIN,PEK,5870,10,453,No
1,3,6,BA,KUL,SYD,2526,11,390,Yes
9,5,3,BA,CGK,DXB,4602,9,767,No
5,2,7,BA,SIN,ICN,7374,14,492,No
4,3,12,AA,HKG,PEK,2726,5,222,No
6,5,3,DL,CGK,DXB,1668,9,99,No
6,3,5,BA,CGK,DXB,915,4,825,No
2,3,4,BA,KUL,PEK,3213,2,144,No
8,7,11,AA,CGK,ICN,5740,19,843,Yes
7,7,3,AA,KUL,PEK,5743,1,649,Yes
1,5,23,AA,SIN,DXB,649,21,784,No
5,5,8,DL,HKG,NRT,2944,1,875,No
12,1,3,BA,HKG,PEK,7024,12,826,Yes
6,3,18,UA,CGK,DXB,6399,11,150,No
4,4,23,UA,CGK,PEK,1338,1,543,No
2,3,13,BA,SIN,DXB,6644,14,444,No
4,3,4,BA,KUL,ICN,2196,11,252,No
1,5,17,BA,HKG,DXB,4839,7,312,Yes
7,3,9,BA,KUL,SYD,2410,2,849,Yes
2,6,18,DL,SIN,NRT,1921,15,714,No
2,3,11,UA,HKG,DXB,5870,8,303,No
9,6,17,SW,HKG,PEK,5474,22,783,No
5,7,16,UA,BKK,PEK,7966,20,766,No
2,4,23,UA,SIN,DXB,7403,15,329,No
11,5,10,AA,SIN,SYD,3501,8,78,No
9,3,2,BA,BKK,DXB,1820,10,99,Yes
9,6,22,BA,KUL,ICN,5572,19,669,No
1,6,16,BA,BKK,SYD,4535,3,575,No
11,7,0,AA,SIN,DXB,2023,20,92,Yes
3,6,14,DL,KUL,NRT,5734,14,870,No
4,2,8,DL,HKG,SYD,4378,9,736,No
7,1,14,SW,BKK,DXB,6644,9,509,No
10,4,23,DL,KUL,NRT,1052,21,598,No
4,7,2,DL,KUL,DXB,4256,6,744,No
2,7,21,BA,KUL,ICN,4171,8,684,No
7,3,18,UA,BKK,PEK,981,11,666,No
6,2,12,DL,HKG,DXB,1099,8,378,No
3,3,11,DL,KUL,SYD,7406,12,804,No
6,3,19,AA,BKK,DXB,6978,10,705,No
11,5,0,SW,SIN,DXB,7108,23,183,Yes
6,5,20,AA,BKK,DXB,1664,4,431,No
12,5,16,BA,BKK,DXB,5178,16,410,Yes
5,2,12,UA,BKK,SYD,4732,20,382,No
4,3,0,SW,KUL,SYD,1503,6,547,Yes
10,1,9,AA,BKK,DXB,2482,9,510,No
12,4,14,DL,SIN,PEK,2134,23,412,No
1,5,6,DL,KUL,DXB,3497,5,175,No
10,5,21,SW,SIN,SYD,1186,21,72,No
6,7,17,DL,CGK,ICN,6810,24,379,Yes
2,3,15,AA,BKK,DXB,3914,6,224,No
3,3,13,AA,KUL,DXB,6029,17,779,No
8,2,17,DL,KUL,DXB,6388,17,144,Yes
10,2,6,DL,BKK,DXB,5505,24,307,No
6,5,16,BA,HKG,NRT,2259,22,491,No
3,3,17,UA,HKG,DXB,6630,13,627,No
7,1,11,SW,SIN,SYD,7523,17,743,No
4,4,7,AA,BKK,SYD,5437,14,712,No
9,3,21,SW,BKK,NRT,6708,2,703,No
5,7,1,BA,CGK,DXB,6200,19,538,Yes
3,3,6,AA,HKG,PEK,7734,3,772,No
2,6,3,BA,HKG,DXB,2980,2,427,No
11,2,17,BA,BKK,SYD,7717,2,860,No
2,7,5,DL,SIN,ICN,1837,22,880,No
3,4,8,SW,BKK,ICN,7976,7,416,No
2,5,8,SW,SIN,PEK,614,4,467,No
4,7,13,DL,HKG,DXB,4457,17,404,No
2,3,7,SW,CGK,NRT,1068,6,238,No
10,5,18,DL,KUL,DXB,2053,7,484,No
9,3,2,AA,HKG,PEK,3189,20,600,No
2,5,17,BA,SIN,PEK,5090,6,502,No
9,4,4,BA,BKK,PEK,3840,9,878,No
6,2,13,SW,HKG,ICN,3488,20,365,No
1,4,3,UA,CGK,DXB,3651,4,426,Yes
4,6,6,BA,SIN,DXB,4027,5,95,Yes
1,1,19,DL,BKK,NRT,7966,19,522,Yes
6,2,11,UA,KUL,PEK,3515,10,680,No
4,4,1,UA,SIN,PEK,1321,18,887,Yes
3,6,10,BA,BKK,SYD,6845,15,205,No
3,1,13,BA,KUL,SYD,4074,1,847,No
9,6,21,BA,BKK,ICN,4287,5,205,No
6,3,22,DL,KUL,DXB,7292,5,439,No
9,3,15,UA,KUL,NRT,2108,8,227,No
5,5,19,SW,KUL,NRT,1059,22,828,Yes
2,2,5,DL,BKK,PEK,5637,22,334,Yes
8,3,22,AA,KUL,NRT,7121,22,146,Yes
5,7,3,BA,SIN,PEK,4563,20,213,Yes
2,6,14,UA,CGK,DXB,7131,15,556,No
4,2,23,DL,CGK,NRT,7626,17,856,No
9,7,0,AA,KUL,PEK,7422,19,374,Yes
4,3,6,DL,CGK,DXB,6065,13,890,No
12,5,11,DL,CGK,DXB,4935,22,669,Yes
12,4,9,SW,KUL,PEK,6150,21,782,Yes
12,5,4,SW,KUL,PEK,1111,10,619,Yes
4,7,11,DL,SIN,ICN,2663,17,889,No
2,1,17,AA,HKG,DXB,2381,5,333,No
12,3,9,UA,BKK,PEK,4669,18,765,No
6,7,5,UA,KUL,DXB,4363,17,823,Yes
11,1,11,BA,KUL,NRT,7936,4,854,No
2,1,6,BA,CGK,SYD,4208,22,321,Yes
12,6,17,UA,SIN,SYD,6759,7,546,No
7,2,1,DL,CGK,PEK,2209,5,513,Yes
3,6,9,DL,KUL,PEK,2261,8,502,No
3,3,14,SW,KUL,DXB,2192,8,321,No
5,1,11,SW,CGK,PEK,7831,11,602,No
3,7,16,BA,KUL,DXB,6630,9,164,No
2,4,3,UA,HKG,PEK,1745,19,409,No
10,1,6,DL,BKK,DXB,625,19,883,Yes
9,7,8,UA,BKK,PEK,5252,9,497,No
2,4,18,AA,BKK,ICN,1699,23,228,Yes
11,6,22,UA,HKG,DXB,6592,20,807,No
2,6,6,AA,KUL,ICN,3211,17,845,Yes
8,2,22,SW,CGK,ICN,3946,16,402,No
9,7,1,SW,SIN,ICN,1490,7,289,No
7,1,5,BA,KUL,ICN,3565,22,82,Yes
3,5,17,UA,HKG,NRT,5454,3,735,No
9,6,5,UA,HKG,SYD,2021,21,340,Yes
3,6,12,AA,BKK,NRT,6728,19,578,No
5,2,18,SW,KUL,PEK,6495,8,781,No
9,4,1,AA,BKK,PEK,6002,5,312,No
12,2,11,SW,SIN,SYD,5228,6,463,Yes
3,1,14,AA,BKK,SYD,6260,2,192,No
7,7,13,SW,SIN,SYD,6082,24,333,Yes
12,3,5,AA,HKG,ICN,2998,19,677,Yes
1,3,17,SW,BKK,NRT,3065,13,291,No
4,7,4,AA,BKK,PEK,7489,6,604,No
4,4,17,UA,CGK,NRT,5290,6,138,No
7,6,2,BA,HKG,NRT,3097,2,94,No
8,4,2,AA,CGK,NRT,5524,24,554,Yes
1,6,21,BA,SIN,SYD,615,5,169,No
5,6,21,UA,SIN,SYD,1531,11,380,No
7,3,9,UA,HKG,PEK,1741,11,634,No
12,4,18,SW,SIN,PEK,2242,24,387,No
4,2,2,BA,HKG,PEK,6209,14,868,No
4,6,11,DL,SIN,NRT,6499,13,749,No
4,5,15,SW,KUL,SYD,7047,8,443,No
12,5,16,BA,BKK,ICN,4138,15,423,No
6,2,6,AA,KUL,NRT,4899,12,291,No
7,5,12,AA,HKG,DXB,4590,3,675,No
2,1,23,UA,HKG,NRT,6086,21,473,No
5,6,1,DL,KUL,SYD,2475,23,353,No
4,2,3,AA,BKK,DXB,7383,5,606,No
3,4,9,BA,BKK,NRT,4683,6,765,No
7,6,6,BA,CGK,SYD,5629,2,233,Yes
11,2,23,AA,SIN,SYD,4903,8,451,No
12,3,16,BA,CGK,ICN,7077,5,161,Yes
6,4,19,BA,BKK,NRT,5397,22,895,No
7,3,5,UA,KUL,SYD,663,17,352,Yes
5,6,18,DL,SIN,PEK,3810,2,144,No
6,4,4,UA,KUL,SYD,3888,11,260,Yes
5,5,9,DL,CGK,ICN,1495,4,744,No
7,2,8,BA,HKG,SYD,7299,11,600,No
2,6,12,DL,KUL,NRT,5954,9,356,No
11,1,18,BA,CGK,NRT,6661,6,115,No
5,4,20,BA,CGK,DXB,5690,24,531,No
6,4,23,UA,CGK,NRT,5794,2,75,No
6,7,5,UA,HKG,DXB,2377,15,711,No
5,6,3,SW,HKG,PEK,2323,5,125,No
10,6,23,AA,HKG,ICN,5406,12,718,No
7,3,2,SW,SIN,PEK,6982,13,729,Yes
10,7,2,SW,HKG,DXB,2795,17,531,No
8,5,3,DL,HKG,SYD,3764,4,640,Yes
7,3,4,BA,HKG,SYD,1848,10,82,Yes
5,7,7,BA,KUL,PEK,6949,1,761,No
1,3,15,BA,HKG,SYD,2303,11,819,Yes
5,5,21,AA,SIN,DXB,2751,16,545,No
10,7,2,DL,CGK,ICN,3400,11,474,No
2,7,23,DL,KUL,NRT,7790,9,880,No
5,1,11,BA,BKK,DXB,2093,2,716,No
5,3,7,SW,HKG,DXB,7090,7,364,No
2,3,12,AA,CGK,NRT,7356,19,236,No
5,4,3,SW,CGK,NRT,932,18,254,Yes
4,5,13,UA,KUL,ICN,6243,20,72,No
1,2,13,DL,BKK,ICN,5747,7,225,No
3,1,12,DL,SIN,ICN,4317,23,209,No
1,7,5,SW,CGK,SYD,5417,9,400,Yes
12,7,16,AA,CGK,DXB,1570,12,616,Yes
11,7,3,DL,CGK,NRT,5100,3,233,No
5,1,7,SW,CGK,DXB,614,23,226,No
4,7,16,AA,KUL,DXB,1939,22,768,No
7,7,2,SW,BKK,ICN,2290,16,777,Yes
5,5,16,AA,CGK,ICN,1494,7,653,No
10,6,8,BA,SIN,DXB,4818,23,639,No
4,6,1,AA,SIN,ICN,5231,5,156,No
2,4,12,UA,HKG,SYD,6568,23,738,Yes
4,4,19,BA,CGK,NRT,5267,7,463,No
12,7,1,SW,CGK,DXB,1457,19,136,Yes
2,5,19,BA,CGK,NRT,5528,17,296,No
8,7,10,BA,CGK,SYD,595,16,767,Yes
3,4,21,SW,CGK,ICN,2654,21,350,No
9,1,14,SW,SIN,PEK,1131,24,195,Yes
4,1,10,UA,BKK,SYD,4184,21,879,Yes
6,2,22,SW,BKK,PEK,2201,19,867,No
10,6,2,DL,HKG,NRT,6545,18,426,No
5,5,2,DL,SIN,DXB,1197,19,607,Yes
10,3,11,UA,CGK,ICN,531,4,307,No
1,6,23,AA,BKK,SYD,6709,1,825,No
9,3,4,AA,KUL,ICN,5798,4,273,No
1,2,19,DL,KUL,PEK,5374,4,823,Yes
8,2,6,SW,KUL,PEK,6062,9,129,Yes
9,7,6,UA,CGK,DXB,5511,8,805,No
9,4,12,AA,CGK,PEK,1048,2,388,No
1,2,8,AA,HKG,DXB,2748,23,75,No
2,2,20,BA,HKG,SYD,2393,6,546,No
12,3,12,DL,HKG,DXB,6692,23,233,No
1,4,11,SW,KUL,PEK,3334,11,758,Yes
10,2,12,UA,CGK,NRT,7594,4,865,No
2,6,23,AA,KUL,DXB,2203,14,796,No
10,2,9,BA,HKG,ICN,6906,21,333,No
12,4,0,DL,CGK,NRT,1656,22,583,Yes
8,7,7,DL,SIN,DXB,6626,9,881,Yes
5,5,21,UA,BKK,ICN,6429,2,278,No
12,4,15,AA,BKK,NRT,843,1,572,Yes
11,3,12,UA,HKG,DXB,5795,4,458,No
7,5,2,UA,KUL,SYD,4572,12,170,No
2,6,2,BA,SIN,ICN,3962,5,523,Yes
8,1,23,DL,CGK,SYD,6654,9,848,No
11,4,4,SW,KUL,PEK,2748,22,700,Yes
6,7,10,DL,HKG,DXB,1444,4,152,No
8,3,6,DL,KUL,DXB,5521,16,510,Yes
1,6,20,BA,HKG,ICN,4380,2,455,No
1,5,23,SW,BKK,DXB,2550,16,610,Yes
12,6,9,AA,BKK,PEK,3785,16,538,No
7,4,9,SW,KUL,DXB,3355,21,375,Yes
8,2,19,AA,SIN,NRT,1830,24,730,Yes
3,7,1,SW,CGK,SYD,2503,24,757,Yes
5,4,2,UA,HKG,PEK,4115,22,412,Yes
12,1,7,SW,CGK,PEK,7203,11,827,No
1,4,10,BA,BKK,SYD,7994,1,298,Yes
7,5,12,AA,SIN,SYD,2287,15,163,No
5,5,6,DL,SIN,PEK,2746,24,88,No
8,4,12,BA,CGK,SYD,6535,4,148,Yes
8,5,1,AA,BKK,ICN,4172,18,434,Yes
9,2,5,AA,CGK,SYD,6752,17,456,No
7,6,8,DL,KUL,NRT,7958,7,622,No
11,4,19,UA,SIN,NRT,2655,18,423,No
1,7,1,BA,SIN,ICN,3979,13,206,No
3,2,17,DL,KUL,SYD,7195,20,373,No
8,6,15,DL,BKK,NRT,3520,20,607,Yes
3,7,11,UA,SIN,DXB,551,10,855,No
8,7,6,BA,HKG,SYD,2659,1,511,Yes
1,7,6,DL,HKG,ICN,4890,2,565,No
5,6,16,UA,BKK,SYD,4151,17,545,No
4,2,12,BA,KUL,PEK,7856,22,160,No
5,7,10,SW,CGK,PEK,4415,3,166,No
8,7,5,AA,BKK,NRT,2612,17,350,Yes
10,3,22,UA,CGK,PEK,3121,12,408,No
4,4,13,AA,BKK,ICN,5060,24,676,No
11,6,5,SW,HKG,NRT,6901,12,792,Yes
4,6,5,DL,KUL,ICN,6265,20,647,No
3,5,1,DL,HKG,ICN,7647,10,286,No
7,6,21,BA,KUL,PEK,5229,7,655,No
3,2,19,UA,CGK,PEK,1854,10,647,No
12,6,14,UA,BKK,ICN,6120,18,820,Yes
3,3,16,BA,SIN,PEK,4254,22,826,No
11,4,7,AA,SIN,PEK,709,6,109,No
10,4,4,DL,KUL,PEK,6732,7,781,No
5,6,16,DL,KUL,SYD,6671,17,217,Yes
5,7,19,UA,HKG,ICN,737,12,387,No
6,1,0,UA,SIN,DXB,835,17,804,No
8,1,21,BA,HKG,ICN,6706,18,136,No
10,7,17,SW,CGK,NRT,4338,14,794,No
6,7,14,AA,SIN,PEK,2076,11,692,No
12,7,4,SW,CGK,PEK,999,2,513,No
1,2,6,SW,BKK,DXB,2064,21,369,Yes
8,1,17,UA,HKG,NRT,1290,1,386,Yes
8,7,5,UA,KUL,SYD,4040,11,567,No
9,2,21,UA,SIN,ICN,7235,2,166,No
9,5,20,SW,HKG,SYD,3622,16,300,No
2,2,4,AA,KUL,NRT,1635,22,494,No
2,1,18,UA,BKK,DXB,4444,3,87,No
3,6,9,DL,SIN,NRT,2848,20,763,No
1,5,14,AA,CGK,DXB,7757,1,308,No
4,1,9,DL,BKK,SYD,4824,21,423,No
4,2,15,AA,KUL,SYD,649,20,784,Yes
9,3,11,UA,SIN,NRT,6374,8,592,No
9,4,17,BA,SIN,NRT,7805,19,531,No
9,1,22,UA,BKK,PEK,3706,1,726,No
10,7,0,SW,SIN,DXB,4028,5,598,No
7,2,15,SW,KUL,PEK,2124,1,648,Yes
2,7,21,AA,BKK,ICN,3074,11,877,No
10,7,5,SW,CGK,ICN,4928,21,472,Yes
5,7,2,UA,BKK,NRT,4769,9,628,No
4,7,1,DL,BKK,SYD,3784,5,690,Yes
12,7,1,UA,CGK,ICN,5962,2,224,No
11,5,12,AA,KUL,ICN,2608,13,635,No
8,1,8,SW,HKG,PEK,4447,18,107,No
2,1,15,DL,HKG,PEK,5680,12,721,No
6,4,4,BA,CGK,ICN,5414,14,543,No
5,2,22,DL,KUL,NRT,6297,5,217,No
12,3,20,DL,SIN,PEK,7167,24,727,Yes
2,5,6,UA,CGK,ICN,2763,10,210,No
11,2,12,BA,HKG,SYD,2112,20,284,No
10,5,19,AA,KUL,PEK,4315,2,319,No
1,1,23,AA,BKK,ICN,5219,4,446,No
8,7,12,DL,KUL,DXB,1077,12,315,No
2,4,6,DL,KUL,PEK,7337,11,120,No
7,4,9,SW,HKG,DXB,922,4,831,No
9,6,14,BA,HKG,PEK,3263,11,892,No
9,3,20,DL,SIN,PEK,5990,9,455,No
8,4,5,SW,SIN,DXB,1729,10,456,No
11,7,4,BA,CGK,NRT,7953,6,221,No
12,1,22,AA,BKK,ICN,3676,15,439,No
10,3,1,SW,SIN,NRT,1253,10,502,No
9,2,20,BA,HKG,NRT,5342,22,408,No
2,7,14,SW,KUL,ICN,1187,21,90,No
6,7,15,DL,CGK,SYD,1222,6,130,No
4,4,18,UA,SIN,NRT,6162,1,456,No
4,3,8,AA,KUL,NRT,1246,21,497,No
5,1,21,DL,KUL,NRT,4837,22,61,No
12,6,18,DL,SIN,SYD,3212,24,621,Yes
3,5,6,BA,BKK,PEK,1207,20,194,No
1,5,3,SW,BKK,DXB,934,21,205,Yes
8,1,2,AA,CGK,DXB,5376,4,238,Yes
5,1,23,DL,BKK,SYD,983,23,323,No
3,5,19,BA,CGK,NRT,4018,22,370,No
10,6,10,AA,HKG,DXB,7027,14,263,No
7,3,0,SW,SIN,SYD,2033,20,870,Yes
7,5,5,DL,KUL,ICN,669,22,758,Yes
1,1,10,DL,CGK,DXB,1520,20,89,No
12,4,0,DL,BKK,ICN,7593,8,118,Yes
9,2,20,AA,CGK,NRT,5464,11,68,No
2,6,6,AA,CGK,DXB,6966,15,383,Yes
5,7,5,AA,BKK,SYD,1347,19,226,Yes
5,6,13,AA,BKK,PEK,6093,8,396,No
8,4,1,BA,SIN,DXB,7899,13,438,Yes
8,4,3,UA,KUL,DXB,1195,18,850,Yes
7,7,10,BA,SIN,DXB,7002,22,762,No
7,1,14,DL,SIN,DXB,3846,24,301,Yes
12,5,17,BA,BKK,SYD,4513,17,849,Yes
11,3,0,SW,BKK,SYD,531,6,725,No
6,6,2,AA,KUL,PEK,676,15,219,Yes
6,7,2,SW,CGK,SYD,3464,13,836,Yes
11,6,6,SW,SIN,SYD,2612,18,294,Yes
9,4,0,DL,KUL,NRT,6670,11,512,No
6,5,10,AA,SIN,NRT,4386,13,258,No
12,6,5,SW,CGK,ICN,2002,1,536,Yes
2,3,19,DL,SIN,PEK,2815,18,92,No
2,4,2,AA,HKG,NRT,3144,5,467,Yes
5,3,18,UA,KUL,PEK,7655,6,148,No
4,5,1,DL,BKK,PEK,565,1,666,No
11,6,17,BA,SIN,DXB,4728,7,280,No
2,2,11,AA,KUL,PEK,2428,4,128,No
3,6,9,SW,KUL,DXB,5511,9,353,No
7,5,4,SW,SIN,ICN,6725,15,296,No
8,6,8,BA,BKK,ICN,6512,6,219,No
12,7,1,BA,BKK,ICN,6450,17,891,Yes
6,6,1,SW,SIN,DXB,7625,20,899,No
11,1,5,AA,KUL,DXB,5947,18,847,No
5,6,9,DL,BKK,ICN,7765,22,349,No
1,6,17,BA,SIN,DXB,1084,4,613,No
8,3,11,BA,SIN,SYD,6970,9,637,Yes
3,2,3,BA,SIN,SYD,7185,14,592,Yes
6,3,21,UA,KUL,DXB,5744,3,394,No
3,3,20,AA,BKK,DXB,6853,1,641,No
7,4,16,AA,KUL,NRT,2248,11,832,No
7,1,14,AA,HKG,NRT,6776,1,561,No
12,3,5,AA,BKK,PEK,2704,12,305,Yes
9,7,15,AA,KUL,PEK,4130,9,382,No
5,5,16,SW,BKK,PEK,2392,5,806,No
8,7,2,BA,HKG,ICN,7518,15,843,No
10,5,9,SW,CGK,SYD,2929,18,670,Yes
10,6,4,UA,SIN,ICN,3593,9,388,No
8,4,13,DL,KUL,DXB,1473,13,606,No
1,1,20,BA,HKG,NRT,4524,13,398,No
12,7,12,UA,HKG,DXB,3142,24,230,No
5,1,5,SW,BKK,DXB,1942,13,169,No
3,7,11,DL,BKK,NRT,7115,10,866,No
1,6,7,UA,SIN,DXB,4829,10,69,Yes
4,5,4,DL,BKK,PEK,7215,22,261,Yes
8,2,14,UA,KUL,NRT,1977,7,316,No
3,4,15,SW,KUL,DXB,6189,22,321,No
10,7,0,DL,KUL,PEK,1270,5,752,No
2,7,15,UA,CGK,PEK,7829,20,489,No
11,6,4,SW,KUL,SYD,6944,7,566,No
9,4,2,BA,BKK,PEK,805,20,125,No
10,5,19,SW,BKK,ICN,501,10,865,No
5,5,14,SW,KUL,NRT,770,10,732,No
7,7,12,BA,HKG,NRT,5016,21,638,Yes
11,2,23,SW,HKG,NRT,3714,24,671,No
11,2,15,BA,HKG,DXB,7343,13,648,No
2,1,22,BA,SIN,DXB,1363,15,94,No
9,4,10,BA,CGK,ICN,6472,6,616,No
9,4,20,UA,KUL,PEK,7603,20,721,No
4,5,1,DL,SIN,DXB,7637,12,550,No
4,1,21,UA,HKG,PEK,5605,19,639,No
6,6,5,BA,KUL,PEK,7522,11,313,No
10,4,5,DL,SIN,DXB,3239,6,76,Yes
10,1,13,DL,BKK,DXB,3414,1,320,No
10,1,10,BA,HKG,ICN,5656,2,784,No
6,7,7,DL,SIN,SYD,606,23,884,No
12,5,7,DL,BKK,NRT,7964,15,315,No
1,1,0,UA,HKG,DXB,6444,4,787,No
9,2,20,DL,CGK,DXB,3668,5,483,No
2,2,6,BA,HKG,PEK,6924,15,560,No
5,3,5,AA,CGK,SYD,5729,11,345,No
9,5,20,AA,CGK,DXB,5144,10,66,No
4,7,7,AA,CGK,SYD,3099,17,556,No
11,6,18,BA,KUL,NRT,6216,2,258,No
3,3,21,AA,KUL,PEK,6433,20,662,Yes
7,2,20,UA,CGK,ICN,2735,24,718,No
6,7,23,BA,BKK,NRT,3299,10,477,No
8,3,19,BA,CGK,SYD,7513,20,721,Yes
3,5,7,BA,SIN,SYD,2011,3,111,No
5,7,13,DL,CGK,NRT,5973,19,302,Yes
10,5,17,DL,KUL,SYD,518,5,278,No
4,1,15,DL,KUL,ICN,1358,3,577,No
4,4,8,SW,SIN,ICN,1916,8,168,No
4,1,14,UA,SIN,SYD,5880,5,410,No
10,5,9,BA,HKG,SYD,3532,12,125,No
8,7,21,BA,BKK,ICN,5005,14,69,Yes
6,2,15,DL,BKK,SYD,1926,7,261,No
3,6,3,BA,BKK,DXB,6289,11,853,No
10,2,19,BA,KUL,PEK,3031,8,273,No
5,7,12,AA,BKK,DXB,7971,5,127,No
6,1,21,BA,HKG,SYD,5219,8,818,No
5,6,4,SW,HKG,SYD,5251,12,386,No
6,7,21,DL,BKK,PEK,5363,15,109,No
8,5,6,UA,SIN,SYD,4538,19,76,Yes
7,2,22,UA,HKG,PEK,4613,16,582,Yes
5,5,8,AA,SIN,ICN,2731,14,880,No
10,6,7,UA,KUL,PEK,2952,7,365,No
6,6,15,UA,HKG,PEK,3346,8,451,No
4,2,5,DL,SIN,DXB,3702,7,183,No
12,5,15,DL,BKK,SYD,7122,18,563,No
9,3,5,SW,KUL,ICN,2316,24,284,No
4,5,13,AA,CGK,NRT,2280,6,815,No
1,6,20,UA,CGK,PEK,4603,19,377,Yes
7,5,0,SW,BKK,NRT,1204,4,532,Yes
7,7,8,AA,KUL,SYD,1841,23,600,Yes
4,1,23,UA,KUL,PEK,3962,3,417,No
3,3,12,UA,KUL,NRT,4090,17,542,Yes
8,4,18,DL,KUL,DXB,1659,22,488,No
5,7,16,BA,CGK,NRT,5126,19,856,No
10,1,10,AA,SIN,DXB,7556,15,556,No
7,4,7,UA,KUL,ICN,4222,6,531,No
4,2,22,AA,SIN,SYD,3938,12,630,No
4,4,4,SW,KUL,NRT,4060,19,714,Yes
8,7,9,SW,HKG,PEK,7332,6,897,No
8,5,6,BA,HKG,SYD,3582,11,359,No
2,7,9,UA,HKG,NRT,6617,20,797,No
2,4,3,DL,KUL,PEK,7196,20,735,Yes
3,6,8,UA,SIN,PEK,7089,10,143,No
12,1,13,AA,CGK,PEK,7781,16,436,No
12,1,1,SW,BKK,PEK,2215,18,372,Yes
3,4,8,AA,CGK,NRT,7349,14,688,No
1,1,20,BA,KUL,ICN,2743,4,379,Yes
3,6,0,SW,HKG,DXB,7503,12,263,No
6,7,22,DL,HKG,DXB,2260,20,414,No
8,1,9,SW,SIN,DXB,5942,23,353,No
12,4,9,UA,KUL,ICN,4507,21,563,Yes
10,3,19,UA,CGK,PEK,2296,8,204,No
6,3,21,SW,KUL,PEK,3175,7,598,No
5,2,2,BA,KUL,SYD,7624,9,76,No
4,1,5,UA,HKG,DXB,6281,24,634,Yes
3,7,5,UA,CGK,DXB,7273,17,838,Yes
4,4,20,DL,BKK,PEK,3736,10,635,No
7,1,1,SW,HKG,DXB,7919,3,98,Yes
1,5,17,UA,CGK,PEK,6398,21,189,Yes
7,6,22,BA,SIN,PEK,543,8,174,Yes
1,1,1,AA,HKG,PEK,988,14,509,Yes
2,1,11,SW,SIN,NRT,4776,7,104,No
4,3,21,DL,HKG,NRT,3648,16,275,No
1,6,4,UA,KUL,NRT,7017,18,659,Yes
11,4,19,BA,CGK,NRT,5223,11,474,No
12,1,6,SW,SIN,ICN,1456,6,748,Yes
11,3,23,BA,HKG,SYD,2614,20,324,No
11,2,15,BA,SIN,SYD,6144,21,499,No
9,6,19,DL,HKG,PEK,1615,14,676,No
12,3,0,SW,HKG,DXB,2281,21,440,Yes
6,3,0,UA,BKK,NRT,3326,13,360,No
1,7,16,DL,BKK,SYD,1150,4,230,No
1,3,0,UA,BKK,SYD,2376,20,679,Yes
6,7,20,AA,SIN,NRT,5863,20,465,Yes
4,1,19,BA,KUL,ICN,840,11,414,No
4,1,12,AA,HKG,ICN,3450,18,220,No
11,2,8,BA,CGK,SYD,6404,1,854,No
6,5,14,DL,BKK,ICN,3875,12,611,No
12,5,2,UA,SIN,NRT,2945,18,85,Yes
11,5,13,UA,SIN,SYD,3250,7,142,No
7,7,22,DL,SIN,NRT,2644,12,232,No
9,6,10,SW,CGK,ICN,1854,1,744,No
10,6,23,AA,CGK,NRT,3776,22,853,No
5,2,21,AA,BKK,ICN,948,4,129,No
9,6,11,UA,CGK,ICN,6037,18,894,No
4,5,12,UA,BKK,NRT,4672,15,65,No
10,5,12,UA,CGK,ICN,5491,3,855,No
2,3,0,DL,CGK,PEK,5144,7,254,No
3,6,23,SW,CGK,NRT,1297,6,584,No
11,1,9,AA,BKK,PEK,3996,15,122,No
1,1,2,BA,HKG,NRT,6048,15,72,No
6,3,23,DL,BKK,ICN,6104,6,820,No
6,3,3,AA,HKG,ICN,5410,8,264,No
1,3,15,SW,SIN,SYD,7665,8,824,Yes
11,1,7,DL,SIN,SYD,2682,22,99,No
3,5,15,AA,BKK,PEK,7297,1,224,No
5,3,16,DL,HKG,ICN,7921,13,90,No
3,2,18,AA,HKG,SYD,6179,23,588,No
10,7,21,AA,HKG,ICN,3826,24,708,No
3,3,14,SW,SIN,NRT,1145,21,891,No
10,7,15,BA,BKK,SYD,6421,13,884,No
3,4,14,SW,KUL,PEK,1219,11,736,No
5,3,1,AA,HKG,SYD,2022,4,457,No
5,1,10,DL,HKG,ICN,7256,7,518,No
4,6,0,SW,KUL,DXB,7127,12,852,No
1,3,14,BA,BKK,DXB,1569,13,282,No
5,6,18,AA,HKG,ICN,6062,22,693,No
10,4,3,SW,BKK,NRT,5243,12,137,No
5,2,10,SW,HKG,SYD,5387,16,884,Yes
4,6,4,SW,CGK,DXB,5174,6,898,No
6,7,2,SW,HKG,NRT,3575,14,659,Yes
10,5,12,DL,CGK,ICN,4307,19,684,No
4,3,9,BA,BKK,NRT,6644,16,671,No
7,4,10,BA,HKG,ICN,3861,4,874,No
7,4,17,AA,SIN,SYD,2656,5,487,No
2,6,1,UA,SIN,NRT,5055,9,484,No
3,2,6,DL,KUL,SYD,2813,24,446,Yes
1,1,8,AA,SIN,NRT,5757,3,298,No
8,3,9,AA,CGK,ICN,4005,22,682,Yes
9,4,17,SW,SIN,ICN,4639,10,149,No
4,2,22,UA,SIN,NRT,7529,17,444,No
6,5,6,UA,SIN,ICN,6129,19,198,No
9,4,6,DL,HKG,PEK,7587,10,706,No
6,2,2,UA,KUL,PEK,5578,12,583,Yes
